18:07:53.841 [main                     ] DEBUG Logger               - Configured Logger
18:07:53.846 [main                     ] DEBUG GameApplication      - Logging settings
Title: OOP Bullet Credits
Version: 1.0
Width: 1280
Height: 720
Fullscreen: true
Intro: false
Profiling: false
Single step:false
App Mode: DEVELOPER
Menu Key: ESCAPE
Stage Style: DECORATED
Scene Factory: class com.almasb.fxgl.app.scene.SceneFactory

18:07:54.199 [JavaFX Application Thread] DEBUG FXGLApplication      - Initializing FXGL
18:07:54.202 [JavaFX Application Thread] INFO  Engine               - FXGL-25 (05.02.2026 22.57) on WINDOWS (J:25.0.3 FX:25.0.1)
18:07:54.203 [JavaFX Application Thread] DEBUG Engine               - JRE Vendor Name: Oracle Corporation
18:07:54.203 [JavaFX Application Thread] DEBUG Engine               - Running on OS: Windows 10 version 10.0
18:07:54.203 [JavaFX Application Thread] DEBUG Engine               - Architecture: amd64
18:07:54.203 [JavaFX Application Thread] INFO  Engine               - Source code and latest versions at: https://github.com/AlmasB/FXGL
18:07:54.203 [JavaFX Application Thread] INFO  Engine               -       Ask questions and discuss at: https://github.com/AlmasB/FXGL/discussions
18:07:54.303 [JavaFX Application Thread] DEBUG PrimaryStageWindow   - Creating a JavaFX scene
18:07:54.360 [JavaFX Application Thread] DEBUG PrimaryStageWindow   - Target settings size: 1280.0 x 720.0
18:07:54.360 [JavaFX Application Thread] DEBUG PrimaryStageWindow   - Scaled scene size:    1280.0 x 720.0
18:07:54.360 [JavaFX Application Thread] DEBUG PrimaryStageWindow   - Scaled ratio: (1.0, 1.0)
18:07:54.361 [JavaFX Application Thread] DEBUG PrimaryStageWindow   - Set initial scene to FXGLStartupScene
18:07:54.366 [JavaFX Application Thread] DEBUG PrimaryStageWindow   - Opening main window
18:07:54.701 [JavaFX Application Thread] DEBUG PrimaryStageWindow   - Window border size: (14.6666259765625, 38.0)
18:07:54.701 [JavaFX Application Thread] DEBUG PrimaryStageWindow   - Scaled size: 1280.0 x 720.0
18:07:54.701 [JavaFX Application Thread] DEBUG PrimaryStageWindow   - Scaled ratio: (1.0, 1.0)
18:07:54.701 [JavaFX Application Thread] DEBUG PrimaryStageWindow   - Scene size: 1280.0 x 720.0
18:07:54.701 [JavaFX Application Thread] DEBUG PrimaryStageWindow   - Stage size: 1294.6666259765625 x 758.0
18:07:54.799 [JavaFX Application Thread] DEBUG PrimaryStageWindow   - Going fullscreen
18:07:54.810 [FXGL Background Thread 1 ] DEBUG Engine               - Initializing environment variables
18:07:54.858 [FXGL Background Thread 1 ] DEBUG FXGLAssetLoaderServi - User app class for loading assets: class ph.edu.dlsu.lbycpob.lbycpobbulletcredits.Main
18:07:54.859 [FXGL Background Thread 1 ] DEBUG GameApplicationServi - Applying CSS: fxgl_dark.css
18:07:54.859 [FXGL Background Thread 1 ] DEBUG FXGLAssetLoaderServi - Loading from file system: jar:file:/C:/Users/ECE/.m2/repository/com/github/almasb/fxgl/25/fxgl-25.jar!/fxglassets/ui/css/fxgl_dark.css
18:07:54.904 [FXGL Background Thread 1 ] DEBUG GameApplicationServi - Initializing application scenes
18:07:54.950 [FXGL Background Thread 1 ] DEBUG GameWorld            - Game world initialized
18:07:55.000 [FXGL Background Thread 1 ] DEBUG PhysicsWorld         - Physics world initialized: appHeight=720, physics.ppm=50.0
18:07:55.001 [FXGL Background Thread 1 ] DEBUG PhysicsWorld         - Using strategy: BRUTE_FORCE
18:07:55.008 [FXGL Background Thread 1 ] DEBUG GameScene            - Game scene initialized: 1280x720
18:07:55.021 [FXGL Background Thread 1 ] DEBUG FXGL.DefaultMenu     - createMenuBodyGameMenu()
18:07:55.036 [FXGL Background Thread 1 ] DEBUG FXGL.DefaultMenu     - createOptionsMenu()
18:07:55.047 [FXGL Background Thread 1 ] DEBUG FXGLAssetLoaderServi - Loading from file system: jar:file:/C:/Users/ECE/.m2/repository/com/github/almasb/fxgl/25/fxgl-25.jar!/fxglassets/textures/particles/smoke.png
18:07:55.123 [FXGL Background Thread 1 ] DEBUG FXGLAssetLoaderServi - Loading from file system: jar:file:/C:/Users/ECE/.m2/repository/com/github/almasb/fxgl/25/fxgl-25.jar!/fxglassets/textures/particles/trace_horizontal.png
18:07:55.150 [FXGL Background Thread 1 ] DEBUG GameApplicationServi - Application scenes initialized
18:07:55.161 [FXGL Background Thread 1 ] DEBUG SystemBundleService  - Loading FXGL system data
18:07:55.162 [FXGL Background Thread 1 ] DEBUG FileSystemAccess     - Reading from: C:\Users\ECE\IdeaProjects\LBYCPOBBulletCredits\system\fxgl.bundle
18:07:55.164 [FXGL Background Thread 1 ] DEBUG SystemBundleService  - Bundle FXGL: {}
18:07:55.164 [FXGL Background Thread 1 ] DEBUG UpdaterService       - Checking for updates
18:07:55.167 [FXGL Background Thread 4 ] DEBUG FXGLApplication      - Loading fonts
18:07:55.168 [FXGL Background Thread 4 ] DEBUG FXGLAssetLoaderServi - Loading from file system: jar:file:/C:/Users/ECE/.m2/repository/com/github/almasb/fxgl/25/fxgl-25.jar!/fxglassets/ui/fonts/VarelaRound-Regular.ttf
18:07:55.168 [FXGL Background Thread 1 ] DEBUG FXGLApplication      - Loading default localization
18:07:55.168 [FXGL Background Thread 1 ] DEBUG FXGLAssetLoaderServi - Loading from file system: jar:file:/C:/Users/ECE/.m2/repository/com/github/almasb/fxgl/25/fxgl-25.jar!/fxglassets/languages/english.lang
18:07:55.174 [FXGL Background Thread 4 ] DEBUG FXGLAssetLoaderServi - Loading from file system: jar:file:/C:/Users/ECE/.m2/repository/com/github/almasb/fxgl/25/fxgl-25.jar!/fxglassets/ui/fonts/Abel-Regular.ttf
18:07:55.177 [FXGL Background Thread 4 ] DEBUG FXGLAssetLoaderServi - Loading from file system: jar:file:/C:/Users/ECE/.m2/repository/com/github/almasb/fxgl/25/fxgl-25.jar!/fxglassets/ui/fonts/TerminalLandMono-Regular.otf
18:07:55.179 [FXGL Background Thread 1 ] INFO  FXGLApplication      - FXGL initialization took: 0.369 sec
18:07:55.182 [FXGL Background Thread 4 ] DEBUG FXGLAssetLoaderServi - Loading from file system: jar:file:/C:/Users/ECE/.m2/repository/com/github/almasb/fxgl/25/fxgl-25.jar!/fxglassets/ui/fonts/Courier-Prime.ttf
18:07:55.201 [JavaFX Application Thread] DEBUG Input                - Registered new binding: Direction W - W
18:07:55.201 [JavaFX Application Thread] DEBUG Input                - Registered new binding: Direction UP - Up
18:07:55.202 [JavaFX Application Thread] DEBUG Input                - Registered new binding: Direction S - S
18:07:55.202 [JavaFX Application Thread] DEBUG Input                - Registered new binding: Direction DOWN - Down
18:07:55.202 [JavaFX Application Thread] DEBUG Input                - Registered new binding: Direction A - A
18:07:55.202 [JavaFX Application Thread] DEBUG Input                - Registered new binding: Direction LEFT - Left
18:07:55.203 [JavaFX Application Thread] DEBUG Input                - Registered new binding: Direction D - D
18:07:55.203 [JavaFX Application Thread] DEBUG Input                - Registered new binding: Direction RIGHT - Right
18:07:55.203 [JavaFX Application Thread] DEBUG Input                - Registered new binding: Start Game - Enter
18:07:55.203 [JavaFX Application Thread] DEBUG Input                - Registered new binding: Pause - P
18:07:55.203 [JavaFX Application Thread] DEBUG Input                - Registered new binding: Retry - R
18:07:55.203 [JavaFX Application Thread] DEBUG Input                - Registered new binding: Exit Game - Esc
18:07:55.204 [JavaFX Application Thread] DEBUG FXGLAssetLoaderServi - Loading from file system: jar:file:/C:/Users/ECE/.m2/repository/com/github/almasb/fxgl/25/fxgl-25.jar!/fxglassets/textures/fxgl_icon.png
18:07:55.216 [JavaFX Application Thread] DEBUG FXGLAssetLoaderServi - Loading from file system: jar:file:/C:/Users/ECE/.m2/repository/com/github/almasb/fxgl/25/fxgl-25.jar!/fxglassets/textures/fxgl_default_cursor.png
18:07:55.219 [JavaFX Application Thread] DEBUG Input                - Registered new binding: Screenshot - CTRL+8
18:07:55.220 [JavaFX Application Thread] DEBUG Input                - Registered new binding: System info dump - CTRL+9
18:07:55.220 [JavaFX Application Thread] DEBUG Input                - Registered new binding: Restart - CTRL+R
18:07:55.221 [JavaFX Application Thread] DEBUG Input                - Registered new binding: Toggle Debug Camera - CTRL+7
18:07:55.224 [JavaFX Application Thread] DEBUG LoopRunner           - Starting loop
18:07:55.224 [JavaFX Application Thread] DEBUG LoopRunner           - Initializing JavaFX AnimationTimerLoop
18:07:55.226 [JavaFX Application Thread] DEBUG GameApplicationServi - Starting new game
18:07:55.227 [JavaFX Application Thread] DEBUG Input                - Clearing active input actions
18:07:55.238 [JavaFX Application Thread] DEBUG GameApplicationServi - Removing overlay from FXGLStartupScene and adding to FXGLLoadingScene
18:07:55.239 [JavaFX Application Thread] DEBUG PrimaryStageWindow   - FXGLStartupScene -> FXGLLoadingScene
18:07:55.239 [JavaFX Application Thread] DEBUG GameApplicationServi - Clearing previous game
18:07:55.239 [JavaFX Application Thread] DEBUG GameScene            - Clearing game scene
18:07:55.239 [JavaFX Application Thread] DEBUG GameWorld            - Clearing game world
18:07:55.239 [JavaFX Application Thread] DEBUG PhysicsWorld         - Clearing physics world
18:07:55.241 [FXGL Background Thread 4 ] DEBUG FXGLApplication      - Initializing game
18:07:55.241 [JavaFX Application Thread] DEBUG FXGLApplication      - Registering font factories with UI factory
18:07:55.321 [FXGL Background Thread 4 ] INFO  FXGLApplication      - Game initialization took: 0.080 sec
18:07:55.364 [JavaFX Application Thread] DEBUG Input                - Clearing active input actions
18:07:55.373 [JavaFX Application Thread] DEBUG GameApplicationServi - Removing overlay from FXGLLoadingScene and adding to GameScene
18:07:55.374 [JavaFX Application Thread] DEBUG PrimaryStageWindow   - FXGLLoadingScene -> GameScene
18:07:57.707 [JavaFX Application Thread] DEBUG FXGLAssetLoaderServi - Loading from file system: file:/C:/Users/ECE/IdeaProjects/LBYCPOBBulletCredits/target/classes/assets/music/battle-theme.mp3
18:07:57.792 [JavaFX Application Thread] DEBUG AudioPlayer          - Playing music com.almasb.fxgl.audio.Music@6da3dd39
18:07:57.797 [JavaFX Application Thread] DEBUG FXGLAssetLoaderServi - Loading from file system: file:/C:/Users/ECE/IdeaProjects/LBYCPOBBulletCredits/target/classes/assets/music/shoot_loop.mp3
18:07:57.988 [JavaFX Application Thread] DEBUG AudioPlayer          - Playing music com.almasb.fxgl.audio.Music@784cbb08
18:07:58.167 [FXGL Background Thread 3 ] DEBUG Engine               - Logging environment variables
18:07:58.167 [FXGL Background Thread 3 ] DEBUG Engine               - achievements: []
18:07:58.167 [FXGL Background Thread 3 ] DEBUG Engine               - actualHeight: 960.0
18:07:58.167 [FXGL Background Thread 3 ] DEBUG Engine               - actualHeightProperty: ReadOnlyDoubleProperty [value: 960.0]
18:07:58.167 [FXGL Background Thread 3 ] DEBUG Engine               - actualWidth: 1706.6666259765625
18:07:58.167 [FXGL Background Thread 3 ] DEBUG Engine               - actualWidthProperty: ReadOnlyDoubleProperty [value: 1706.6666259765625]
18:07:58.167 [FXGL Background Thread 3 ] DEBUG Engine               - appIcon: fxgl_icon.png
18:07:58.167 [FXGL Background Thread 3 ] DEBUG Engine               - applicationMode: DEVELOPER
18:07:58.168 [FXGL Background Thread 3 ] DEBUG Engine               - cSSList: [fxgl_dark.css]
18:07:58.168 [FXGL Background Thread 3 ] DEBUG Engine               - collisionDetectionStrategy: BRUTE_FORCE
18:07:58.168 [FXGL Background Thread 3 ] DEBUG Engine               - configClass: Optional.empty
18:07:58.168 [FXGL Background Thread 3 ] DEBUG Engine               - credits: []
18:07:58.168 [FXGL Background Thread 3 ] DEBUG Engine               - defaultCursor: CursorInfo(imageName=fxgl_default_cursor.png, hotspotX=7.0, hotspotY=6.0)
18:07:58.168 [FXGL Background Thread 3 ] DEBUG Engine               - devBBoxColorProperty: ObjectProperty [value: 0xff0000ff]
18:07:58.168 [FXGL Background Thread 3 ] DEBUG Engine               - devEnableDebugCameraProperty: BooleanProperty [value: false]
18:07:58.168 [FXGL Background Thread 3 ] DEBUG Engine               - devSensorColorProperty: ObjectProperty [value: 0xffff00ff]
18:07:58.168 [FXGL Background Thread 3 ] DEBUG Engine               - devShowBBoxProperty: BooleanProperty [value: false]
18:07:58.168 [FXGL Background Thread 3 ] DEBUG Engine               - devShowPositionProperty: BooleanProperty [value: false]
18:07:58.168 [FXGL Background Thread 3 ] DEBUG Engine               - enabledMenuItems: []
18:07:58.168 [FXGL Background Thread 3 ] DEBUG Engine               - engineServices: [class com.almasb.fxgl.app.services.FXGLAssetLoaderService, class com.almasb.fxgl.app.FXGLApplication$GameApplicationService, class com.almasb.fxgl.app.services.FXGLDialogService, class com.almasb.fxgl.app.services.IOTaskExecutorService, class com.almasb.fxgl.io.FileSystemService, class com.almasb.fxgl.localization.LocalizationService, class com.almasb.fxgl.app.services.SystemBundleService, class com.almasb.fxgl.profile.SaveLoadService, class com.almasb.fxgl.ui.FXGLUIFactoryServiceProvider, class com.almasb.fxgl.ui.FXGLDialogFactoryServiceProvider, class com.almasb.fxgl.audio.AudioPlayer, class com.almasb.fxgl.notification.impl.NotificationServiceProvider, class com.almasb.fxgl.achievement.AchievementService, class com.almasb.fxgl.cutscene.CutsceneService, class com.almasb.fxgl.minigames.MiniGameService, class com.almasb.fxgl.net.NetService, class com.almasb.fxgl.app.services.UpdaterService, class com.almasb.fxgl.dev.DevService]
18:07:58.168 [FXGL Background Thread 3 ] DEBUG Engine               - fontGame: Abel-Regular.ttf
18:07:58.168 [FXGL Background Thread 3 ] DEBUG Engine               - fontMono: TerminalLandMono-Regular.otf
18:07:58.168 [FXGL Background Thread 3 ] DEBUG Engine               - fontSizeScaleUI: 1.0
18:07:58.168 [FXGL Background Thread 3 ] DEBUG Engine               - fontText: Courier-Prime.ttf
18:07:58.169 [FXGL Background Thread 3 ] DEBUG Engine               - fontUI: VarelaRound-Regular.ttf
18:07:58.169 [FXGL Background Thread 3 ] DEBUG Engine               - fpsRefreshRate: 500.0 ms
18:07:58.169 [FXGL Background Thread 3 ] DEBUG Engine               - fullScreen: BooleanProperty [value: true]
18:07:58.169 [FXGL Background Thread 3 ] DEBUG Engine               - gameDifficulty: MEDIUM
18:07:58.169 [FXGL Background Thread 3 ] DEBUG Engine               - gameDifficultyProperty: ObjectProperty [value: MEDIUM]
18:07:58.169 [FXGL Background Thread 3 ] DEBUG Engine               - globalMusicVolume: 0.5
18:07:58.169 [FXGL Background Thread 3 ] DEBUG Engine               - globalMusicVolumeProperty: DoubleProperty [value: 0.5]
18:07:58.169 [FXGL Background Thread 3 ] DEBUG Engine               - globalSoundVolume: 0.5
18:07:58.169 [FXGL Background Thread 3 ] DEBUG Engine               - globalSoundVolumeProperty: DoubleProperty [value: 0.5]
18:07:58.169 [FXGL Background Thread 3 ] DEBUG Engine               - height: 720
18:07:58.169 [FXGL Background Thread 3 ] DEBUG Engine               - is3D: false
18:07:58.169 [FXGL Background Thread 3 ] DEBUG Engine               - isAndroid: false
18:07:58.169 [FXGL Background Thread 3 ] DEBUG Engine               - isBrowser: false
18:07:58.169 [FXGL Background Thread 3 ] DEBUG Engine               - isClickFeedbackEnabled: false
18:07:58.169 [FXGL Background Thread 3 ] DEBUG Engine               - isCloseConfirmation: false
18:07:58.169 [FXGL Background Thread 3 ] DEBUG Engine               - isDesktop: true
18:07:58.169 [FXGL Background Thread 3 ] DEBUG Engine               - isDeveloperMenuEnabled: false
18:07:58.169 [FXGL Background Thread 3 ] DEBUG Engine               - isEmbedded: false
18:07:58.169 [FXGL Background Thread 3 ] DEBUG Engine               - isEntityPreloadEnabled: true
18:07:58.169 [FXGL Background Thread 3 ] DEBUG Engine               - isExperimentalTiledLargeMap: false
18:07:58.170 [FXGL Background Thread 3 ] DEBUG Engine               - isFileSystemWriteAllowed: true
18:07:58.170 [FXGL Background Thread 3 ] DEBUG Engine               - isFullScreenAllowed: true
18:07:58.170 [FXGL Background Thread 3 ] DEBUG Engine               - isFullScreenFromStart: true
18:07:58.170 [FXGL Background Thread 3 ] DEBUG Engine               - isGameMenuEnabled: true
18:07:58.170 [FXGL Background Thread 3 ] DEBUG Engine               - isIOS: false
18:07:58.170 [FXGL Background Thread 3 ] DEBUG Engine               - isIntroEnabled: false
18:07:58.170 [FXGL Background Thread 3 ] DEBUG Engine               - isLinux: false
18:07:58.170 [FXGL Background Thread 3 ] DEBUG Engine               - isMac: false
18:07:58.170 [FXGL Background Thread 3 ] DEBUG Engine               - isMainMenuEnabled: false
18:07:58.170 [FXGL Background Thread 3 ] DEBUG Engine               - isManualResizeEnabled: false
18:07:58.170 [FXGL Background Thread 3 ] DEBUG Engine               - isMobile: false
18:07:58.170 [FXGL Background Thread 3 ] DEBUG Engine               - isNative: false
18:07:58.170 [FXGL Background Thread 3 ] DEBUG Engine               - isPauseMusicWhenMinimized: true
18:07:58.170 [FXGL Background Thread 3 ] DEBUG Engine               - isPreserveResizeRatio: false
18:07:58.170 [FXGL Background Thread 3 ] DEBUG Engine               - isProfilingEnabled: false
18:07:58.170 [FXGL Background Thread 3 ] DEBUG Engine               - isScaleAffectedOnResize: true
18:07:58.170 [FXGL Background Thread 3 ] DEBUG Engine               - isSingleStep: false
18:07:58.170 [FXGL Background Thread 3 ] DEBUG Engine               - isUserProfileEnabled: false
18:07:58.170 [FXGL Background Thread 3 ] DEBUG Engine               - isWindows: true
18:07:58.170 [FXGL Background Thread 3 ] DEBUG Engine               - language: ObjectProperty [value: ENGLISH]
18:07:58.170 [FXGL Background Thread 3 ] DEBUG Engine               - menuKey: ESCAPE
18:07:58.170 [FXGL Background Thread 3 ] DEBUG Engine               - mouseSensitivity: 0.2
18:07:58.170 [FXGL Background Thread 3 ] DEBUG Engine               - notificationViewClass: class com.almasb.fxgl.notification.view.XboxNotificationView
18:07:58.170 [FXGL Background Thread 3 ] DEBUG Engine               - pixelsPerMeter: 50.0
18:07:58.170 [FXGL Background Thread 3 ] DEBUG Engine               - platform: WINDOWS
18:07:58.170 [FXGL Background Thread 3 ] DEBUG Engine               - prefHeightProperty: ReadOnlyDoubleProperty [value: 720.0]
18:07:58.170 [FXGL Background Thread 3 ] DEBUG Engine               - prefWidthProperty: ReadOnlyDoubleProperty [value: 1280.0]
18:07:58.170 [FXGL Background Thread 3 ] DEBUG Engine               - profileDir: profiles/
18:07:58.170 [FXGL Background Thread 3 ] DEBUG Engine               - profileName: StringProperty [value: DEFAULT]
18:07:58.171 [FXGL Background Thread 3 ] DEBUG Engine               - randomSeed: -1
18:07:58.171 [FXGL Background Thread 3 ] DEBUG Engine               - runtimeInfo: RuntimeInfo(platform=WINDOWS, version=25, build=05.02.2026 22.57)
18:07:58.171 [FXGL Background Thread 3 ] DEBUG Engine               - saveFileExt: sav
18:07:58.171 [FXGL Background Thread 3 ] DEBUG Engine               - scaledHeightProp$fxgl: DoubleProperty [bound, value: 960.0]
18:07:58.171 [FXGL Background Thread 3 ] DEBUG Engine               - scaledWidthProp$fxgl: DoubleProperty [bound, value: 1706.6666259765625]
18:07:58.171 [FXGL Background Thread 3 ] DEBUG Engine               - sceneFactory: com.almasb.fxgl.app.scene.SceneFactory@3c0fae70
18:07:58.171 [FXGL Background Thread 3 ] DEBUG Engine               - secondsIn24h: 60
18:07:58.171 [FXGL Background Thread 3 ] DEBUG Engine               - soundMenuBack: menu/back.wav
18:07:58.171 [FXGL Background Thread 3 ] DEBUG Engine               - soundMenuPress: menu/press.wav
18:07:58.171 [FXGL Background Thread 3 ] DEBUG Engine               - soundMenuSelect: menu/select.wav
18:07:58.171 [FXGL Background Thread 3 ] DEBUG Engine               - soundNotification: core/notification.wav
18:07:58.171 [FXGL Background Thread 3 ] DEBUG Engine               - stageStyle: DECORATED
18:07:58.171 [FXGL Background Thread 3 ] DEBUG Engine               - supportedLanguages: [ENGLISH, FRENCH, GERMAN, HUNGARIAN, RUSSIAN]
18:07:58.171 [FXGL Background Thread 3 ] DEBUG Engine               - ticksPerSecond: -1
18:07:58.171 [FXGL Background Thread 3 ] DEBUG Engine               - title: OOP Bullet Credits
18:07:58.171 [FXGL Background Thread 3 ] DEBUG Engine               - urlGithub: https://github.com/AlmasB/FXGL
18:07:58.171 [FXGL Background Thread 3 ] DEBUG Engine               - urlLeaderboard: http://fxgl-top.herokuapp.com/
18:07:58.171 [FXGL Background Thread 3 ] DEBUG Engine               - urlPOM: https://raw.githubusercontent.com/AlmasB/FXGL/release/README.md
18:07:58.171 [FXGL Background Thread 3 ] DEBUG Engine               - userAppClass: class ph.edu.dlsu.lbycpob.lbycpobbulletcredits.Main
18:07:58.171 [FXGL Background Thread 3 ] DEBUG Engine               - version: 1.0
18:07:58.171 [FXGL Background Thread 3 ] DEBUG Engine               - versionCheckDays: 7
18:07:58.171 [FXGL Background Thread 3 ] DEBUG Engine               - width: 1280
18:07:58.171 [FXGL Background Thread 3 ] DEBUG Engine               - Logging services
18:07:58.171 [FXGL Background Thread 3 ] DEBUG Engine               - class com.almasb.fxgl.app.services.FXGLAssetLoaderService
18:07:58.171 [FXGL Background Thread 3 ] DEBUG Engine               - class com.almasb.fxgl.app.FXGLApplication$GameApplicationService
18:07:58.171 [FXGL Background Thread 3 ] DEBUG Engine               - class com.almasb.fxgl.app.services.FXGLDialogService
18:07:58.171 [FXGL Background Thread 3 ] DEBUG Engine               - class com.almasb.fxgl.app.services.IOTaskExecutorService
18:07:58.171 [FXGL Background Thread 3 ] DEBUG Engine               - class com.almasb.fxgl.io.FileSystemService
18:07:58.171 [FXGL Background Thread 3 ] DEBUG Engine               - class com.almasb.fxgl.localization.LocalizationService
18:07:58.171 [FXGL Background Thread 3 ] DEBUG Engine               - class com.almasb.fxgl.app.services.SystemBundleService
18:07:58.171 [FXGL Background Thread 3 ] DEBUG Engine               - class com.almasb.fxgl.profile.SaveLoadService
18:07:58.171 [FXGL Background Thread 3 ] DEBUG Engine               - class com.almasb.fxgl.ui.FXGLUIFactoryServiceProvider
18:07:58.171 [FXGL Background Thread 3 ] DEBUG Engine               - class com.almasb.fxgl.ui.FXGLDialogFactoryServiceProvider
18:07:58.171 [FXGL Background Thread 3 ] DEBUG Engine               - class com.almasb.fxgl.audio.AudioPlayer
18:07:58.171 [FXGL Background Thread 3 ] DEBUG Engine               - class com.almasb.fxgl.notification.impl.NotificationServiceProvider
18:07:58.171 [FXGL Background Thread 3 ] DEBUG Engine               - class com.almasb.fxgl.achievement.AchievementService
18:07:58.171 [FXGL Background Thread 3 ] DEBUG Engine               - class com.almasb.fxgl.cutscene.CutsceneService
18:07:58.172 [FXGL Background Thread 3 ] DEBUG Engine               - class com.almasb.fxgl.minigames.MiniGameService
18:07:58.172 [FXGL Background Thread 3 ] DEBUG Engine               - class com.almasb.fxgl.net.NetService
18:07:58.172 [FXGL Background Thread 3 ] DEBUG Engine               - class com.almasb.fxgl.app.services.UpdaterService
18:07:58.172 [FXGL Background Thread 3 ] DEBUG Engine               - class com.almasb.fxgl.dev.DevService
18:08:01.045 [JavaFX Application Thread] DEBUG FXGLAssetLoaderServi - Loading from file system: file:/C:/Users/ECE/IdeaProjects/LBYCPOBBulletCredits/target/classes/assets/music/word_hit.mp3
18:08:01.048 [JavaFX Application Thread] DEBUG AudioPlayer          - Playing music com.almasb.fxgl.audio.Music@38b62d05
18:08:02.214 [JavaFX Application Thread] DEBUG AudioPlayer          - Playing music com.almasb.fxgl.audio.Music@38b62d05
18:08:02.341 [JavaFX Application Thread] DEBUG AudioPlayer          - Playing music com.almasb.fxgl.audio.Music@38b62d05
18:08:02.473 [JavaFX Application Thread] DEBUG FXGLAssetLoaderServi - Loading from file system: file:/C:/Users/ECE/IdeaProjects/LBYCPOBBulletCredits/target/classes/assets/music/explosion.mp3
18:08:02.476 [JavaFX Application Thread] DEBUG AudioPlayer          - Playing music com.almasb.fxgl.audio.Music@250afe21
18:08:03.990 [JavaFX Application Thread] DEBUG AudioPlayer          - Playing music com.almasb.fxgl.audio.Music@38b62d05
18:08:04.121 [JavaFX Application Thread] DEBUG AudioPlayer          - Playing music com.almasb.fxgl.audio.Music@250afe21
18:08:05.784 [JavaFX Application Thread] DEBUG AudioPlayer          - Playing music com.almasb.fxgl.audio.Music@38b62d05
18:08:05.913 [JavaFX Application Thread] DEBUG AudioPlayer          - Playing music com.almasb.fxgl.audio.Music@38b62d05
18:08:06.032 [JavaFX Application Thread] DEBUG AudioPlayer          - Playing music com.almasb.fxgl.audio.Music@38b62d05
18:08:06.166 [JavaFX Application Thread] DEBUG AudioPlayer          - Playing music com.almasb.fxgl.audio.Music@250afe21
18:08:07.929 [JavaFX Application Thread] DEBUG AudioPlayer          - Playing music com.almasb.fxgl.audio.Music@38b62d05
18:08:08.057 [JavaFX Application Thread] DEBUG AudioPlayer          - Playing music com.almasb.fxgl.audio.Music@38b62d05
18:08:08.184 [JavaFX Application Thread] DEBUG AudioPlayer          - Playing music com.almasb.fxgl.audio.Music@38b62d05
18:08:08.280 [JavaFX Application Thread] DEBUG FXGLAssetLoaderServi - Loading from file system: file:/C:/Users/ECE/IdeaProjects/LBYCPOBBulletCredits/target/classes/assets/music/damage.mp3
18:08:08.283 [JavaFX Application Thread] DEBUG AudioPlayer          - Playing music com.almasb.fxgl.audio.Music@889aa2e
18:08:08.311 [JavaFX Application Thread] DEBUG AudioPlayer          - Playing music com.almasb.fxgl.audio.Music@250afe21
18:08:09.620 [JavaFX Application Thread] DEBUG FXGLAssetLoaderServi - Loading from file system: file:/C:/Users/ECE/IdeaProjects/LBYCPOBBulletCredits/target/classes/assets/music/boss_hit.mp3
18:08:09.623 [JavaFX Application Thread] DEBUG AudioPlayer          - Playing music com.almasb.fxgl.audio.Music@4b56c6bc
18:08:09.735 [JavaFX Application Thread] DEBUG AudioPlayer          - Playing music com.almasb.fxgl.audio.Music@4b56c6bc
18:08:09.849 [JavaFX Application Thread] DEBUG AudioPlayer          - Playing music com.almasb.fxgl.audio.Music@4b56c6bc
18:08:09.959 [JavaFX Application Thread] DEBUG AudioPlayer          - Playing music com.almasb.fxgl.audio.Music@4b56c6bc
18:08:10.073 [JavaFX Application Thread] DEBUG AudioPlayer          - Playing music com.almasb.fxgl.audio.Music@4b56c6bc
18:08:10.185 [JavaFX Application Thread] DEBUG AudioPlayer          - Playing music com.almasb.fxgl.audio.Music@4b56c6bc
18:08:10.311 [JavaFX Application Thread] DEBUG AudioPlayer          - Playing music com.almasb.fxgl.audio.Music@4b56c6bc
18:08:10.390 [JavaFX Application Thread] DEBUG AudioPlayer          - Playing music com.almasb.fxgl.audio.Music@4b56c6bc
18:08:10.438 [JavaFX Application Thread] DEBUG AudioPlayer          - Playing music com.almasb.fxgl.audio.Music@4b56c6bc
18:08:10.552 [JavaFX Application Thread] DEBUG AudioPlayer          - Playing music com.almasb.fxgl.audio.Music@4b56c6bc
18:08:10.665 [JavaFX Application Thread] DEBUG AudioPlayer          - Playing music com.almasb.fxgl.audio.Music@4b56c6bc
18:08:10.741 [JavaFX Application Thread] DEBUG AudioPlayer          - Playing music com.almasb.fxgl.audio.Music@4b56c6bc
18:08:10.857 [JavaFX Application Thread] DEBUG AudioPlayer          - Playing music com.almasb.fxgl.audio.Music@4b56c6bc
18:08:10.953 [JavaFX Application Thread] DEBUG AudioPlayer          - Playing music com.almasb.fxgl.audio.Music@4b56c6bc
18:08:11.001 [JavaFX Application Thread] DEBUG AudioPlayer          - Playing music com.almasb.fxgl.audio.Music@4b56c6bc
18:08:11.111 [JavaFX Application Thread] DEBUG AudioPlayer          - Playing music com.almasb.fxgl.audio.Music@4b56c6bc
18:08:11.144 [JavaFX Application Thread] DEBUG AudioPlayer          - Playing music com.almasb.fxgl.audio.Music@4b56c6bc
18:08:11.208 [JavaFX Application Thread] DEBUG AudioPlayer          - Playing music com.almasb.fxgl.audio.Music@4b56c6bc
18:08:11.321 [JavaFX Application Thread] DEBUG AudioPlayer          - Playing music com.almasb.fxgl.audio.Music@4b56c6bc
18:08:11.433 [JavaFX Application Thread] DEBUG AudioPlayer          - Playing music com.almasb.fxgl.audio.Music@4b56c6bc
18:08:11.553 [JavaFX Application Thread] DEBUG AudioPlayer          - Playing music com.almasb.fxgl.audio.Music@4b56c6bc
18:08:11.673 [JavaFX Application Thread] DEBUG AudioPlayer          - Playing music com.almasb.fxgl.audio.Music@4b56c6bc
18:08:11.784 [JavaFX Application Thread] DEBUG AudioPlayer          - Playing music com.almasb.fxgl.audio.Music@4b56c6bc
18:08:11.896 [JavaFX Application Thread] DEBUG AudioPlayer          - Playing music com.almasb.fxgl.audio.Music@4b56c6bc
18:08:12.002 [JavaFX Application Thread] DEBUG AudioPlayer          - Playing music com.almasb.fxgl.audio.Music@4b56c6bc
18:08:12.069 [JavaFX Application Thread] DEBUG AudioPlayer          - Playing music com.almasb.fxgl.audio.Music@4b56c6bc
18:08:12.117 [JavaFX Application Thread] DEBUG AudioPlayer          - Playing music com.almasb.fxgl.audio.Music@4b56c6bc
18:08:12.226 [JavaFX Application Thread] DEBUG AudioPlayer          - Playing music com.almasb.fxgl.audio.Music@4b56c6bc
18:08:12.341 [JavaFX Application Thread] DEBUG AudioPlayer          - Playing music com.almasb.fxgl.audio.Music@4b56c6bc
18:08:12.450 [JavaFX Application Thread] DEBUG AudioPlayer          - Playing music com.almasb.fxgl.audio.Music@250afe21
18:08:15.881 [JavaFX Application Thread] DEBUG AudioPlayer          - Playing music com.almasb.fxgl.audio.Music@38b62d05
18:08:15.929 [JavaFX Application Thread] DEBUG AudioPlayer          - Playing music com.almasb.fxgl.audio.Music@38b62d05
18:08:16.280 [JavaFX Application Thread] DEBUG AudioPlayer          - Playing music com.almasb.fxgl.audio.Music@38b62d05
18:08:16.389 [JavaFX Application Thread] DEBUG AudioPlayer          - Playing music com.almasb.fxgl.audio.Music@38b62d05
18:08:16.504 [JavaFX Application Thread] DEBUG AudioPlayer          - Playing music com.almasb.fxgl.audio.Music@38b62d05
18:08:16.633 [JavaFX Application Thread] DEBUG AudioPlayer          - Playing music com.almasb.fxgl.audio.Music@250afe21
18:08:17.911 [JavaFX Application Thread] DEBUG AudioPlayer          - Playing music com.almasb.fxgl.audio.Music@38b62d05
18:08:18.024 [JavaFX Application Thread] DEBUG AudioPlayer          - Playing music com.almasb.fxgl.audio.Music@250afe21
18:08:19.705 [JavaFX Application Thread] DEBUG AudioPlayer          - Playing music com.almasb.fxgl.audio.Music@38b62d05
18:08:19.816 [JavaFX Application Thread] DEBUG AudioPlayer          - Playing music com.almasb.fxgl.audio.Music@38b62d05
18:08:19.945 [JavaFX Application Thread] DEBUG AudioPlayer          - Playing music com.almasb.fxgl.audio.Music@38b62d05
18:08:20.073 [JavaFX Application Thread] DEBUG AudioPlayer          - Playing music com.almasb.fxgl.audio.Music@250afe21
18:08:21.098 [JavaFX Application Thread] DEBUG AudioPlayer          - Playing music com.almasb.fxgl.audio.Music@38b62d05
18:08:21.220 [JavaFX Application Thread] DEBUG AudioPlayer          - Playing music com.almasb.fxgl.audio.Music@38b62d05
18:08:21.353 [JavaFX Application Thread] DEBUG AudioPlayer          - Playing music com.almasb.fxgl.audio.Music@38b62d05
18:08:21.465 [JavaFX Application Thread] DEBUG AudioPlayer          - Playing music com.almasb.fxgl.audio.Music@38b62d05
18:08:21.593 [JavaFX Application Thread] DEBUG AudioPlayer          - Playing music com.almasb.fxgl.audio.Music@250afe21
18:08:23.640 [JavaFX Application Thread] DEBUG AudioPlayer          - Playing music com.almasb.fxgl.audio.Music@4b56c6bc
18:08:23.833 [JavaFX Application Thread] DEBUG AudioPlayer          - Playing music com.almasb.fxgl.audio.Music@4b56c6bc
18:08:24.009 [JavaFX Application Thread] DEBUG AudioPlayer          - Playing music com.almasb.fxgl.audio.Music@4b56c6bc
18:08:24.201 [JavaFX Application Thread] DEBUG AudioPlayer          - Playing music com.almasb.fxgl.audio.Music@4b56c6bc
18:08:24.305 [JavaFX Application Thread] DEBUG AudioPlayer          - Playing music com.almasb.fxgl.audio.Music@4b56c6bc
18:08:24.419 [JavaFX Application Thread] DEBUG AudioPlayer          - Playing music com.almasb.fxgl.audio.Music@4b56c6bc
18:08:24.535 [JavaFX Application Thread] DEBUG AudioPlayer          - Playing music com.almasb.fxgl.audio.Music@4b56c6bc
18:08:24.631 [JavaFX Application Thread] DEBUG AudioPlayer          - Playing music com.almasb.fxgl.audio.Music@4b56c6bc
18:08:24.665 [JavaFX Application Thread] DEBUG AudioPlayer          - Playing music com.almasb.fxgl.audio.Music@4b56c6bc
18:08:24.793 [JavaFX Application Thread] DEBUG AudioPlayer          - Playing music com.almasb.fxgl.audio.Music@4b56c6bc
18:08:24.888 [JavaFX Application Thread] DEBUG AudioPlayer          - Playing music com.almasb.fxgl.audio.Music@4b56c6bc
18:08:25.014 [JavaFX Application Thread] DEBUG AudioPlayer          - Playing music com.almasb.fxgl.audio.Music@4b56c6bc
18:08:25.128 [JavaFX Application Thread] DEBUG AudioPlayer          - Playing music com.almasb.fxgl.audio.Music@4b56c6bc
18:08:25.241 [JavaFX Application Thread] DEBUG AudioPlayer          - Playing music com.almasb.fxgl.audio.Music@4b56c6bc
18:08:25.353 [JavaFX Application Thread] DEBUG AudioPlayer          - Playing music com.almasb.fxgl.audio.Music@4b56c6bc
18:08:25.462 [JavaFX Application Thread] DEBUG AudioPlayer          - Playing music com.almasb.fxgl.audio.Music@4b56c6bc
18:08:25.576 [JavaFX Application Thread] DEBUG AudioPlayer          - Playing music com.almasb.fxgl.audio.Music@4b56c6bc
18:08:25.686 [JavaFX Application Thread] DEBUG AudioPlayer          - Playing music com.almasb.fxgl.audio.Music@4b56c6bc
18:08:25.801 [JavaFX Application Thread] DEBUG AudioPlayer          - Playing music com.almasb.fxgl.audio.Music@4b56c6bc
18:08:25.922 [JavaFX Application Thread] DEBUG AudioPlayer          - Playing music com.almasb.fxgl.audio.Music@4b56c6bc
18:08:26.038 [JavaFX Application Thread] DEBUG AudioPlayer          - Playing music com.almasb.fxgl.audio.Music@4b56c6bc
18:08:26.169 [JavaFX Application Thread] DEBUG AudioPlayer          - Playing music com.almasb.fxgl.audio.Music@4b56c6bc
18:08:26.310 [JavaFX Application Thread] DEBUG AudioPlayer          - Playing music com.almasb.fxgl.audio.Music@4b56c6bc
18:08:26.426 [JavaFX Application Thread] DEBUG AudioPlayer          - Playing music com.almasb.fxgl.audio.Music@4b56c6bc
18:08:26.553 [JavaFX Application Thread] DEBUG AudioPlayer          - Playing music com.almasb.fxgl.audio.Music@4b56c6bc
18:08:26.692 [JavaFX Application Thread] DEBUG AudioPlayer          - Playing music com.almasb.fxgl.audio.Music@4b56c6bc
18:08:26.809 [JavaFX Application Thread] DEBUG AudioPlayer          - Playing music com.almasb.fxgl.audio.Music@4b56c6bc
18:08:26.935 [JavaFX Application Thread] DEBUG AudioPlayer          - Playing music com.almasb.fxgl.audio.Music@4b56c6bc
18:08:27.062 [JavaFX Application Thread] DEBUG AudioPlayer          - Playing music com.almasb.fxgl.audio.Music@4b56c6bc
18:08:27.177 [JavaFX Application Thread] DEBUG AudioPlayer          - Playing music com.almasb.fxgl.audio.Music@4b56c6bc
18:08:27.304 [JavaFX Application Thread] DEBUG AudioPlayer          - Playing music com.almasb.fxgl.audio.Music@4b56c6bc
18:08:27.432 [JavaFX Application Thread] DEBUG AudioPlayer          - Playing music com.almasb.fxgl.audio.Music@4b56c6bc
18:08:27.553 [JavaFX Application Thread] DEBUG AudioPlayer          - Playing music com.almasb.fxgl.audio.Music@4b56c6bc
18:08:27.668 [JavaFX Application Thread] DEBUG AudioPlayer          - Playing music com.almasb.fxgl.audio.Music@250afe21
18:08:30.905 [JavaFX Application Thread] DEBUG AudioPlayer          - Playing music com.almasb.fxgl.audio.Music@38b62d05
18:08:30.953 [JavaFX Application Thread] DEBUG AudioPlayer          - Playing music com.almasb.fxgl.audio.Music@38b62d05
18:08:31.062 [JavaFX Application Thread] DEBUG AudioPlayer          - Playing music com.almasb.fxgl.audio.Music@38b62d05
18:08:31.176 [JavaFX Application Thread] DEBUG AudioPlayer          - Playing music com.almasb.fxgl.audio.Music@38b62d05
18:08:31.288 [JavaFX Application Thread] DEBUG AudioPlayer          - Playing music com.almasb.fxgl.audio.Music@250afe21
18:08:33.237 [JavaFX Application Thread] DEBUG AudioPlayer          - Playing music com.almasb.fxgl.audio.Music@38b62d05
18:08:33.366 [JavaFX Application Thread] DEBUG AudioPlayer          - Playing music com.almasb.fxgl.audio.Music@38b62d05
18:08:33.493 [JavaFX Application Thread] DEBUG AudioPlayer          - Playing music com.almasb.fxgl.audio.Music@38b62d05
18:08:33.624 [JavaFX Application Thread] DEBUG AudioPlayer          - Playing music com.almasb.fxgl.audio.Music@38b62d05
18:08:33.747 [JavaFX Application Thread] DEBUG AudioPlayer          - Playing music com.almasb.fxgl.audio.Music@250afe21
18:08:35.910 [JavaFX Application Thread] DEBUG AudioPlayer          - Playing music com.almasb.fxgl.audio.Music@38b62d05
18:08:36.420 [JavaFX Application Thread] DEBUG AudioPlayer          - Playing music com.almasb.fxgl.audio.Music@38b62d05
18:08:37.080 [JavaFX Application Thread] DEBUG AudioPlayer          - Playing music com.almasb.fxgl.audio.Music@889aa2e
18:08:38.841 [JavaFX Application Thread] DEBUG AudioPlayer          - Playing music com.almasb.fxgl.audio.Music@38b62d05
18:08:38.969 [JavaFX Application Thread] DEBUG AudioPlayer          - Playing music com.almasb.fxgl.audio.Music@250afe21
18:08:40.089 [JavaFX Application Thread] DEBUG AudioPlayer          - Playing music com.almasb.fxgl.audio.Music@889aa2e
18:08:44.152 [JavaFX Application Thread] DEBUG AudioPlayer          - Playing music com.almasb.fxgl.audio.Music@38b62d05
18:08:44.274 [JavaFX Application Thread] DEBUG AudioPlayer          - Playing music com.almasb.fxgl.audio.Music@38b62d05
18:08:44.789 [JavaFX Application Thread] DEBUG AudioPlayer          - Playing music com.almasb.fxgl.audio.Music@38b62d05
18:08:44.920 [JavaFX Application Thread] DEBUG AudioPlayer          - Playing music com.almasb.fxgl.audio.Music@38b62d05
18:08:45.176 [JavaFX Application Thread] DEBUG AudioPlayer          - Playing music com.almasb.fxgl.audio.Music@38b62d05
18:08:45.432 [JavaFX Application Thread] DEBUG AudioPlayer          - Playing music com.almasb.fxgl.audio.Music@250afe21
18:08:46.664 [JavaFX Application Thread] DEBUG AudioPlayer          - Playing music com.almasb.fxgl.audio.Music@4b56c6bc
18:08:46.983 [JavaFX Application Thread] DEBUG AudioPlayer          - Playing music com.almasb.fxgl.audio.Music@4b56c6bc
18:08:47.286 [JavaFX Application Thread] DEBUG AudioPlayer          - Playing music com.almasb.fxgl.audio.Music@4b56c6bc
18:08:47.609 [JavaFX Application Thread] DEBUG AudioPlayer          - Playing music com.almasb.fxgl.audio.Music@4b56c6bc
18:08:47.849 [JavaFX Application Thread] DEBUG AudioPlayer          - Playing music com.almasb.fxgl.audio.Music@4b56c6bc
18:08:47.896 [JavaFX Application Thread] DEBUG AudioPlayer          - Playing music com.almasb.fxgl.audio.Music@4b56c6bc
18:08:47.911 [JavaFX Application Thread] DEBUG AudioPlayer          - Playing music com.almasb.fxgl.audio.Music@4b56c6bc
18:08:47.989 [JavaFX Application Thread] DEBUG AudioPlayer          - Playing music com.almasb.fxgl.audio.Music@4b56c6bc
18:08:48.088 [JavaFX Application Thread] DEBUG AudioPlayer          - Playing music com.almasb.fxgl.audio.Music@4b56c6bc
18:08:48.201 [JavaFX Application Thread] DEBUG AudioPlayer          - Playing music com.almasb.fxgl.audio.Music@4b56c6bc
18:08:48.213 [JavaFX Application Thread] DEBUG AudioPlayer          - Playing music com.almasb.fxgl.audio.Music@4b56c6bc
18:08:48.520 [JavaFX Application Thread] DEBUG AudioPlayer          - Playing music com.almasb.fxgl.audio.Music@4b56c6bc
18:08:48.850 [JavaFX Application Thread] DEBUG AudioPlayer          - Playing music com.almasb.fxgl.audio.Music@4b56c6bc
18:08:49.161 [JavaFX Application Thread] DEBUG AudioPlayer          - Playing music com.almasb.fxgl.audio.Music@4b56c6bc
18:08:49.462 [JavaFX Application Thread] DEBUG AudioPlayer          - Playing music com.almasb.fxgl.audio.Music@4b56c6bc
18:08:49.560 [JavaFX Application Thread] DEBUG AudioPlayer          - Playing music com.almasb.fxgl.audio.Music@4b56c6bc
18:08:49.672 [JavaFX Application Thread] DEBUG AudioPlayer          - Playing music com.almasb.fxgl.audio.Music@4b56c6bc
18:08:49.784 [JavaFX Application Thread] DEBUG AudioPlayer          - Playing music com.almasb.fxgl.audio.Music@4b56c6bc
18:08:49.801 [JavaFX Application Thread] DEBUG AudioPlayer          - Playing music com.almasb.fxgl.audio.Music@4b56c6bc
18:08:49.904 [JavaFX Application Thread] DEBUG AudioPlayer          - Playing music com.almasb.fxgl.audio.Music@4b56c6bc
18:08:50.031 [JavaFX Application Thread] DEBUG AudioPlayer          - Playing music com.almasb.fxgl.audio.Music@4b56c6bc
18:08:50.135 [JavaFX Application Thread] DEBUG AudioPlayer          - Playing music com.almasb.fxgl.audio.Music@4b56c6bc
18:08:50.168 [JavaFX Application Thread] DEBUG AudioPlayer          - Playing music com.almasb.fxgl.audio.Music@4b56c6bc
18:08:50.292 [JavaFX Application Thread] DEBUG AudioPlayer          - Playing music com.almasb.fxgl.audio.Music@4b56c6bc
18:08:50.426 [JavaFX Application Thread] DEBUG AudioPlayer          - Playing music com.almasb.fxgl.audio.Music@4b56c6bc
18:08:50.504 [JavaFX Application Thread] DEBUG AudioPlayer          - Playing music com.almasb.fxgl.audio.Music@4b56c6bc
18:08:50.547 [JavaFX Application Thread] DEBUG AudioPlayer          - Playing music com.almasb.fxgl.audio.Music@4b56c6bc
18:08:50.680 [JavaFX Application Thread] DEBUG AudioPlayer          - Playing music com.almasb.fxgl.audio.Music@4b56c6bc
18:08:50.807 [JavaFX Application Thread] DEBUG AudioPlayer          - Playing music com.almasb.fxgl.audio.Music@4b56c6bc
18:08:50.849 [JavaFX Application Thread] DEBUG AudioPlayer          - Playing music com.almasb.fxgl.audio.Music@4b56c6bc
18:08:50.929 [JavaFX Application Thread] DEBUG AudioPlayer          - Playing music com.almasb.fxgl.audio.Music@4b56c6bc
18:08:51.055 [JavaFX Application Thread] DEBUG AudioPlayer          - Playing music com.almasb.fxgl.audio.Music@4b56c6bc
18:08:51.189 [JavaFX Application Thread] DEBUG AudioPlayer          - Playing music com.almasb.fxgl.audio.Music@4b56c6bc
18:08:51.207 [JavaFX Application Thread] DEBUG AudioPlayer          - Playing music com.almasb.fxgl.audio.Music@4b56c6bc
18:08:51.304 [JavaFX Application Thread] DEBUG AudioPlayer          - Playing music com.almasb.fxgl.audio.Music@4b56c6bc
18:08:51.432 [JavaFX Application Thread] DEBUG AudioPlayer          - Playing music com.almasb.fxgl.audio.Music@4b56c6bc
18:08:51.553 [JavaFX Application Thread] DEBUG AudioPlayer          - Playing music com.almasb.fxgl.audio.Music@4b56c6bc
18:08:51.560 [JavaFX Application Thread] DEBUG AudioPlayer          - Playing music com.almasb.fxgl.audio.Music@250afe21
18:08:55.129 [JavaFX Application Thread] DEBUG AudioPlayer          - Playing music com.almasb.fxgl.audio.Music@38b62d05
18:08:55.161 [JavaFX Application Thread] DEBUG AudioPlayer          - Playing music com.almasb.fxgl.audio.Music@38b62d05
18:08:55.207 [JavaFX Application Thread] DEBUG AudioPlayer          - Playing music com.almasb.fxgl.audio.Music@38b62d05
18:08:55.607 [JavaFX Application Thread] DEBUG AudioPlayer          - Playing music com.almasb.fxgl.audio.Music@38b62d05
18:08:55.735 [JavaFX Application Thread] DEBUG AudioPlayer          - Playing music com.almasb.fxgl.audio.Music@38b62d05
18:08:55.862 [JavaFX Application Thread] DEBUG AudioPlayer          - Playing music com.almasb.fxgl.audio.Music@38b62d05
18:08:55.988 [JavaFX Application Thread] DEBUG AudioPlayer          - Playing music com.almasb.fxgl.audio.Music@38b62d05
18:08:56.120 [JavaFX Application Thread] DEBUG AudioPlayer          - Playing music com.almasb.fxgl.audio.Music@38b62d05
18:08:56.249 [JavaFX Application Thread] DEBUG AudioPlayer          - Playing music com.almasb.fxgl.audio.Music@250afe21
18:08:57.001 [JavaFX Application Thread] DEBUG AudioPlayer          - Playing music com.almasb.fxgl.audio.Music@38b62d05
18:08:57.129 [JavaFX Application Thread] DEBUG AudioPlayer          - Playing music com.almasb.fxgl.audio.Music@38b62d05
18:08:57.250 [JavaFX Application Thread] DEBUG AudioPlayer          - Playing music com.almasb.fxgl.audio.Music@250afe21
18:08:58.644 [JavaFX Application Thread] DEBUG AudioPlayer          - Playing music com.almasb.fxgl.audio.Music@38b62d05
18:08:58.777 [JavaFX Application Thread] DEBUG AudioPlayer          - Playing music com.almasb.fxgl.audio.Music@38b62d05
18:08:58.903 [JavaFX Application Thread] DEBUG AudioPlayer          - Playing music com.almasb.fxgl.audio.Music@38b62d05
18:08:59.032 [JavaFX Application Thread] DEBUG AudioPlayer          - Playing music com.almasb.fxgl.audio.Music@38b62d05
18:08:59.177 [JavaFX Application Thread] DEBUG AudioPlayer          - Playing music com.almasb.fxgl.audio.Music@38b62d05
18:08:59.413 [JavaFX Application Thread] DEBUG AudioPlayer          - Playing music com.almasb.fxgl.audio.Music@38b62d05
18:08:59.638 [JavaFX Application Thread] DEBUG AudioPlayer          - Playing music com.almasb.fxgl.audio.Music@250afe21
18:09:01.541 [JavaFX Application Thread] DEBUG AudioPlayer          - Playing music com.almasb.fxgl.audio.Music@38b62d05
18:09:01.673 [JavaFX Application Thread] DEBUG AudioPlayer          - Playing music com.almasb.fxgl.audio.Music@38b62d05
18:09:01.795 [JavaFX Application Thread] DEBUG AudioPlayer          - Playing music com.almasb.fxgl.audio.Music@38b62d05
18:09:01.929 [JavaFX Application Thread] DEBUG AudioPlayer          - Playing music com.almasb.fxgl.audio.Music@38b62d05
18:09:02.056 [JavaFX Application Thread] DEBUG AudioPlayer          - Playing music com.almasb.fxgl.audio.Music@38b62d05
18:09:02.185 [JavaFX Application Thread] DEBUG AudioPlayer          - Playing music com.almasb.fxgl.audio.Music@38b62d05
18:09:02.312 [JavaFX Application Thread] DEBUG AudioPlayer          - Playing music com.almasb.fxgl.audio.Music@250afe21
18:09:04.934 [JavaFX Application Thread] DEBUG AudioPlayer          - Playing music com.almasb.fxgl.audio.Music@4b56c6bc
18:09:05.241 [JavaFX Application Thread] DEBUG AudioPlayer          - Playing music com.almasb.fxgl.audio.Music@4b56c6bc
18:09:05.528 [JavaFX Application Thread] DEBUG AudioPlayer          - Playing music com.almasb.fxgl.audio.Music@4b56c6bc
18:09:05.570 [JavaFX Application Thread] DEBUG AudioPlayer          - Playing music com.almasb.fxgl.audio.Music@4b56c6bc
18:09:05.631 [JavaFX Application Thread] DEBUG AudioPlayer          - Playing music com.almasb.fxgl.audio.Music@4b56c6bc
18:09:05.752 [JavaFX Application Thread] DEBUG AudioPlayer          - Playing music com.almasb.fxgl.audio.Music@4b56c6bc
18:09:05.856 [JavaFX Application Thread] DEBUG AudioPlayer          - Playing music com.almasb.fxgl.audio.Music@4b56c6bc
18:09:05.879 [JavaFX Application Thread] DEBUG AudioPlayer          - Playing music com.almasb.fxgl.audio.Music@4b56c6bc
18:09:05.976 [JavaFX Application Thread] DEBUG AudioPlayer          - Playing music com.almasb.fxgl.audio.Music@4b56c6bc
18:09:06.089 [JavaFX Application Thread] DEBUG AudioPlayer          - Playing music com.almasb.fxgl.audio.Music@4b56c6bc
18:09:06.201 [JavaFX Application Thread] DEBUG AudioPlayer          - Playing music com.almasb.fxgl.audio.Music@4b56c6bc
18:09:06.201 [JavaFX Application Thread] DEBUG AudioPlayer          - Playing music com.almasb.fxgl.audio.Music@4b56c6bc
18:09:06.310 [JavaFX Application Thread] DEBUG AudioPlayer          - Playing music com.almasb.fxgl.audio.Music@4b56c6bc
18:09:06.425 [JavaFX Application Thread] DEBUG AudioPlayer          - Playing music com.almasb.fxgl.audio.Music@4b56c6bc
18:09:06.489 [JavaFX Application Thread] DEBUG AudioPlayer          - Playing music com.almasb.fxgl.audio.Music@4b56c6bc
18:09:06.520 [JavaFX Application Thread] DEBUG AudioPlayer          - Playing music com.almasb.fxgl.audio.Music@4b56c6bc
18:09:06.633 [JavaFX Application Thread] DEBUG AudioPlayer          - Playing music com.almasb.fxgl.audio.Music@4b56c6bc
18:09:06.759 [JavaFX Application Thread] DEBUG AudioPlayer          - Playing music com.almasb.fxgl.audio.Music@4b56c6bc
18:09:06.825 [JavaFX Application Thread] DEBUG AudioPlayer          - Playing music com.almasb.fxgl.audio.Music@4b56c6bc
18:09:06.888 [JavaFX Application Thread] DEBUG AudioPlayer          - Playing music com.almasb.fxgl.audio.Music@4b56c6bc
18:09:07.017 [JavaFX Application Thread] DEBUG AudioPlayer          - Playing music com.almasb.fxgl.audio.Music@4b56c6bc
18:09:07.129 [JavaFX Application Thread] DEBUG AudioPlayer          - Playing music com.almasb.fxgl.audio.Music@4b56c6bc
18:09:07.144 [JavaFX Application Thread] DEBUG AudioPlayer          - Playing music com.almasb.fxgl.audio.Music@4b56c6bc
18:09:07.274 [JavaFX Application Thread] DEBUG AudioPlayer          - Playing music com.almasb.fxgl.audio.Music@4b56c6bc
18:09:07.401 [JavaFX Application Thread] DEBUG AudioPlayer          - Playing music com.almasb.fxgl.audio.Music@4b56c6bc
18:09:07.443 [JavaFX Application Thread] DEBUG AudioPlayer          - Playing music com.almasb.fxgl.audio.Music@4b56c6bc
18:09:07.528 [JavaFX Application Thread] DEBUG AudioPlayer          - Playing music com.almasb.fxgl.audio.Music@4b56c6bc
18:09:07.656 [JavaFX Application Thread] DEBUG AudioPlayer          - Playing music com.almasb.fxgl.audio.Music@4b56c6bc
18:09:07.753 [JavaFX Application Thread] DEBUG AudioPlayer          - Playing music com.almasb.fxgl.audio.Music@4b56c6bc
18:09:07.783 [JavaFX Application Thread] DEBUG AudioPlayer          - Playing music com.almasb.fxgl.audio.Music@4b56c6bc
18:09:07.913 [JavaFX Application Thread] DEBUG AudioPlayer          - Playing music com.almasb.fxgl.audio.Music@4b56c6bc
18:09:08.038 [JavaFX Application Thread] DEBUG AudioPlayer          - Playing music com.almasb.fxgl.audio.Music@4b56c6bc
18:09:08.105 [JavaFX Application Thread] DEBUG AudioPlayer          - Playing music com.almasb.fxgl.audio.Music@4b56c6bc
18:09:08.152 [JavaFX Application Thread] DEBUG AudioPlayer          - Playing music com.almasb.fxgl.audio.Music@4b56c6bc
18:09:08.280 [JavaFX Application Thread] DEBUG AudioPlayer          - Playing music com.almasb.fxgl.audio.Music@4b56c6bc
18:09:08.409 [JavaFX Application Thread] DEBUG AudioPlayer          - Playing music com.almasb.fxgl.audio.Music@4b56c6bc
18:09:08.436 [JavaFX Application Thread] DEBUG AudioPlayer          - Playing music com.almasb.fxgl.audio.Music@4b56c6bc
18:09:08.534 [JavaFX Application Thread] DEBUG AudioPlayer          - Playing music com.almasb.fxgl.audio.Music@4b56c6bc
18:09:08.665 [JavaFX Application Thread] DEBUG AudioPlayer          - Playing music com.almasb.fxgl.audio.Music@4b56c6bc
18:09:08.789 [JavaFX Application Thread] DEBUG AudioPlayer          - Playing music com.almasb.fxgl.audio.Music@4b56c6bc
18:09:08.809 [JavaFX Application Thread] DEBUG AudioPlayer          - Playing music com.almasb.fxgl.audio.Music@4b56c6bc
18:09:08.905 [JavaFX Application Thread] DEBUG AudioPlayer          - Playing music com.almasb.fxgl.audio.Music@4b56c6bc
18:09:09.033 [JavaFX Application Thread] DEBUG AudioPlayer          - Playing music com.almasb.fxgl.audio.Music@4b56c6bc
18:09:09.158 [JavaFX Application Thread] DEBUG AudioPlayer          - Playing music com.almasb.fxgl.audio.Music@4b56c6bc
18:09:09.159 [JavaFX Application Thread] DEBUG AudioPlayer          - Playing music com.almasb.fxgl.audio.Music@4b56c6bc
18:09:09.237 [JavaFX Application Thread] DEBUG AudioPlayer          - Playing music com.almasb.fxgl.audio.Music@889aa2e
18:09:09.286 [JavaFX Application Thread] DEBUG AudioPlayer          - Playing music com.almasb.fxgl.audio.Music@4b56c6bc
18:09:09.418 [JavaFX Application Thread] DEBUG AudioPlayer          - Playing music com.almasb.fxgl.audio.Music@4b56c6bc
18:09:09.512 [JavaFX Application Thread] DEBUG AudioPlayer          - Playing music com.almasb.fxgl.audio.Music@4b56c6bc
18:09:09.545 [JavaFX Application Thread] DEBUG AudioPlayer          - Playing music com.almasb.fxgl.audio.Music@4b56c6bc
18:09:09.862 [JavaFX Application Thread] DEBUG AudioPlayer          - Playing music com.almasb.fxgl.audio.Music@4b56c6bc
18:09:10.202 [JavaFX Application Thread] DEBUG AudioPlayer          - Playing music com.almasb.fxgl.audio.Music@4b56c6bc
18:09:10.473 [JavaFX Application Thread] DEBUG AudioPlayer          - Playing music com.almasb.fxgl.audio.Music@4b56c6bc
18:09:10.564 [JavaFX Application Thread] DEBUG AudioPlayer          - Playing music com.almasb.fxgl.audio.Music@4b56c6bc
18:09:10.565 [JavaFX Application Thread] DEBUG AudioPlayer          - Playing music com.almasb.fxgl.audio.Music@4b56c6bc
18:09:10.616 [JavaFX Application Thread] DEBUG AudioPlayer          - Playing music com.almasb.fxgl.audio.Music@4b56c6bc
18:09:10.710 [JavaFX Application Thread] DEBUG AudioPlayer          - Playing music com.almasb.fxgl.audio.Music@250afe21
18:09:10.745 [JavaFX Application Thread] DEBUG AudioPlayer          - Playing music com.almasb.fxgl.audio.Music@4b56c6bc
18:09:10.868 [JavaFX Application Thread] DEBUG AudioPlayer          - Playing music com.almasb.fxgl.audio.Music@4b56c6bc
18:09:10.904 [JavaFX Application Thread] DEBUG AudioPlayer          - Playing music com.almasb.fxgl.audio.Music@4b56c6bc
18:09:11.016 [JavaFX Application Thread] DEBUG AudioPlayer          - Playing music com.almasb.fxgl.audio.Music@4b56c6bc
18:09:11.065 [JavaFX Application Thread] DEBUG AudioPlayer          - Playing music com.almasb.fxgl.audio.Music@4b56c6bc
18:09:11.113 [JavaFX Application Thread] DEBUG AudioPlayer          - Playing music com.almasb.fxgl.audio.Music@4b56c6bc
18:09:11.160 [JavaFX Application Thread] DEBUG AudioPlayer          - Playing music com.almasb.fxgl.audio.Music@4b56c6bc
18:09:11.208 [JavaFX Application Thread] DEBUG AudioPlayer          - Playing music com.almasb.fxgl.audio.Music@4b56c6bc
18:09:11.273 [JavaFX Application Thread] DEBUG AudioPlayer          - Playing music com.almasb.fxgl.audio.Music@4b56c6bc
18:09:11.337 [JavaFX Application Thread] DEBUG AudioPlayer          - Playing music com.almasb.fxgl.audio.Music@4b56c6bc
18:09:11.462 [JavaFX Application Thread] DEBUG AudioPlayer          - Playing music com.almasb.fxgl.audio.Music@4b56c6bc
18:09:12.346 [JavaFX Application Thread] DEBUG AudioPlayer          - Playing music com.almasb.fxgl.audio.Music@4b56c6bc
18:09:12.410 [JavaFX Application Thread] DEBUG AudioPlayer          - Playing music com.almasb.fxgl.audio.Music@889aa2e
18:09:12.426 [JavaFX Application Thread] DEBUG AudioPlayer          - Playing music com.almasb.fxgl.audio.Music@250afe21
18:09:12.474 [JavaFX Application Thread] DEBUG AudioPlayer          - Playing music com.almasb.fxgl.audio.Music@4b56c6bc
18:09:12.600 [JavaFX Application Thread] DEBUG AudioPlayer          - Playing music com.almasb.fxgl.audio.Music@4b56c6bc
18:09:12.730 [JavaFX Application Thread] DEBUG AudioPlayer          - Playing music com.almasb.fxgl.audio.Music@4b56c6bc
18:09:12.857 [JavaFX Application Thread] DEBUG AudioPlayer          - Playing music com.almasb.fxgl.audio.Music@4b56c6bc
18:09:14.826 [JavaFX Application Thread] DEBUG AudioPlayer          - Playing music com.almasb.fxgl.audio.Music@4b56c6bc
18:09:14.953 [JavaFX Application Thread] DEBUG AudioPlayer          - Playing music com.almasb.fxgl.audio.Music@4b56c6bc
18:09:15.050 [JavaFX Application Thread] DEBUG AudioPlayer          - Playing music com.almasb.fxgl.audio.Music@4b56c6bc
18:09:15.080 [JavaFX Application Thread] DEBUG AudioPlayer          - Playing music com.almasb.fxgl.audio.Music@4b56c6bc
18:09:15.092 [JavaFX Application Thread] DEBUG AudioPlayer          - Playing music com.almasb.fxgl.audio.Music@4b56c6bc
18:09:15.113 [JavaFX Application Thread] DEBUG AudioPlayer          - Playing music com.almasb.fxgl.audio.Music@4b56c6bc
18:09:15.194 [JavaFX Application Thread] DEBUG AudioPlayer          - Playing music com.almasb.fxgl.audio.Music@4b56c6bc
18:09:15.322 [JavaFX Application Thread] DEBUG AudioPlayer          - Playing music com.almasb.fxgl.audio.Music@4b56c6bc
18:09:15.449 [JavaFX Application Thread] DEBUG AudioPlayer          - Playing music com.almasb.fxgl.audio.Music@4b56c6bc
18:09:15.578 [JavaFX Application Thread] DEBUG AudioPlayer          - Playing music com.almasb.fxgl.audio.Music@4b56c6bc
18:09:15.625 [JavaFX Application Thread] DEBUG AudioPlayer          - Playing music com.almasb.fxgl.audio.Music@889aa2e
18:09:15.704 [JavaFX Application Thread] DEBUG AudioPlayer          - Playing music com.almasb.fxgl.audio.Music@4b56c6bc
18:09:15.833 [JavaFX Application Thread] DEBUG AudioPlayer          - Playing music com.almasb.fxgl.audio.Music@4b56c6bc
18:09:15.958 [JavaFX Application Thread] DEBUG AudioPlayer          - Playing music com.almasb.fxgl.audio.Music@4b56c6bc
18:09:16.086 [JavaFX Application Thread] DEBUG AudioPlayer          - Playing music com.almasb.fxgl.audio.Music@4b56c6bc
18:09:17.849 [JavaFX Application Thread] DEBUG AudioPlayer          - Playing music com.almasb.fxgl.audio.Music@4b56c6bc
18:09:17.977 [JavaFX Application Thread] DEBUG AudioPlayer          - Playing music com.almasb.fxgl.audio.Music@4b56c6bc
18:09:18.105 [JavaFX Application Thread] DEBUG AudioPlayer          - Playing music com.almasb.fxgl.audio.Music@4b56c6bc
18:09:18.231 [JavaFX Application Thread] DEBUG AudioPlayer          - Playing music com.almasb.fxgl.audio.Music@4b56c6bc
18:09:18.389 [JavaFX Application Thread] DEBUG AudioPlayer          - Playing music com.almasb.fxgl.audio.Music@4b56c6bc
18:09:18.437 [JavaFX Application Thread] DEBUG AudioPlayer          - Playing music com.almasb.fxgl.audio.Music@4b56c6bc
18:09:18.486 [JavaFX Application Thread] DEBUG AudioPlayer          - Playing music com.almasb.fxgl.audio.Music@250afe21
18:09:19.401 [JavaFX Application Thread] DEBUG AudioPlayer          - Playing music com.almasb.fxgl.audio.Music@889aa2e
18:09:21.856 [JavaFX Application Thread] DEBUG AudioPlayer          - Playing music com.almasb.fxgl.audio.Music@4b56c6bc
18:09:21.913 [JavaFX Application Thread] DEBUG AudioPlayer          - Playing music com.almasb.fxgl.audio.Music@250afe21
18:09:23.255 [JavaFX Application Thread] DEBUG AudioPlayer          - Playing music com.almasb.fxgl.audio.Music@889aa2e
18:09:24.793 [JavaFX Application Thread] DEBUG AudioPlayer          - Playing music com.almasb.fxgl.audio.Music@4b56c6bc
18:09:24.857 [JavaFX Application Thread] DEBUG AudioPlayer          - Playing music com.almasb.fxgl.audio.Music@4b56c6bc
18:09:24.937 [JavaFX Application Thread] DEBUG AudioPlayer          - Playing music com.almasb.fxgl.audio.Music@4b56c6bc
18:09:25.065 [JavaFX Application Thread] DEBUG AudioPlayer          - Playing music com.almasb.fxgl.audio.Music@4b56c6bc
18:09:25.209 [JavaFX Application Thread] DEBUG AudioPlayer          - Playing music com.almasb.fxgl.audio.Music@4b56c6bc
18:09:25.320 [JavaFX Application Thread] DEBUG AudioPlayer          - Playing music com.almasb.fxgl.audio.Music@4b56c6bc
18:09:25.466 [JavaFX Application Thread] DEBUG AudioPlayer          - Playing music com.almasb.fxgl.audio.Music@4b56c6bc
18:09:25.577 [JavaFX Application Thread] DEBUG AudioPlayer          - Playing music com.almasb.fxgl.audio.Music@4b56c6bc
18:09:25.705 [JavaFX Application Thread] DEBUG AudioPlayer          - Playing music com.almasb.fxgl.audio.Music@4b56c6bc
18:09:25.848 [JavaFX Application Thread] DEBUG AudioPlayer          - Playing music com.almasb.fxgl.audio.Music@4b56c6bc
18:09:25.978 [JavaFX Application Thread] DEBUG AudioPlayer          - Playing music com.almasb.fxgl.audio.Music@4b56c6bc
18:09:26.105 [JavaFX Application Thread] DEBUG AudioPlayer          - Playing music com.almasb.fxgl.audio.Music@4b56c6bc
18:09:26.234 [JavaFX Application Thread] DEBUG AudioPlayer          - Playing music com.almasb.fxgl.audio.Music@4b56c6bc
18:09:26.362 [JavaFX Application Thread] DEBUG AudioPlayer          - Playing music com.almasb.fxgl.audio.Music@4b56c6bc
18:09:26.489 [JavaFX Application Thread] DEBUG AudioPlayer          - Playing music com.almasb.fxgl.audio.Music@4b56c6bc
18:09:26.585 [JavaFX Application Thread] DEBUG AudioPlayer          - Playing music com.almasb.fxgl.audio.Music@889aa2e
18:09:26.618 [JavaFX Application Thread] DEBUG AudioPlayer          - Playing music com.almasb.fxgl.audio.Music@4b56c6bc
18:09:26.745 [JavaFX Application Thread] DEBUG AudioPlayer          - Playing music com.almasb.fxgl.audio.Music@4b56c6bc
18:09:28.986 [JavaFX Application Thread] DEBUG AudioPlayer          - Playing music com.almasb.fxgl.audio.Music@4b56c6bc
18:09:29.258 [JavaFX Application Thread] DEBUG AudioPlayer          - Playing music com.almasb.fxgl.audio.Music@4b56c6bc
18:09:29.386 [JavaFX Application Thread] DEBUG AudioPlayer          - Playing music com.almasb.fxgl.audio.Music@4b56c6bc
18:09:29.530 [JavaFX Application Thread] DEBUG AudioPlayer          - Playing music com.almasb.fxgl.audio.Music@4b56c6bc
18:09:29.673 [JavaFX Application Thread] DEBUG AudioPlayer          - Playing music com.almasb.fxgl.audio.Music@4b56c6bc
18:09:29.785 [JavaFX Application Thread] DEBUG AudioPlayer          - Playing music com.almasb.fxgl.audio.Music@4b56c6bc
18:09:29.929 [JavaFX Application Thread] DEBUG AudioPlayer          - Playing music com.almasb.fxgl.audio.Music@4b56c6bc
18:09:30.042 [JavaFX Application Thread] DEBUG AudioPlayer          - Playing music com.almasb.fxgl.audio.Music@4b56c6bc
18:09:30.168 [JavaFX Application Thread] DEBUG AudioPlayer          - Playing music com.almasb.fxgl.audio.Music@4b56c6bc
18:09:30.314 [JavaFX Application Thread] DEBUG AudioPlayer          - Playing music com.almasb.fxgl.audio.Music@4b56c6bc
18:09:30.425 [JavaFX Application Thread] DEBUG AudioPlayer          - Playing music com.almasb.fxgl.audio.Music@4b56c6bc
18:09:30.554 [JavaFX Application Thread] DEBUG AudioPlayer          - Playing music com.almasb.fxgl.audio.Music@4b56c6bc
18:09:30.682 [JavaFX Application Thread] DEBUG AudioPlayer          - Playing music com.almasb.fxgl.audio.Music@4b56c6bc
18:09:30.808 [JavaFX Application Thread] DEBUG AudioPlayer          - Playing music com.almasb.fxgl.audio.Music@4b56c6bc
18:09:30.954 [JavaFX Application Thread] DEBUG AudioPlayer          - Playing music com.almasb.fxgl.audio.Music@4b56c6bc
18:09:31.082 [JavaFX Application Thread] DEBUG AudioPlayer          - Playing music com.almasb.fxgl.audio.Music@4b56c6bc
18:09:31.225 [JavaFX Application Thread] DEBUG AudioPlayer          - Playing music com.almasb.fxgl.audio.Music@4b56c6bc
18:09:31.353 [JavaFX Application Thread] DEBUG AudioPlayer          - Playing music com.almasb.fxgl.audio.Music@4b56c6bc
18:09:31.498 [JavaFX Application Thread] DEBUG AudioPlayer          - Playing music com.almasb.fxgl.audio.Music@4b56c6bc
18:09:31.626 [JavaFX Application Thread] DEBUG AudioPlayer          - Playing music com.almasb.fxgl.audio.Music@4b56c6bc
18:09:31.753 [JavaFX Application Thread] DEBUG AudioPlayer          - Playing music com.almasb.fxgl.audio.Music@4b56c6bc
18:09:31.882 [JavaFX Application Thread] DEBUG AudioPlayer          - Playing music com.almasb.fxgl.audio.Music@4b56c6bc
18:09:32.026 [JavaFX Application Thread] DEBUG AudioPlayer          - Playing music com.almasb.fxgl.audio.Music@4b56c6bc
18:09:32.154 [JavaFX Application Thread] DEBUG AudioPlayer          - Playing music com.almasb.fxgl.audio.Music@4b56c6bc
18:09:32.297 [JavaFX Application Thread] DEBUG AudioPlayer          - Playing music com.almasb.fxgl.audio.Music@4b56c6bc
18:09:32.410 [JavaFX Application Thread] DEBUG AudioPlayer          - Playing music com.almasb.fxgl.audio.Music@4b56c6bc
18:09:32.536 [JavaFX Application Thread] DEBUG AudioPlayer          - Playing music com.almasb.fxgl.audio.Music@4b56c6bc
18:09:32.665 [JavaFX Application Thread] DEBUG AudioPlayer          - Playing music com.almasb.fxgl.audio.Music@4b56c6bc
18:09:32.794 [JavaFX Application Thread] DEBUG AudioPlayer          - Playing music com.almasb.fxgl.audio.Music@4b56c6bc
18:09:32.922 [JavaFX Application Thread] DEBUG AudioPlayer          - Playing music com.almasb.fxgl.audio.Music@4b56c6bc
18:09:33.050 [JavaFX Application Thread] DEBUG AudioPlayer          - Playing music com.almasb.fxgl.audio.Music@4b56c6bc
18:09:33.193 [JavaFX Application Thread] DEBUG AudioPlayer          - Playing music com.almasb.fxgl.audio.Music@4b56c6bc
18:09:33.321 [JavaFX Application Thread] DEBUG AudioPlayer          - Playing music com.almasb.fxgl.audio.Music@4b56c6bc
18:09:33.465 [JavaFX Application Thread] DEBUG AudioPlayer          - Playing music com.almasb.fxgl.audio.Music@4b56c6bc
18:09:33.497 [JavaFX Application Thread] DEBUG AudioPlayer          - Playing music com.almasb.fxgl.audio.Music@889aa2e
18:09:36.106 [JavaFX Application Thread] DEBUG AudioPlayer          - Playing music com.almasb.fxgl.audio.Music@4b56c6bc
18:09:36.345 [JavaFX Application Thread] DEBUG AudioPlayer          - Playing music com.almasb.fxgl.audio.Music@4b56c6bc
18:09:36.505 [JavaFX Application Thread] DEBUG AudioPlayer          - Playing music com.almasb.fxgl.audio.Music@889aa2e
18:09:36.522 [JavaFX Application Thread] DEBUG AudioPlayer          - Playing music com.almasb.fxgl.audio.Music@4b56c6bc
18:09:38.233 [JavaFX Application Thread] DEBUG AudioPlayer          - Playing music com.almasb.fxgl.audio.Music@4b56c6bc
18:09:38.249 [JavaFX Application Thread] DEBUG AudioPlayer          - Playing music com.almasb.fxgl.audio.Music@4b56c6bc
18:09:38.281 [JavaFX Application Thread] DEBUG AudioPlayer          - Playing music com.almasb.fxgl.audio.Music@250afe21
18:09:39.754 [JavaFX Application Thread] DEBUG AudioPlayer          - Playing music com.almasb.fxgl.audio.Music@889aa2e
18:09:39.833 [JavaFX Application Thread] DEBUG AudioPlayer          - Playing music com.almasb.fxgl.audio.Music@4b56c6bc
18:09:43.210 [JavaFX Application Thread] DEBUG AudioPlayer          - Playing music com.almasb.fxgl.audio.Music@889aa2e
18:09:45.529 [JavaFX Application Thread] DEBUG AudioPlayer          - Playing music com.almasb.fxgl.audio.Music@4b56c6bc
18:09:45.674 [JavaFX Application Thread] DEBUG AudioPlayer          - Playing music com.almasb.fxgl.audio.Music@4b56c6bc
18:09:45.802 [JavaFX Application Thread] DEBUG AudioPlayer          - Playing music com.almasb.fxgl.audio.Music@4b56c6bc
18:09:45.930 [JavaFX Application Thread] DEBUG AudioPlayer          - Playing music com.almasb.fxgl.audio.Music@4b56c6bc
18:09:46.058 [JavaFX Application Thread] DEBUG AudioPlayer          - Playing music com.almasb.fxgl.audio.Music@4b56c6bc
18:09:46.185 [JavaFX Application Thread] DEBUG AudioPlayer          - Playing music com.almasb.fxgl.audio.Music@4b56c6bc
18:09:46.313 [JavaFX Application Thread] DEBUG AudioPlayer          - Playing music com.almasb.fxgl.audio.Music@4b56c6bc
18:09:46.458 [JavaFX Application Thread] DEBUG AudioPlayer          - Playing music com.almasb.fxgl.audio.Music@4b56c6bc
18:09:46.586 [JavaFX Application Thread] DEBUG AudioPlayer          - Playing music com.almasb.fxgl.audio.Music@4b56c6bc
18:09:46.698 [JavaFX Application Thread] DEBUG AudioPlayer          - Playing music com.almasb.fxgl.audio.Music@4b56c6bc
18:09:46.825 [JavaFX Application Thread] DEBUG AudioPlayer          - Playing music com.almasb.fxgl.audio.Music@4b56c6bc
18:09:46.952 [JavaFX Application Thread] DEBUG AudioPlayer          - Playing music com.almasb.fxgl.audio.Music@4b56c6bc
18:09:47.082 [JavaFX Application Thread] DEBUG AudioPlayer          - Playing music com.almasb.fxgl.audio.Music@250afe21
18:09:47.881 [JavaFX Application Thread] DEBUG AudioPlayer          - Playing music com.almasb.fxgl.audio.Music@889aa2e
18:09:49.209 [JavaFX Application Thread] DEBUG AudioPlayer          - Playing music com.almasb.fxgl.audio.Music@4b56c6bc
18:09:49.305 [JavaFX Application Thread] DEBUG AudioPlayer          - Playing music com.almasb.fxgl.audio.Music@4b56c6bc
18:09:49.433 [JavaFX Application Thread] DEBUG AudioPlayer          - Playing music com.almasb.fxgl.audio.Music@4b56c6bc
18:09:49.545 [JavaFX Application Thread] DEBUG AudioPlayer          - Playing music com.almasb.fxgl.audio.Music@4b56c6bc
18:09:49.657 [JavaFX Application Thread] DEBUG AudioPlayer          - Playing music com.almasb.fxgl.audio.Music@4b56c6bc
18:09:49.785 [JavaFX Application Thread] DEBUG AudioPlayer          - Playing music com.almasb.fxgl.audio.Music@4b56c6bc
18:09:49.866 [JavaFX Application Thread] DEBUG AudioPlayer          - Playing music com.almasb.fxgl.audio.Music@4b56c6bc
18:09:49.882 [JavaFX Application Thread] DEBUG AudioPlayer          - Playing music com.almasb.fxgl.audio.Music@4b56c6bc
18:09:49.978 [JavaFX Application Thread] DEBUG AudioPlayer          - Playing music com.almasb.fxgl.audio.Music@4b56c6bc
18:09:50.090 [JavaFX Application Thread] DEBUG AudioPlayer          - Playing music com.almasb.fxgl.audio.Music@4b56c6bc
18:09:50.218 [JavaFX Application Thread] DEBUG AudioPlayer          - Playing music com.almasb.fxgl.audio.Music@4b56c6bc
18:09:50.329 [JavaFX Application Thread] DEBUG AudioPlayer          - Playing music com.almasb.fxgl.audio.Music@4b56c6bc
18:09:50.442 [JavaFX Application Thread] DEBUG AudioPlayer          - Playing music com.almasb.fxgl.audio.Music@4b56c6bc
18:09:50.553 [JavaFX Application Thread] DEBUG AudioPlayer          - Playing music com.almasb.fxgl.audio.Music@4b56c6bc
18:09:50.664 [JavaFX Application Thread] DEBUG AudioPlayer          - Playing music com.almasb.fxgl.audio.Music@4b56c6bc
18:09:50.777 [JavaFX Application Thread] DEBUG AudioPlayer          - Playing music com.almasb.fxgl.audio.Music@4b56c6bc
18:09:50.885 [JavaFX Application Thread] DEBUG AudioPlayer          - Playing music com.almasb.fxgl.audio.Music@4b56c6bc
18:09:51.001 [JavaFX Application Thread] DEBUG AudioPlayer          - Playing music com.almasb.fxgl.audio.Music@4b56c6bc
18:09:51.113 [JavaFX Application Thread] DEBUG AudioPlayer          - Playing music com.almasb.fxgl.audio.Music@4b56c6bc
18:09:51.237 [JavaFX Application Thread] DEBUG AudioPlayer          - Playing music com.almasb.fxgl.audio.Music@4b56c6bc
18:09:51.351 [JavaFX Application Thread] DEBUG AudioPlayer          - Playing music com.almasb.fxgl.audio.Music@4b56c6bc
18:09:51.462 [JavaFX Application Thread] DEBUG AudioPlayer          - Playing music com.almasb.fxgl.audio.Music@4b56c6bc
18:09:51.587 [JavaFX Application Thread] DEBUG AudioPlayer          - Playing music com.almasb.fxgl.audio.Music@4b56c6bc
18:09:51.723 [JavaFX Application Thread] DEBUG AudioPlayer          - Playing music com.almasb.fxgl.audio.Music@4b56c6bc
18:09:51.843 [JavaFX Application Thread] DEBUG AudioPlayer          - Playing music com.almasb.fxgl.audio.Music@4b56c6bc
18:09:51.961 [JavaFX Application Thread] DEBUG AudioPlayer          - Playing music com.almasb.fxgl.audio.Music@4b56c6bc
18:09:52.089 [JavaFX Application Thread] DEBUG AudioPlayer          - Playing music com.almasb.fxgl.audio.Music@4b56c6bc
18:09:52.231 [JavaFX Application Thread] DEBUG AudioPlayer          - Playing music com.almasb.fxgl.audio.Music@4b56c6bc
18:09:52.346 [JavaFX Application Thread] DEBUG AudioPlayer          - Playing music com.almasb.fxgl.audio.Music@4b56c6bc
18:09:52.473 [JavaFX Application Thread] DEBUG AudioPlayer          - Playing music com.almasb.fxgl.audio.Music@4b56c6bc
18:09:52.595 [JavaFX Application Thread] DEBUG AudioPlayer          - Playing music com.almasb.fxgl.audio.Music@4b56c6bc
18:09:52.729 [JavaFX Application Thread] DEBUG AudioPlayer          - Playing music com.almasb.fxgl.audio.Music@4b56c6bc
18:09:52.842 [JavaFX Application Thread] DEBUG AudioPlayer          - Playing music com.almasb.fxgl.audio.Music@4b56c6bc
18:09:52.969 [JavaFX Application Thread] DEBUG AudioPlayer          - Playing music com.almasb.fxgl.audio.Music@4b56c6bc
18:09:53.109 [JavaFX Application Thread] DEBUG AudioPlayer          - Playing music com.almasb.fxgl.audio.Music@4b56c6bc
18:09:53.240 [JavaFX Application Thread] DEBUG AudioPlayer          - Playing music com.almasb.fxgl.audio.Music@4b56c6bc
18:09:53.384 [JavaFX Application Thread] DEBUG AudioPlayer          - Playing music com.almasb.fxgl.audio.Music@4b56c6bc
18:09:53.497 [JavaFX Application Thread] DEBUG AudioPlayer          - Playing music com.almasb.fxgl.audio.Music@4b56c6bc
18:09:53.625 [JavaFX Application Thread] DEBUG AudioPlayer          - Playing music com.almasb.fxgl.audio.Music@4b56c6bc
18:09:53.737 [JavaFX Application Thread] DEBUG AudioPlayer          - Playing music com.almasb.fxgl.audio.Music@4b56c6bc
18:09:53.865 [JavaFX Application Thread] DEBUG AudioPlayer          - Playing music com.almasb.fxgl.audio.Music@4b56c6bc
18:09:54.009 [JavaFX Application Thread] DEBUG AudioPlayer          - Playing music com.almasb.fxgl.audio.Music@4b56c6bc
18:09:54.137 [JavaFX Application Thread] DEBUG AudioPlayer          - Playing music com.almasb.fxgl.audio.Music@4b56c6bc
18:09:54.233 [JavaFX Application Thread] DEBUG AudioPlayer          - Playing music com.almasb.fxgl.audio.Music@889aa2e
18:09:54.281 [JavaFX Application Thread] DEBUG AudioPlayer          - Playing music com.almasb.fxgl.audio.Music@4b56c6bc
18:09:54.409 [JavaFX Application Thread] DEBUG AudioPlayer          - Playing music com.almasb.fxgl.audio.Music@4b56c6bc
18:09:54.522 [JavaFX Application Thread] DEBUG AudioPlayer          - Playing music com.almasb.fxgl.audio.Music@4b56c6bc
18:09:54.650 [JavaFX Application Thread] DEBUG AudioPlayer          - Playing music com.almasb.fxgl.audio.Music@4b56c6bc
18:09:54.794 [JavaFX Application Thread] DEBUG AudioPlayer          - Playing music com.almasb.fxgl.audio.Music@4b56c6bc
18:09:54.921 [JavaFX Application Thread] DEBUG AudioPlayer          - Playing music com.almasb.fxgl.audio.Music@4b56c6bc
18:09:55.226 [JavaFX Application Thread] DEBUG AudioPlayer          - Playing music com.almasb.fxgl.audio.Music@4b56c6bc
18:09:55.353 [JavaFX Application Thread] DEBUG AudioPlayer          - Playing music com.almasb.fxgl.audio.Music@4b56c6bc
18:09:55.482 [JavaFX Application Thread] DEBUG AudioPlayer          - Playing music com.almasb.fxgl.audio.Music@4b56c6bc
18:09:55.625 [JavaFX Application Thread] DEBUG AudioPlayer          - Playing music com.almasb.fxgl.audio.Music@4b56c6bc
18:09:55.769 [JavaFX Application Thread] DEBUG AudioPlayer          - Playing music com.almasb.fxgl.audio.Music@4b56c6bc
18:09:55.881 [JavaFX Application Thread] DEBUG AudioPlayer          - Playing music com.almasb.fxgl.audio.Music@4b56c6bc
18:09:56.025 [JavaFX Application Thread] DEBUG AudioPlayer          - Playing music com.almasb.fxgl.audio.Music@4b56c6bc
18:09:56.153 [JavaFX Application Thread] DEBUG AudioPlayer          - Playing music com.almasb.fxgl.audio.Music@4b56c6bc
18:09:56.281 [JavaFX Application Thread] DEBUG AudioPlayer          - Playing music com.almasb.fxgl.audio.Music@4b56c6bc
18:09:56.425 [JavaFX Application Thread] DEBUG AudioPlayer          - Playing music com.almasb.fxgl.audio.Music@4b56c6bc
18:09:56.553 [JavaFX Application Thread] DEBUG AudioPlayer          - Playing music com.almasb.fxgl.audio.Music@250afe21
18:09:57.785 [JavaFX Application Thread] DEBUG AudioPlayer          - Playing music com.almasb.fxgl.audio.Music@4b56c6bc
18:09:57.834 [JavaFX Application Thread] DEBUG AudioPlayer          - Playing music com.almasb.fxgl.audio.Music@4b56c6bc
18:09:57.961 [JavaFX Application Thread] DEBUG AudioPlayer          - Playing music com.almasb.fxgl.audio.Music@4b56c6bc
18:09:58.058 [JavaFX Application Thread] DEBUG AudioPlayer          - Playing music com.almasb.fxgl.audio.Music@4b56c6bc
18:09:58.202 [JavaFX Application Thread] DEBUG AudioPlayer          - Playing music com.almasb.fxgl.audio.Music@4b56c6bc
18:09:58.314 [JavaFX Application Thread] DEBUG AudioPlayer          - Playing music com.almasb.fxgl.audio.Music@4b56c6bc
18:09:58.425 [JavaFX Application Thread] DEBUG AudioPlayer          - Playing music com.almasb.fxgl.audio.Music@4b56c6bc
18:09:58.537 [JavaFX Application Thread] DEBUG AudioPlayer          - Playing music com.almasb.fxgl.audio.Music@4b56c6bc
18:09:58.650 [JavaFX Application Thread] DEBUG AudioPlayer          - Playing music com.almasb.fxgl.audio.Music@4b56c6bc
18:09:58.777 [JavaFX Application Thread] DEBUG AudioPlayer          - Playing music com.almasb.fxgl.audio.Music@4b56c6bc
18:09:58.888 [JavaFX Application Thread] DEBUG AudioPlayer          - Playing music com.almasb.fxgl.audio.Music@4b56c6bc
18:09:59.001 [JavaFX Application Thread] DEBUG AudioPlayer          - Playing music com.almasb.fxgl.audio.Music@4b56c6bc
18:09:59.145 [JavaFX Application Thread] DEBUG AudioPlayer          - Playing music com.almasb.fxgl.audio.Music@4b56c6bc
18:09:59.257 [JavaFX Application Thread] DEBUG AudioPlayer          - Playing music com.almasb.fxgl.audio.Music@4b56c6bc
18:09:59.385 [JavaFX Application Thread] DEBUG AudioPlayer          - Playing music com.almasb.fxgl.audio.Music@4b56c6bc
18:09:59.478 [JavaFX Application Thread] DEBUG AudioPlayer          - Playing music com.almasb.fxgl.audio.Music@4b56c6bc
18:09:59.594 [JavaFX Application Thread] DEBUG AudioPlayer          - Playing music com.almasb.fxgl.audio.Music@4b56c6bc
18:09:59.721 [JavaFX Application Thread] DEBUG AudioPlayer          - Playing music com.almasb.fxgl.audio.Music@4b56c6bc
18:09:59.833 [JavaFX Application Thread] DEBUG AudioPlayer          - Playing music com.almasb.fxgl.audio.Music@4b56c6bc
18:09:59.945 [JavaFX Application Thread] DEBUG AudioPlayer          - Playing music com.almasb.fxgl.audio.Music@4b56c6bc
18:10:00.058 [JavaFX Application Thread] DEBUG AudioPlayer          - Playing music com.almasb.fxgl.audio.Music@4b56c6bc
18:10:00.182 [JavaFX Application Thread] DEBUG AudioPlayer          - Playing music com.almasb.fxgl.audio.Music@4b56c6bc
18:10:00.297 [JavaFX Application Thread] DEBUG AudioPlayer          - Playing music com.almasb.fxgl.audio.Music@4b56c6bc
18:10:00.408 [JavaFX Application Thread] DEBUG AudioPlayer          - Playing music com.almasb.fxgl.audio.Music@4b56c6bc
18:10:00.520 [JavaFX Application Thread] DEBUG AudioPlayer          - Playing music com.almasb.fxgl.audio.Music@4b56c6bc
18:10:00.630 [JavaFX Application Thread] DEBUG AudioPlayer          - Playing music com.almasb.fxgl.audio.Music@4b56c6bc
18:10:00.745 [JavaFX Application Thread] DEBUG AudioPlayer          - Playing music com.almasb.fxgl.audio.Music@4b56c6bc
18:10:00.856 [JavaFX Application Thread] DEBUG AudioPlayer          - Playing music com.almasb.fxgl.audio.Music@4b56c6bc
18:10:00.981 [JavaFX Application Thread] DEBUG AudioPlayer          - Playing music com.almasb.fxgl.audio.Music@4b56c6bc
18:10:01.113 [JavaFX Application Thread] DEBUG AudioPlayer          - Playing music com.almasb.fxgl.audio.Music@4b56c6bc
18:10:01.241 [JavaFX Application Thread] DEBUG AudioPlayer          - Playing music com.almasb.fxgl.audio.Music@4b56c6bc
18:10:01.368 [JavaFX Application Thread] DEBUG AudioPlayer          - Playing music com.almasb.fxgl.audio.Music@4b56c6bc
18:10:01.498 [JavaFX Application Thread] DEBUG AudioPlayer          - Playing music com.almasb.fxgl.audio.Music@4b56c6bc
18:10:01.624 [JavaFX Application Thread] DEBUG AudioPlayer          - Playing music com.almasb.fxgl.audio.Music@4b56c6bc
18:10:01.753 [JavaFX Application Thread] DEBUG AudioPlayer          - Playing music com.almasb.fxgl.audio.Music@4b56c6bc
18:10:01.882 [JavaFX Application Thread] DEBUG AudioPlayer          - Playing music com.almasb.fxgl.audio.Music@4b56c6bc
18:10:02.008 [JavaFX Application Thread] DEBUG AudioPlayer          - Playing music com.almasb.fxgl.audio.Music@4b56c6bc
18:10:02.137 [JavaFX Application Thread] DEBUG AudioPlayer          - Playing music com.almasb.fxgl.audio.Music@4b56c6bc
18:10:02.249 [JavaFX Application Thread] DEBUG AudioPlayer          - Playing music com.almasb.fxgl.audio.Music@4b56c6bc
18:10:02.378 [JavaFX Application Thread] DEBUG AudioPlayer          - Playing music com.almasb.fxgl.audio.Music@4b56c6bc
18:10:02.505 [JavaFX Application Thread] DEBUG AudioPlayer          - Playing music com.almasb.fxgl.audio.Music@4b56c6bc
18:10:02.625 [JavaFX Application Thread] DEBUG AudioPlayer          - Playing music com.almasb.fxgl.audio.Music@4b56c6bc
18:10:02.777 [JavaFX Application Thread] DEBUG AudioPlayer          - Playing music com.almasb.fxgl.audio.Music@4b56c6bc
18:10:02.905 [JavaFX Application Thread] DEBUG AudioPlayer          - Playing music com.almasb.fxgl.audio.Music@4b56c6bc
18:10:03.033 [JavaFX Application Thread] DEBUG AudioPlayer          - Playing music com.almasb.fxgl.audio.Music@4b56c6bc
18:10:03.161 [JavaFX Application Thread] DEBUG AudioPlayer          - Playing music com.almasb.fxgl.audio.Music@4b56c6bc
18:10:03.288 [JavaFX Application Thread] DEBUG AudioPlayer          - Playing music com.almasb.fxgl.audio.Music@4b56c6bc
18:10:03.416 [JavaFX Application Thread] DEBUG AudioPlayer          - Playing music com.almasb.fxgl.audio.Music@4b56c6bc
18:10:03.545 [JavaFX Application Thread] DEBUG AudioPlayer          - Playing music com.almasb.fxgl.audio.Music@4b56c6bc
18:10:03.673 [JavaFX Application Thread] DEBUG AudioPlayer          - Playing music com.almasb.fxgl.audio.Music@4b56c6bc
18:10:03.704 [JavaFX Application Thread] DEBUG AudioPlayer          - Playing music com.almasb.fxgl.audio.Music@889aa2e
18:10:03.801 [JavaFX Application Thread] DEBUG AudioPlayer          - Playing music com.almasb.fxgl.audio.Music@4b56c6bc
18:10:03.929 [JavaFX Application Thread] DEBUG AudioPlayer          - Playing music com.almasb.fxgl.audio.Music@4b56c6bc
18:10:04.057 [JavaFX Application Thread] DEBUG AudioPlayer          - Playing music com.almasb.fxgl.audio.Music@4b56c6bc
18:10:04.185 [JavaFX Application Thread] DEBUG AudioPlayer          - Playing music com.almasb.fxgl.audio.Music@4b56c6bc
18:10:04.330 [JavaFX Application Thread] DEBUG AudioPlayer          - Playing music com.almasb.fxgl.audio.Music@4b56c6bc
18:10:04.442 [JavaFX Application Thread] DEBUG AudioPlayer          - Playing music com.almasb.fxgl.audio.Music@4b56c6bc
18:10:04.586 [JavaFX Application Thread] DEBUG AudioPlayer          - Playing music com.almasb.fxgl.audio.Music@4b56c6bc
18:10:04.696 [JavaFX Application Thread] DEBUG AudioPlayer          - Playing music com.almasb.fxgl.audio.Music@4b56c6bc
18:10:04.825 [JavaFX Application Thread] DEBUG AudioPlayer          - Playing music com.almasb.fxgl.audio.Music@4b56c6bc
18:10:04.954 [JavaFX Application Thread] DEBUG AudioPlayer          - Playing music com.almasb.fxgl.audio.Music@250afe21
18:10:06.169 [JavaFX Application Thread] DEBUG AudioPlayer          - Playing music com.almasb.fxgl.audio.Music@4b56c6bc
18:10:06.281 [JavaFX Application Thread] DEBUG AudioPlayer          - Playing music com.almasb.fxgl.audio.Music@4b56c6bc
18:10:06.393 [JavaFX Application Thread] DEBUG AudioPlayer          - Playing music com.almasb.fxgl.audio.Music@4b56c6bc
18:10:06.505 [JavaFX Application Thread] DEBUG AudioPlayer          - Playing music com.almasb.fxgl.audio.Music@4b56c6bc
18:10:06.633 [JavaFX Application Thread] DEBUG AudioPlayer          - Playing music com.almasb.fxgl.audio.Music@4b56c6bc
18:10:06.729 [JavaFX Application Thread] DEBUG AudioPlayer          - Playing music com.almasb.fxgl.audio.Music@4b56c6bc
18:10:08.522 [JavaFX Application Thread] DEBUG AudioPlayer          - Playing music com.almasb.fxgl.audio.Music@4b56c6bc
18:10:08.633 [JavaFX Application Thread] DEBUG AudioPlayer          - Playing music com.almasb.fxgl.audio.Music@4b56c6bc
18:10:08.777 [JavaFX Application Thread] DEBUG AudioPlayer          - Playing music com.almasb.fxgl.audio.Music@4b56c6bc
18:10:08.890 [JavaFX Application Thread] DEBUG AudioPlayer          - Playing music com.almasb.fxgl.audio.Music@4b56c6bc
18:10:09.000 [JavaFX Application Thread] DEBUG AudioPlayer          - Playing music com.almasb.fxgl.audio.Music@4b56c6bc
18:10:09.108 [JavaFX Application Thread] DEBUG AudioPlayer          - Playing music com.almasb.fxgl.audio.Music@4b56c6bc
18:10:09.226 [JavaFX Application Thread] DEBUG AudioPlayer          - Playing music com.almasb.fxgl.audio.Music@4b56c6bc
18:10:09.337 [JavaFX Application Thread] DEBUG AudioPlayer          - Playing music com.almasb.fxgl.audio.Music@4b56c6bc
18:10:09.466 [JavaFX Application Thread] DEBUG AudioPlayer          - Playing music com.almasb.fxgl.audio.Music@4b56c6bc
18:10:09.594 [JavaFX Application Thread] DEBUG AudioPlayer          - Playing music com.almasb.fxgl.audio.Music@4b56c6bc
18:10:09.722 [JavaFX Application Thread] DEBUG AudioPlayer          - Playing music com.almasb.fxgl.audio.Music@4b56c6bc
18:10:09.849 [JavaFX Application Thread] DEBUG AudioPlayer          - Playing music com.almasb.fxgl.audio.Music@4b56c6bc
18:10:09.977 [JavaFX Application Thread] DEBUG AudioPlayer          - Playing music com.almasb.fxgl.audio.Music@4b56c6bc
18:10:10.105 [JavaFX Application Thread] DEBUG AudioPlayer          - Playing music com.almasb.fxgl.audio.Music@4b56c6bc
18:10:10.233 [JavaFX Application Thread] DEBUG AudioPlayer          - Playing music com.almasb.fxgl.audio.Music@4b56c6bc
18:10:10.360 [JavaFX Application Thread] DEBUG AudioPlayer          - Playing music com.almasb.fxgl.audio.Music@4b56c6bc
18:10:10.504 [JavaFX Application Thread] DEBUG AudioPlayer          - Playing music com.almasb.fxgl.audio.Music@4b56c6bc
18:10:10.617 [JavaFX Application Thread] DEBUG AudioPlayer          - Playing music com.almasb.fxgl.audio.Music@4b56c6bc
18:10:10.745 [JavaFX Application Thread] DEBUG AudioPlayer          - Playing music com.almasb.fxgl.audio.Music@4b56c6bc
18:10:10.873 [JavaFX Application Thread] DEBUG AudioPlayer          - Playing music com.almasb.fxgl.audio.Music@4b56c6bc
18:10:11.000 [JavaFX Application Thread] DEBUG AudioPlayer          - Playing music com.almasb.fxgl.audio.Music@4b56c6bc
18:10:11.129 [JavaFX Application Thread] DEBUG AudioPlayer          - Playing music com.almasb.fxgl.audio.Music@4b56c6bc
18:10:17.065 [JavaFX Application Thread] DEBUG AudioPlayer          - Playing music com.almasb.fxgl.audio.Music@889aa2e
18:10:18.906 [JavaFX Application Thread] DEBUG AudioPlayer          - Playing music com.almasb.fxgl.audio.Music@4b56c6bc
18:10:19.017 [JavaFX Application Thread] DEBUG AudioPlayer          - Playing music com.almasb.fxgl.audio.Music@4b56c6bc
18:10:19.162 [JavaFX Application Thread] DEBUG AudioPlayer          - Playing music com.almasb.fxgl.audio.Music@4b56c6bc
18:10:19.290 [JavaFX Application Thread] DEBUG AudioPlayer          - Playing music com.almasb.fxgl.audio.Music@4b56c6bc
18:10:19.433 [JavaFX Application Thread] DEBUG AudioPlayer          - Playing music com.almasb.fxgl.audio.Music@4b56c6bc
18:10:19.562 [JavaFX Application Thread] DEBUG AudioPlayer          - Playing music com.almasb.fxgl.audio.Music@4b56c6bc
18:10:19.690 [JavaFX Application Thread] DEBUG AudioPlayer          - Playing music com.almasb.fxgl.audio.Music@4b56c6bc
18:10:19.834 [JavaFX Application Thread] DEBUG AudioPlayer          - Playing music com.almasb.fxgl.audio.Music@4b56c6bc
18:10:19.961 [JavaFX Application Thread] DEBUG AudioPlayer          - Playing music com.almasb.fxgl.audio.Music@4b56c6bc
18:10:20.105 [JavaFX Application Thread] DEBUG AudioPlayer          - Playing music com.almasb.fxgl.audio.Music@889aa2e
18:10:20.106 [JavaFX Application Thread] DEBUG AudioPlayer          - Playing music com.almasb.fxgl.audio.Music@4b56c6bc
18:10:22.042 [JavaFX Application Thread] DEBUG AudioPlayer          - Playing music com.almasb.fxgl.audio.Music@4b56c6bc
18:10:22.426 [JavaFX Application Thread] DEBUG AudioPlayer          - Playing music com.almasb.fxgl.audio.Music@4b56c6bc
18:10:22.809 [JavaFX Application Thread] DEBUG AudioPlayer          - Playing music com.almasb.fxgl.audio.Music@4b56c6bc
18:10:22.954 [JavaFX Application Thread] DEBUG AudioPlayer          - Playing music com.almasb.fxgl.audio.Music@4b56c6bc
18:10:23.178 [JavaFX Application Thread] DEBUG AudioPlayer          - Playing music com.almasb.fxgl.audio.Music@889aa2e
18:10:25.323 [JavaFX Application Thread] DEBUG AudioPlayer          - Playing music com.almasb.fxgl.audio.Music@4b56c6bc
18:10:26.185 [JavaFX Application Thread] DEBUG AudioPlayer          - Playing music com.almasb.fxgl.audio.Music@889aa2e
18:10:29.290 [JavaFX Application Thread] DEBUG AudioPlayer          - Playing music com.almasb.fxgl.audio.Music@889aa2e
18:10:31.882 [JavaFX Application Thread] DEBUG AudioPlayer          - Playing music com.almasb.fxgl.audio.Music@4b56c6bc
18:10:32.426 [JavaFX Application Thread] DEBUG AudioPlayer          - Playing music com.almasb.fxgl.audio.Music@4b56c6bc
18:10:32.442 [JavaFX Application Thread] DEBUG AudioPlayer          - Playing music com.almasb.fxgl.audio.Music@889aa2e
18:10:35.577 [JavaFX Application Thread] DEBUG AudioPlayer          - Playing music com.almasb.fxgl.audio.Music@889aa2e
18:10:36.921 [JavaFX Application Thread] DEBUG AudioPlayer          - Playing music com.almasb.fxgl.audio.Music@4b56c6bc
18:10:37.065 [JavaFX Application Thread] DEBUG AudioPlayer          - Playing music com.almasb.fxgl.audio.Music@4b56c6bc
18:10:37.194 [JavaFX Application Thread] DEBUG AudioPlayer          - Playing music com.almasb.fxgl.audio.Music@4b56c6bc
18:10:37.322 [JavaFX Application Thread] DEBUG AudioPlayer          - Playing music com.almasb.fxgl.audio.Music@4b56c6bc
18:10:37.450 [JavaFX Application Thread] DEBUG AudioPlayer          - Playing music com.almasb.fxgl.audio.Music@4b56c6bc
18:10:37.593 [JavaFX Application Thread] DEBUG AudioPlayer          - Playing music com.almasb.fxgl.audio.Music@4b56c6bc
18:10:37.850 [JavaFX Application Thread] DEBUG AudioPlayer          - Playing music com.almasb.fxgl.audio.Music@4b56c6bc
18:10:37.994 [JavaFX Application Thread] DEBUG AudioPlayer          - Playing music com.almasb.fxgl.audio.Music@4b56c6bc
18:10:38.121 [JavaFX Application Thread] DEBUG AudioPlayer          - Playing music com.almasb.fxgl.audio.Music@4b56c6bc
18:10:38.265 [JavaFX Application Thread] DEBUG AudioPlayer          - Playing music com.almasb.fxgl.audio.Music@4b56c6bc
18:10:38.395 [JavaFX Application Thread] DEBUG AudioPlayer          - Playing music com.almasb.fxgl.audio.Music@4b56c6bc
18:10:38.522 [JavaFX Application Thread] DEBUG AudioPlayer          - Playing music com.almasb.fxgl.audio.Music@4b56c6bc
18:10:38.617 [JavaFX Application Thread] DEBUG AudioPlayer          - Playing music com.almasb.fxgl.audio.Music@889aa2e
18:10:40.637 [JavaFX Application Thread] DEBUG AudioPlayer          - Playing music com.almasb.fxgl.audio.Music@4b56c6bc
18:10:40.745 [JavaFX Application Thread] DEBUG AudioPlayer          - Playing music com.almasb.fxgl.audio.Music@4b56c6bc
18:10:40.890 [JavaFX Application Thread] DEBUG AudioPlayer          - Playing music com.almasb.fxgl.audio.Music@250afe21
18:10:42.121 [JavaFX Application Thread] DEBUG AudioPlayer          - Playing music com.almasb.fxgl.audio.Music@4b56c6bc
18:10:42.169 [JavaFX Application Thread] DEBUG AudioPlayer          - Playing music com.almasb.fxgl.audio.Music@4b56c6bc
18:10:42.297 [JavaFX Application Thread] DEBUG AudioPlayer          - Playing music com.almasb.fxgl.audio.Music@4b56c6bc
18:10:42.458 [JavaFX Application Thread] DEBUG AudioPlayer          - Playing music com.almasb.fxgl.audio.Music@4b56c6bc
18:10:42.714 [JavaFX Application Thread] DEBUG AudioPlayer          - Playing music com.almasb.fxgl.audio.Music@4b56c6bc
18:10:42.922 [JavaFX Application Thread] DEBUG AudioPlayer          - Playing music com.almasb.fxgl.audio.Music@4b56c6bc
18:10:43.161 [JavaFX Application Thread] DEBUG AudioPlayer          - Playing music com.almasb.fxgl.audio.Music@4b56c6bc
18:10:43.368 [JavaFX Application Thread] DEBUG AudioPlayer          - Playing music com.almasb.fxgl.audio.Music@4b56c6bc
18:10:43.482 [JavaFX Application Thread] DEBUG AudioPlayer          - Playing music com.almasb.fxgl.audio.Music@4b56c6bc
18:10:43.660 [JavaFX Application Thread] DEBUG AudioPlayer          - Playing music com.almasb.fxgl.audio.Music@4b56c6bc
18:10:43.834 [JavaFX Application Thread] DEBUG AudioPlayer          - Playing music com.almasb.fxgl.audio.Music@4b56c6bc
18:10:43.945 [JavaFX Application Thread] DEBUG AudioPlayer          - Playing music com.almasb.fxgl.audio.Music@4b56c6bc
18:10:44.169 [JavaFX Application Thread] DEBUG AudioPlayer          - Playing music com.almasb.fxgl.audio.Music@4b56c6bc
18:10:44.360 [JavaFX Application Thread] DEBUG AudioPlayer          - Playing music com.almasb.fxgl.audio.Music@4b56c6bc
18:10:44.490 [JavaFX Application Thread] DEBUG AudioPlayer          - Playing music com.almasb.fxgl.audio.Music@4b56c6bc
18:10:44.538 [JavaFX Application Thread] DEBUG AudioPlayer          - Playing music com.almasb.fxgl.audio.Music@4b56c6bc
18:10:44.585 [JavaFX Application Thread] DEBUG AudioPlayer          - Playing music com.almasb.fxgl.audio.Music@4b56c6bc
18:10:44.696 [JavaFX Application Thread] DEBUG AudioPlayer          - Playing music com.almasb.fxgl.audio.Music@4b56c6bc
18:10:44.809 [JavaFX Application Thread] DEBUG AudioPlayer          - Playing music com.almasb.fxgl.audio.Music@4b56c6bc
18:10:44.920 [JavaFX Application Thread] DEBUG AudioPlayer          - Playing music com.almasb.fxgl.audio.Music@4b56c6bc
18:10:45.033 [JavaFX Application Thread] DEBUG AudioPlayer          - Playing music com.almasb.fxgl.audio.Music@4b56c6bc
18:10:45.157 [JavaFX Application Thread] DEBUG AudioPlayer          - Playing music com.almasb.fxgl.audio.Music@4b56c6bc
18:10:45.273 [JavaFX Application Thread] DEBUG AudioPlayer          - Playing music com.almasb.fxgl.audio.Music@4b56c6bc
18:10:45.385 [JavaFX Application Thread] DEBUG AudioPlayer          - Playing music com.almasb.fxgl.audio.Music@4b56c6bc
18:10:45.510 [JavaFX Application Thread] DEBUG AudioPlayer          - Playing music com.almasb.fxgl.audio.Music@4b56c6bc
18:10:45.642 [JavaFX Application Thread] DEBUG AudioPlayer          - Playing music com.almasb.fxgl.audio.Music@4b56c6bc
18:10:45.785 [JavaFX Application Thread] DEBUG AudioPlayer          - Playing music com.almasb.fxgl.audio.Music@4b56c6bc
18:10:45.891 [JavaFX Application Thread] DEBUG AudioPlayer          - Playing music com.almasb.fxgl.audio.Music@4b56c6bc
18:10:46.026 [JavaFX Application Thread] DEBUG AudioPlayer          - Playing music com.almasb.fxgl.audio.Music@4b56c6bc
18:10:46.153 [JavaFX Application Thread] DEBUG AudioPlayer          - Playing music com.almasb.fxgl.audio.Music@4b56c6bc
18:10:46.279 [JavaFX Application Thread] DEBUG AudioPlayer          - Playing music com.almasb.fxgl.audio.Music@4b56c6bc
18:10:46.387 [JavaFX Application Thread] DEBUG AudioPlayer          - Playing music com.almasb.fxgl.audio.Music@4b56c6bc
18:10:46.521 [JavaFX Application Thread] DEBUG AudioPlayer          - Playing music com.almasb.fxgl.audio.Music@4b56c6bc
18:10:46.650 [JavaFX Application Thread] DEBUG AudioPlayer          - Playing music com.almasb.fxgl.audio.Music@4b56c6bc
18:10:46.778 [JavaFX Application Thread] DEBUG AudioPlayer          - Playing music com.almasb.fxgl.audio.Music@4b56c6bc
18:10:46.897 [JavaFX Application Thread] DEBUG AudioPlayer          - Playing music com.almasb.fxgl.audio.Music@4b56c6bc
18:10:47.049 [JavaFX Application Thread] DEBUG AudioPlayer          - Playing music com.almasb.fxgl.audio.Music@4b56c6bc
18:10:47.178 [JavaFX Application Thread] DEBUG AudioPlayer          - Playing music com.almasb.fxgl.audio.Music@4b56c6bc
18:10:47.306 [JavaFX Application Thread] DEBUG AudioPlayer          - Playing music com.almasb.fxgl.audio.Music@4b56c6bc
18:10:49.721 [JavaFX Application Thread] DEBUG AudioPlayer          - Playing music com.almasb.fxgl.audio.Music@4b56c6bc
18:10:49.865 [JavaFX Application Thread] DEBUG AudioPlayer          - Playing music com.almasb.fxgl.audio.Music@4b56c6bc
18:10:50.009 [JavaFX Application Thread] DEBUG AudioPlayer          - Playing music com.almasb.fxgl.audio.Music@4b56c6bc
18:10:50.137 [JavaFX Application Thread] DEBUG AudioPlayer          - Playing music com.almasb.fxgl.audio.Music@4b56c6bc
18:10:50.265 [JavaFX Application Thread] DEBUG AudioPlayer          - Playing music com.almasb.fxgl.audio.Music@4b56c6bc
18:10:50.392 [JavaFX Application Thread] DEBUG AudioPlayer          - Playing music com.almasb.fxgl.audio.Music@4b56c6bc
18:10:50.538 [JavaFX Application Thread] DEBUG AudioPlayer          - Playing music com.almasb.fxgl.audio.Music@4b56c6bc
18:10:50.683 [JavaFX Application Thread] DEBUG AudioPlayer          - Playing music com.almasb.fxgl.audio.Music@4b56c6bc
18:10:50.793 [JavaFX Application Thread] DEBUG AudioPlayer          - Playing music com.almasb.fxgl.audio.Music@4b56c6bc
18:10:50.921 [JavaFX Application Thread] DEBUG AudioPlayer          - Playing music com.almasb.fxgl.audio.Music@4b56c6bc
18:10:51.049 [JavaFX Application Thread] DEBUG AudioPlayer          - Playing music com.almasb.fxgl.audio.Music@4b56c6bc
18:10:51.178 [JavaFX Application Thread] DEBUG AudioPlayer          - Playing music com.almasb.fxgl.audio.Music@4b56c6bc
18:10:51.322 [JavaFX Application Thread] DEBUG AudioPlayer          - Playing music com.almasb.fxgl.audio.Music@4b56c6bc
18:10:51.433 [JavaFX Application Thread] DEBUG AudioPlayer          - Playing music com.almasb.fxgl.audio.Music@4b56c6bc
18:10:51.577 [JavaFX Application Thread] DEBUG AudioPlayer          - Playing music com.almasb.fxgl.audio.Music@4b56c6bc
18:10:51.721 [JavaFX Application Thread] DEBUG AudioPlayer          - Playing music com.almasb.fxgl.audio.Music@4b56c6bc
18:10:51.866 [JavaFX Application Thread] DEBUG AudioPlayer          - Playing music com.almasb.fxgl.audio.Music@4b56c6bc
18:10:52.010 [JavaFX Application Thread] DEBUG AudioPlayer          - Playing music com.almasb.fxgl.audio.Music@4b56c6bc
18:10:52.121 [JavaFX Application Thread] DEBUG AudioPlayer          - Playing music com.almasb.fxgl.audio.Music@4b56c6bc
18:10:52.265 [JavaFX Application Thread] DEBUG AudioPlayer          - Playing music com.almasb.fxgl.audio.Music@4b56c6bc
18:10:52.394 [JavaFX Application Thread] DEBUG AudioPlayer          - Playing music com.almasb.fxgl.audio.Music@250afe21
18:10:52.395 [JavaFX Application Thread] DEBUG AudioPlayer          - Stopping music com.almasb.fxgl.audio.Music@6da3dd39
18:10:52.396 [JavaFX Application Thread] DEBUG AudioPlayer          - Stopping music com.almasb.fxgl.audio.Music@784cbb08
18:10:52.398 [JavaFX Application Thread] DEBUG AudioPlayer          - Stopping music com.almasb.fxgl.audio.Music@38b62d05
18:10:52.398 [JavaFX Application Thread] DEBUG AudioPlayer          - Stopping music com.almasb.fxgl.audio.Music@250afe21
18:10:52.398 [JavaFX Application Thread] DEBUG AudioPlayer          - Stopping music com.almasb.fxgl.audio.Music@889aa2e
18:10:52.399 [JavaFX Application Thread] DEBUG AudioPlayer          - Stopping music com.almasb.fxgl.audio.Music@4b56c6bc
18:10:52.399 [JavaFX Application Thread] DEBUG AudioPlayer          - Stopping music com.almasb.fxgl.audio.Music@784cbb08
18:10:52.401 [JavaFX Application Thread] DEBUG FXGLAssetLoaderServi - Loading from file system: file:/C:/Users/ECE/IdeaProjects/LBYCPOBBulletCredits/target/classes/assets/music/victory.mp3
18:10:52.403 [JavaFX Application Thread] DEBUG AudioPlayer          - Playing music com.almasb.fxgl.audio.Music@46b8dcf9
18:10:52.406 [JavaFX Application Thread] DEBUG AudioPlayer          - Playing music com.almasb.fxgl.audio.Music@46b8dcf9
18:11:12.068 [JavaFX Application Thread] DEBUG FXGLApplication      - Exiting FXGL
18:11:12.068 [JavaFX Application Thread] DEBUG LoopRunner           - Stopping loop
18:11:12.069 [JavaFX Application Thread] DEBUG SystemBundleService  - Saving FXGL system data
18:11:12.070 [JavaFX Application Thread] DEBUG FileSystemAccess     - Writing to: C:\Users\ECE\IdeaProjects\LBYCPOBBulletCredits\system\fxgl.bundle
18:11:12.071 [JavaFX Application Thread] DEBUG Async                - Shutting down background threads
18:11:12.071 [JavaFX Application Thread] DEBUG PrimaryStageWindow   - Closing main window
18:11:12.096 [JavaFX Application Thread] DEBUG Logger               - Closing Logger
