18:12:13.837 [main                     ] DEBUG Logger               - Configured Logger
18:12:13.843 [main                     ] DEBUG GameApplication      - Logging settings
Title: OOP Bullet Credits
Version: 1.0
Width: 1280
Height: 720
Fullscreen: true
Intro: false
Profiling: false
Single step:false
App Mode: DEVELOPER
Menu Key: ESCAPE
Stage Style: DECORATED
Scene Factory: class com.almasb.fxgl.app.scene.SceneFactory

18:12:14.194 [JavaFX Application Thread] DEBUG FXGLApplication      - Initializing FXGL
18:12:14.198 [JavaFX Application Thread] INFO  Engine               - FXGL-25 (05.02.2026 22.57) on WINDOWS (J:25.0.3 FX:25.0.1)
18:12:14.198 [JavaFX Application Thread] DEBUG Engine               - JRE Vendor Name: Oracle Corporation
18:12:14.198 [JavaFX Application Thread] DEBUG Engine               - Running on OS: Windows 10 version 10.0
18:12:14.198 [JavaFX Application Thread] DEBUG Engine               - Architecture: amd64
18:12:14.198 [JavaFX Application Thread] INFO  Engine               - Source code and latest versions at: https://github.com/AlmasB/FXGL
18:12:14.198 [JavaFX Application Thread] INFO  Engine               -       Ask questions and discuss at: https://github.com/AlmasB/FXGL/discussions
18:12:14.301 [JavaFX Application Thread] DEBUG PrimaryStageWindow   - Creating a JavaFX scene
18:12:14.359 [JavaFX Application Thread] DEBUG PrimaryStageWindow   - Target settings size: 1280.0 x 720.0
18:12:14.359 [JavaFX Application Thread] DEBUG PrimaryStageWindow   - Scaled scene size:    1280.0 x 720.0
18:12:14.360 [JavaFX Application Thread] DEBUG PrimaryStageWindow   - Scaled ratio: (1.0, 1.0)
18:12:14.361 [JavaFX Application Thread] DEBUG PrimaryStageWindow   - Set initial scene to FXGLStartupScene
18:12:14.366 [JavaFX Application Thread] DEBUG PrimaryStageWindow   - Opening main window
18:12:14.722 [JavaFX Application Thread] DEBUG PrimaryStageWindow   - Window border size: (14.6666259765625, 38.0)
18:12:14.722 [JavaFX Application Thread] DEBUG PrimaryStageWindow   - Scaled size: 1280.0 x 720.0
18:12:14.722 [JavaFX Application Thread] DEBUG PrimaryStageWindow   - Scaled ratio: (1.0, 1.0)
18:12:14.722 [JavaFX Application Thread] DEBUG PrimaryStageWindow   - Scene size: 1280.0 x 720.0
18:12:14.723 [JavaFX Application Thread] DEBUG PrimaryStageWindow   - Stage size: 1294.6666259765625 x 758.0
18:12:14.839 [JavaFX Application Thread] DEBUG PrimaryStageWindow   - Going fullscreen
18:12:14.849 [FXGL Background Thread 1 ] DEBUG Engine               - Initializing environment variables
18:12:14.916 [FXGL Background Thread 1 ] DEBUG FXGLAssetLoaderServi - User app class for loading assets: class ph.edu.dlsu.lbycpob.lbycpobbulletcredits.Main
18:12:14.917 [FXGL Background Thread 1 ] DEBUG GameApplicationServi - Applying CSS: fxgl_dark.css
18:12:14.917 [FXGL Background Thread 1 ] DEBUG FXGLAssetLoaderServi - Loading from file system: jar:file:/C:/Users/ECE/.m2/repository/com/github/almasb/fxgl/25/fxgl-25.jar!/fxglassets/ui/css/fxgl_dark.css
18:12:14.960 [FXGL Background Thread 1 ] DEBUG GameApplicationServi - Initializing application scenes
18:12:14.997 [FXGL Background Thread 1 ] DEBUG GameWorld            - Game world initialized
18:12:15.046 [FXGL Background Thread 1 ] DEBUG PhysicsWorld         - Physics world initialized: appHeight=720, physics.ppm=50.0
18:12:15.046 [FXGL Background Thread 1 ] DEBUG PhysicsWorld         - Using strategy: BRUTE_FORCE
18:12:15.051 [FXGL Background Thread 1 ] DEBUG GameScene            - Game scene initialized: 1280x720
18:12:15.064 [FXGL Background Thread 1 ] DEBUG FXGL.DefaultMenu     - createMenuBodyGameMenu()
18:12:15.077 [FXGL Background Thread 1 ] DEBUG FXGL.DefaultMenu     - createOptionsMenu()
18:12:15.086 [FXGL Background Thread 1 ] DEBUG FXGLAssetLoaderServi - Loading from file system: jar:file:/C:/Users/ECE/.m2/repository/com/github/almasb/fxgl/25/fxgl-25.jar!/fxglassets/textures/particles/smoke.png
18:12:15.152 [FXGL Background Thread 1 ] DEBUG FXGLAssetLoaderServi - Loading from file system: jar:file:/C:/Users/ECE/.m2/repository/com/github/almasb/fxgl/25/fxgl-25.jar!/fxglassets/textures/particles/trace_horizontal.png
18:12:15.173 [FXGL Background Thread 1 ] DEBUG GameApplicationServi - Application scenes initialized
18:12:15.184 [FXGL Background Thread 1 ] DEBUG SystemBundleService  - Loading FXGL system data
18:12:15.185 [FXGL Background Thread 1 ] DEBUG FileSystemAccess     - Reading from: C:\Users\ECE\IdeaProjects\LBYCPOBBulletCredits\system\fxgl.bundle
18:12:15.187 [FXGL Background Thread 1 ] DEBUG SystemBundleService  - Bundle FXGL: {}
18:12:15.188 [FXGL Background Thread 1 ] DEBUG UpdaterService       - Checking for updates
18:12:15.191 [FXGL Background Thread 4 ] DEBUG FXGLApplication      - Loading fonts
18:12:15.191 [FXGL Background Thread 4 ] DEBUG FXGLAssetLoaderServi - Loading from file system: jar:file:/C:/Users/ECE/.m2/repository/com/github/almasb/fxgl/25/fxgl-25.jar!/fxglassets/ui/fonts/VarelaRound-Regular.ttf
18:12:15.192 [FXGL Background Thread 1 ] DEBUG FXGLApplication      - Loading default localization
18:12:15.192 [FXGL Background Thread 1 ] DEBUG FXGLAssetLoaderServi - Loading from file system: jar:file:/C:/Users/ECE/.m2/repository/com/github/almasb/fxgl/25/fxgl-25.jar!/fxglassets/languages/english.lang
18:12:15.197 [FXGL Background Thread 4 ] DEBUG FXGLAssetLoaderServi - Loading from file system: jar:file:/C:/Users/ECE/.m2/repository/com/github/almasb/fxgl/25/fxgl-25.jar!/fxglassets/ui/fonts/Abel-Regular.ttf
18:12:15.200 [FXGL Background Thread 4 ] DEBUG FXGLAssetLoaderServi - Loading from file system: jar:file:/C:/Users/ECE/.m2/repository/com/github/almasb/fxgl/25/fxgl-25.jar!/fxglassets/ui/fonts/TerminalLandMono-Regular.otf
18:12:15.202 [FXGL Background Thread 1 ] INFO  FXGLApplication      - FXGL initialization took: 0.354 sec
18:12:15.210 [FXGL Background Thread 4 ] DEBUG FXGLAssetLoaderServi - Loading from file system: jar:file:/C:/Users/ECE/.m2/repository/com/github/almasb/fxgl/25/fxgl-25.jar!/fxglassets/ui/fonts/Courier-Prime.ttf
18:12:15.223 [JavaFX Application Thread] DEBUG Input                - Registered new binding: Direction W - W
18:12:15.224 [JavaFX Application Thread] DEBUG Input                - Registered new binding: Direction UP - Up
18:12:15.224 [JavaFX Application Thread] DEBUG Input                - Registered new binding: Direction S - S
18:12:15.224 [JavaFX Application Thread] DEBUG Input                - Registered new binding: Direction DOWN - Down
18:12:15.224 [JavaFX Application Thread] DEBUG Input                - Registered new binding: Direction A - A
18:12:15.224 [JavaFX Application Thread] DEBUG Input                - Registered new binding: Direction LEFT - Left
18:12:15.225 [JavaFX Application Thread] DEBUG Input                - Registered new binding: Direction D - D
18:12:15.225 [JavaFX Application Thread] DEBUG Input                - Registered new binding: Direction RIGHT - Right
18:12:15.225 [JavaFX Application Thread] DEBUG Input                - Registered new binding: Start Game - Enter
18:12:15.225 [JavaFX Application Thread] DEBUG Input                - Registered new binding: Pause - P
18:12:15.225 [JavaFX Application Thread] DEBUG Input                - Registered new binding: Retry - R
18:12:15.225 [JavaFX Application Thread] DEBUG Input                - Registered new binding: Exit Game - Esc
18:12:15.226 [JavaFX Application Thread] DEBUG FXGLAssetLoaderServi - Loading from file system: jar:file:/C:/Users/ECE/.m2/repository/com/github/almasb/fxgl/25/fxgl-25.jar!/fxglassets/textures/fxgl_icon.png
18:12:15.238 [JavaFX Application Thread] DEBUG FXGLAssetLoaderServi - Loading from file system: jar:file:/C:/Users/ECE/.m2/repository/com/github/almasb/fxgl/25/fxgl-25.jar!/fxglassets/textures/fxgl_default_cursor.png
18:12:15.239 [JavaFX Application Thread] DEBUG Input                - Registered new binding: Screenshot - CTRL+8
18:12:15.240 [JavaFX Application Thread] DEBUG Input                - Registered new binding: System info dump - CTRL+9
18:12:15.240 [JavaFX Application Thread] DEBUG Input                - Registered new binding: Restart - CTRL+R
18:12:15.241 [JavaFX Application Thread] DEBUG Input                - Registered new binding: Toggle Debug Camera - CTRL+7
18:12:15.243 [JavaFX Application Thread] DEBUG LoopRunner           - Starting loop
18:12:15.243 [JavaFX Application Thread] DEBUG LoopRunner           - Initializing JavaFX AnimationTimerLoop
18:12:15.245 [JavaFX Application Thread] DEBUG GameApplicationServi - Starting new game
18:12:15.246 [JavaFX Application Thread] DEBUG Input                - Clearing active input actions
18:12:15.254 [JavaFX Application Thread] DEBUG GameApplicationServi - Removing overlay from FXGLStartupScene and adding to FXGLLoadingScene
18:12:15.254 [JavaFX Application Thread] DEBUG PrimaryStageWindow   - FXGLStartupScene -> FXGLLoadingScene
18:12:15.254 [JavaFX Application Thread] DEBUG GameApplicationServi - Clearing previous game
18:12:15.254 [JavaFX Application Thread] DEBUG GameScene            - Clearing game scene
18:12:15.255 [JavaFX Application Thread] DEBUG GameWorld            - Clearing game world
18:12:15.255 [JavaFX Application Thread] DEBUG PhysicsWorld         - Clearing physics world
18:12:15.256 [FXGL Background Thread 4 ] DEBUG FXGLApplication      - Initializing game
18:12:15.256 [JavaFX Application Thread] DEBUG FXGLApplication      - Registering font factories with UI factory
18:12:15.295 [FXGL Background Thread 4 ] INFO  FXGLApplication      - Game initialization took: 0.040 sec
18:12:15.297 [JavaFX Application Thread] DEBUG Input                - Clearing active input actions
18:12:15.304 [JavaFX Application Thread] DEBUG GameApplicationServi - Removing overlay from FXGLLoadingScene and adding to GameScene
18:12:15.304 [JavaFX Application Thread] DEBUG PrimaryStageWindow   - FXGLLoadingScene -> GameScene
18:12:16.546 [JavaFX Application Thread] DEBUG FXGLAssetLoaderServi - Loading from file system: file:/C:/Users/ECE/IdeaProjects/LBYCPOBBulletCredits/target/classes/assets/music/battle-theme.mp3
18:12:16.635 [JavaFX Application Thread] DEBUG AudioPlayer          - Playing music com.almasb.fxgl.audio.Music@59a678ca
18:12:16.637 [JavaFX Application Thread] DEBUG FXGLAssetLoaderServi - Loading from file system: file:/C:/Users/ECE/IdeaProjects/LBYCPOBBulletCredits/target/classes/assets/music/shoot_loop.mp3
18:12:16.824 [JavaFX Application Thread] DEBUG AudioPlayer          - Playing music com.almasb.fxgl.audio.Music@46fe20e6
18:12:18.191 [FXGL Background Thread 3 ] DEBUG Engine               - Logging environment variables
18:12:18.191 [FXGL Background Thread 3 ] DEBUG Engine               - achievements: []
18:12:18.191 [FXGL Background Thread 3 ] DEBUG Engine               - actualHeight: 960.0
18:12:18.191 [FXGL Background Thread 3 ] DEBUG Engine               - actualHeightProperty: ReadOnlyDoubleProperty [value: 960.0]
18:12:18.191 [FXGL Background Thread 3 ] DEBUG Engine               - actualWidth: 1706.6666259765625
18:12:18.191 [FXGL Background Thread 3 ] DEBUG Engine               - actualWidthProperty: ReadOnlyDoubleProperty [value: 1706.6666259765625]
18:12:18.192 [FXGL Background Thread 3 ] DEBUG Engine               - appIcon: fxgl_icon.png
18:12:18.192 [FXGL Background Thread 3 ] DEBUG Engine               - applicationMode: DEVELOPER
18:12:18.192 [FXGL Background Thread 3 ] DEBUG Engine               - cSSList: [fxgl_dark.css]
18:12:18.192 [FXGL Background Thread 3 ] DEBUG Engine               - collisionDetectionStrategy: BRUTE_FORCE
18:12:18.192 [FXGL Background Thread 3 ] DEBUG Engine               - configClass: Optional.empty
18:12:18.192 [FXGL Background Thread 3 ] DEBUG Engine               - credits: []
18:12:18.192 [FXGL Background Thread 3 ] DEBUG Engine               - defaultCursor: CursorInfo(imageName=fxgl_default_cursor.png, hotspotX=7.0, hotspotY=6.0)
18:12:18.192 [FXGL Background Thread 3 ] DEBUG Engine               - devBBoxColorProperty: ObjectProperty [value: 0xff0000ff]
18:12:18.192 [FXGL Background Thread 3 ] DEBUG Engine               - devEnableDebugCameraProperty: BooleanProperty [value: false]
18:12:18.192 [FXGL Background Thread 3 ] DEBUG Engine               - devSensorColorProperty: ObjectProperty [value: 0xffff00ff]
18:12:18.192 [FXGL Background Thread 3 ] DEBUG Engine               - devShowBBoxProperty: BooleanProperty [value: false]
18:12:18.192 [FXGL Background Thread 3 ] DEBUG Engine               - devShowPositionProperty: BooleanProperty [value: false]
18:12:18.192 [FXGL Background Thread 3 ] DEBUG Engine               - enabledMenuItems: []
18:12:18.192 [FXGL Background Thread 3 ] DEBUG Engine               - engineServices: [class com.almasb.fxgl.app.services.FXGLAssetLoaderService, class com.almasb.fxgl.app.FXGLApplication$GameApplicationService, class com.almasb.fxgl.app.services.FXGLDialogService, class com.almasb.fxgl.app.services.IOTaskExecutorService, class com.almasb.fxgl.io.FileSystemService, class com.almasb.fxgl.localization.LocalizationService, class com.almasb.fxgl.app.services.SystemBundleService, class com.almasb.fxgl.profile.SaveLoadService, class com.almasb.fxgl.ui.FXGLUIFactoryServiceProvider, class com.almasb.fxgl.ui.FXGLDialogFactoryServiceProvider, class com.almasb.fxgl.audio.AudioPlayer, class com.almasb.fxgl.notification.impl.NotificationServiceProvider, class com.almasb.fxgl.achievement.AchievementService, class com.almasb.fxgl.cutscene.CutsceneService, class com.almasb.fxgl.minigames.MiniGameService, class com.almasb.fxgl.net.NetService, class com.almasb.fxgl.app.services.UpdaterService, class com.almasb.fxgl.dev.DevService]
18:12:18.192 [FXGL Background Thread 3 ] DEBUG Engine               - fontGame: Abel-Regular.ttf
18:12:18.192 [FXGL Background Thread 3 ] DEBUG Engine               - fontMono: TerminalLandMono-Regular.otf
18:12:18.192 [FXGL Background Thread 3 ] DEBUG Engine               - fontSizeScaleUI: 1.0
18:12:18.192 [FXGL Background Thread 3 ] DEBUG Engine               - fontText: Courier-Prime.ttf
18:12:18.192 [FXGL Background Thread 3 ] DEBUG Engine               - fontUI: VarelaRound-Regular.ttf
18:12:18.192 [FXGL Background Thread 3 ] DEBUG Engine               - fpsRefreshRate: 500.0 ms
18:12:18.193 [FXGL Background Thread 3 ] DEBUG Engine               - fullScreen: BooleanProperty [value: true]
18:12:18.193 [FXGL Background Thread 3 ] DEBUG Engine               - gameDifficulty: MEDIUM
18:12:18.193 [FXGL Background Thread 3 ] DEBUG Engine               - gameDifficultyProperty: ObjectProperty [value: MEDIUM]
18:12:18.193 [FXGL Background Thread 3 ] DEBUG Engine               - globalMusicVolume: 0.5
18:12:18.193 [FXGL Background Thread 3 ] DEBUG Engine               - globalMusicVolumeProperty: DoubleProperty [value: 0.5]
18:12:18.193 [FXGL Background Thread 3 ] DEBUG Engine               - globalSoundVolume: 0.5
18:12:18.193 [FXGL Background Thread 3 ] DEBUG Engine               - globalSoundVolumeProperty: DoubleProperty [value: 0.5]
18:12:18.193 [FXGL Background Thread 3 ] DEBUG Engine               - height: 720
18:12:18.193 [FXGL Background Thread 3 ] DEBUG Engine               - is3D: false
18:12:18.193 [FXGL Background Thread 3 ] DEBUG Engine               - isAndroid: false
18:12:18.193 [FXGL Background Thread 3 ] DEBUG Engine               - isBrowser: false
18:12:18.193 [FXGL Background Thread 3 ] DEBUG Engine               - isClickFeedbackEnabled: false
18:12:18.193 [FXGL Background Thread 3 ] DEBUG Engine               - isCloseConfirmation: false
18:12:18.193 [FXGL Background Thread 3 ] DEBUG Engine               - isDesktop: true
18:12:18.193 [FXGL Background Thread 3 ] DEBUG Engine               - isDeveloperMenuEnabled: false
18:12:18.193 [FXGL Background Thread 3 ] DEBUG Engine               - isEmbedded: false
18:12:18.193 [FXGL Background Thread 3 ] DEBUG Engine               - isEntityPreloadEnabled: true
18:12:18.193 [FXGL Background Thread 3 ] DEBUG Engine               - isExperimentalTiledLargeMap: false
18:12:18.193 [FXGL Background Thread 3 ] DEBUG Engine               - isFileSystemWriteAllowed: true
18:12:18.193 [FXGL Background Thread 3 ] DEBUG Engine               - isFullScreenAllowed: true
18:12:18.193 [FXGL Background Thread 3 ] DEBUG Engine               - isFullScreenFromStart: true
18:12:18.193 [FXGL Background Thread 3 ] DEBUG Engine               - isGameMenuEnabled: true
18:12:18.193 [FXGL Background Thread 3 ] DEBUG Engine               - isIOS: false
18:12:18.193 [FXGL Background Thread 3 ] DEBUG Engine               - isIntroEnabled: false
18:12:18.193 [FXGL Background Thread 3 ] DEBUG Engine               - isLinux: false
18:12:18.193 [FXGL Background Thread 3 ] DEBUG Engine               - isMac: false
18:12:18.193 [FXGL Background Thread 3 ] DEBUG Engine               - isMainMenuEnabled: false
18:12:18.193 [FXGL Background Thread 3 ] DEBUG Engine               - isManualResizeEnabled: false
18:12:18.193 [FXGL Background Thread 3 ] DEBUG Engine               - isMobile: false
18:12:18.193 [FXGL Background Thread 3 ] DEBUG Engine               - isNative: false
18:12:18.193 [FXGL Background Thread 3 ] DEBUG Engine               - isPauseMusicWhenMinimized: true
18:12:18.193 [FXGL Background Thread 3 ] DEBUG Engine               - isPreserveResizeRatio: false
18:12:18.193 [FXGL Background Thread 3 ] DEBUG Engine               - isProfilingEnabled: false
18:12:18.194 [FXGL Background Thread 3 ] DEBUG Engine               - isScaleAffectedOnResize: true
18:12:18.194 [FXGL Background Thread 3 ] DEBUG Engine               - isSingleStep: false
18:12:18.194 [FXGL Background Thread 3 ] DEBUG Engine               - isUserProfileEnabled: false
18:12:18.194 [FXGL Background Thread 3 ] DEBUG Engine               - isWindows: true
18:12:18.194 [FXGL Background Thread 3 ] DEBUG Engine               - language: ObjectProperty [value: ENGLISH]
18:12:18.194 [FXGL Background Thread 3 ] DEBUG Engine               - menuKey: ESCAPE
18:12:18.194 [FXGL Background Thread 3 ] DEBUG Engine               - mouseSensitivity: 0.2
18:12:18.194 [FXGL Background Thread 3 ] DEBUG Engine               - notificationViewClass: class com.almasb.fxgl.notification.view.XboxNotificationView
18:12:18.194 [FXGL Background Thread 3 ] DEBUG Engine               - pixelsPerMeter: 50.0
18:12:18.194 [FXGL Background Thread 3 ] DEBUG Engine               - platform: WINDOWS
18:12:18.194 [FXGL Background Thread 3 ] DEBUG Engine               - prefHeightProperty: ReadOnlyDoubleProperty [value: 720.0]
18:12:18.194 [FXGL Background Thread 3 ] DEBUG Engine               - prefWidthProperty: ReadOnlyDoubleProperty [value: 1280.0]
18:12:18.194 [FXGL Background Thread 3 ] DEBUG Engine               - profileDir: profiles/
18:12:18.194 [FXGL Background Thread 3 ] DEBUG Engine               - profileName: StringProperty [value: DEFAULT]
18:12:18.194 [FXGL Background Thread 3 ] DEBUG Engine               - randomSeed: -1
18:12:18.194 [FXGL Background Thread 3 ] DEBUG Engine               - runtimeInfo: RuntimeInfo(platform=WINDOWS, version=25, build=05.02.2026 22.57)
18:12:18.194 [FXGL Background Thread 3 ] DEBUG Engine               - saveFileExt: sav
18:12:18.194 [FXGL Background Thread 3 ] DEBUG Engine               - scaledHeightProp$fxgl: DoubleProperty [bound, value: 960.0]
18:12:18.194 [FXGL Background Thread 3 ] DEBUG Engine               - scaledWidthProp$fxgl: DoubleProperty [bound, value: 1706.6666259765625]
18:12:18.194 [FXGL Background Thread 3 ] DEBUG Engine               - sceneFactory: com.almasb.fxgl.app.scene.SceneFactory@3c0fae70
18:12:18.194 [FXGL Background Thread 3 ] DEBUG Engine               - secondsIn24h: 60
18:12:18.194 [FXGL Background Thread 3 ] DEBUG Engine               - soundMenuBack: menu/back.wav
18:12:18.194 [FXGL Background Thread 3 ] DEBUG Engine               - soundMenuPress: menu/press.wav
18:12:18.194 [FXGL Background Thread 3 ] DEBUG Engine               - soundMenuSelect: menu/select.wav
18:12:18.194 [FXGL Background Thread 3 ] DEBUG Engine               - soundNotification: core/notification.wav
18:12:18.194 [FXGL Background Thread 3 ] DEBUG Engine               - stageStyle: DECORATED
18:12:18.194 [FXGL Background Thread 3 ] DEBUG Engine               - supportedLanguages: [ENGLISH, FRENCH, GERMAN, HUNGARIAN, RUSSIAN]
18:12:18.194 [FXGL Background Thread 3 ] DEBUG Engine               - ticksPerSecond: -1
18:12:18.194 [FXGL Background Thread 3 ] DEBUG Engine               - title: OOP Bullet Credits
18:12:18.195 [FXGL Background Thread 3 ] DEBUG Engine               - urlGithub: https://github.com/AlmasB/FXGL
18:12:18.195 [FXGL Background Thread 3 ] DEBUG Engine               - urlLeaderboard: http://fxgl-top.herokuapp.com/
18:12:18.195 [FXGL Background Thread 3 ] DEBUG Engine               - urlPOM: https://raw.githubusercontent.com/AlmasB/FXGL/release/README.md
18:12:18.195 [FXGL Background Thread 3 ] DEBUG Engine               - userAppClass: class ph.edu.dlsu.lbycpob.lbycpobbulletcredits.Main
18:12:18.195 [FXGL Background Thread 3 ] DEBUG Engine               - version: 1.0
18:12:18.195 [FXGL Background Thread 3 ] DEBUG Engine               - versionCheckDays: 7
18:12:18.195 [FXGL Background Thread 3 ] DEBUG Engine               - width: 1280
18:12:18.195 [FXGL Background Thread 3 ] DEBUG Engine               - Logging services
18:12:18.195 [FXGL Background Thread 3 ] DEBUG Engine               - class com.almasb.fxgl.app.services.FXGLAssetLoaderService
18:12:18.195 [FXGL Background Thread 3 ] DEBUG Engine               - class com.almasb.fxgl.app.FXGLApplication$GameApplicationService
18:12:18.195 [FXGL Background Thread 3 ] DEBUG Engine               - class com.almasb.fxgl.app.services.FXGLDialogService
18:12:18.195 [FXGL Background Thread 3 ] DEBUG Engine               - class com.almasb.fxgl.app.services.IOTaskExecutorService
18:12:18.195 [FXGL Background Thread 3 ] DEBUG Engine               - class com.almasb.fxgl.io.FileSystemService
18:12:18.195 [FXGL Background Thread 3 ] DEBUG Engine               - class com.almasb.fxgl.localization.LocalizationService
18:12:18.195 [FXGL Background Thread 3 ] DEBUG Engine               - class com.almasb.fxgl.app.services.SystemBundleService
18:12:18.195 [FXGL Background Thread 3 ] DEBUG Engine               - class com.almasb.fxgl.profile.SaveLoadService
18:12:18.195 [FXGL Background Thread 3 ] DEBUG Engine               - class com.almasb.fxgl.ui.FXGLUIFactoryServiceProvider
18:12:18.195 [FXGL Background Thread 3 ] DEBUG Engine               - class com.almasb.fxgl.ui.FXGLDialogFactoryServiceProvider
18:12:18.195 [FXGL Background Thread 3 ] DEBUG Engine               - class com.almasb.fxgl.audio.AudioPlayer
18:12:18.196 [FXGL Background Thread 3 ] DEBUG Engine               - class com.almasb.fxgl.notification.impl.NotificationServiceProvider
18:12:18.196 [FXGL Background Thread 3 ] DEBUG Engine               - class com.almasb.fxgl.achievement.AchievementService
18:12:18.196 [FXGL Background Thread 3 ] DEBUG Engine               - class com.almasb.fxgl.cutscene.CutsceneService
18:12:18.196 [FXGL Background Thread 3 ] DEBUG Engine               - class com.almasb.fxgl.minigames.MiniGameService
18:12:18.196 [FXGL Background Thread 3 ] DEBUG Engine               - class com.almasb.fxgl.net.NetService
18:12:18.196 [FXGL Background Thread 3 ] DEBUG Engine               - class com.almasb.fxgl.app.services.UpdaterService
18:12:18.196 [FXGL Background Thread 3 ] DEBUG Engine               - class com.almasb.fxgl.dev.DevService
18:12:19.749 [JavaFX Application Thread] DEBUG FXGLAssetLoaderServi - Loading from file system: file:/C:/Users/ECE/IdeaProjects/LBYCPOBBulletCredits/target/classes/assets/music/word_hit.mp3
18:12:19.752 [JavaFX Application Thread] DEBUG AudioPlayer          - Playing music com.almasb.fxgl.audio.Music@5319e8e4
18:12:19.858 [JavaFX Application Thread] DEBUG AudioPlayer          - Playing music com.almasb.fxgl.audio.Music@5319e8e4
18:12:20.325 [JavaFX Application Thread] DEBUG AudioPlayer          - Playing music com.almasb.fxgl.audio.Music@5319e8e4
18:12:20.434 [JavaFX Application Thread] DEBUG AudioPlayer          - Playing music com.almasb.fxgl.audio.Music@5319e8e4
18:12:20.549 [JavaFX Application Thread] DEBUG FXGLAssetLoaderServi - Loading from file system: file:/C:/Users/ECE/IdeaProjects/LBYCPOBBulletCredits/target/classes/assets/music/explosion.mp3
18:12:20.552 [JavaFX Application Thread] DEBUG AudioPlayer          - Playing music com.almasb.fxgl.audio.Music@1f0cbedc
18:12:21.828 [JavaFX Application Thread] DEBUG AudioPlayer          - Playing music com.almasb.fxgl.audio.Music@1f0cbedc
18:12:23.365 [JavaFX Application Thread] DEBUG AudioPlayer          - Playing music com.almasb.fxgl.audio.Music@5319e8e4
18:12:23.494 [JavaFX Application Thread] DEBUG AudioPlayer          - Playing music com.almasb.fxgl.audio.Music@5319e8e4
18:12:23.621 [JavaFX Application Thread] DEBUG AudioPlayer          - Playing music com.almasb.fxgl.audio.Music@5319e8e4
18:12:23.750 [JavaFX Application Thread] DEBUG AudioPlayer          - Playing music com.almasb.fxgl.audio.Music@1f0cbedc
18:12:25.269 [JavaFX Application Thread] DEBUG AudioPlayer          - Playing music com.almasb.fxgl.audio.Music@5319e8e4
18:12:25.397 [JavaFX Application Thread] DEBUG AudioPlayer          - Playing music com.almasb.fxgl.audio.Music@5319e8e4
18:12:25.525 [JavaFX Application Thread] DEBUG AudioPlayer          - Playing music com.almasb.fxgl.audio.Music@5319e8e4
18:12:25.651 [JavaFX Application Thread] DEBUG AudioPlayer          - Playing music com.almasb.fxgl.audio.Music@1f0cbedc
18:12:35.845 [JavaFX Application Thread] DEBUG FXGLAssetLoaderServi - Loading from file system: file:/C:/Users/ECE/IdeaProjects/LBYCPOBBulletCredits/target/classes/assets/music/boss_hit.mp3
18:12:35.849 [JavaFX Application Thread] DEBUG AudioPlayer          - Playing music com.almasb.fxgl.audio.Music@6beedfce
18:12:36.724 [JavaFX Application Thread] DEBUG AudioPlayer          - Playing music com.almasb.fxgl.audio.Music@6beedfce
18:12:37.367 [JavaFX Application Thread] DEBUG FXGLAssetLoaderServi - Loading from file system: file:/C:/Users/ECE/IdeaProjects/LBYCPOBBulletCredits/target/classes/assets/music/damage.mp3
18:12:37.369 [JavaFX Application Thread] DEBUG AudioPlayer          - Playing music com.almasb.fxgl.audio.Music@1c4cea6a
18:12:37.430 [JavaFX Application Thread] DEBUG AudioPlayer          - Playing music com.almasb.fxgl.audio.Music@6beedfce
18:12:39.536 [JavaFX Application Thread] DEBUG AudioPlayer          - Playing music com.almasb.fxgl.audio.Music@6beedfce
18:12:39.654 [JavaFX Application Thread] DEBUG AudioPlayer          - Playing music com.almasb.fxgl.audio.Music@6beedfce
18:12:40.148 [JavaFX Application Thread] DEBUG AudioPlayer          - Playing music com.almasb.fxgl.audio.Music@6beedfce
18:12:40.278 [JavaFX Application Thread] DEBUG AudioPlayer          - Playing music com.almasb.fxgl.audio.Music@6beedfce
18:12:40.402 [JavaFX Application Thread] DEBUG AudioPlayer          - Playing music com.almasb.fxgl.audio.Music@6beedfce
18:12:40.529 [JavaFX Application Thread] DEBUG AudioPlayer          - Playing music com.almasb.fxgl.audio.Music@6beedfce
18:12:41.426 [JavaFX Application Thread] DEBUG AudioPlayer          - Playing music com.almasb.fxgl.audio.Music@6beedfce
18:12:42.130 [JavaFX Application Thread] DEBUG AudioPlayer          - Playing music com.almasb.fxgl.audio.Music@6beedfce
18:12:42.148 [JavaFX Application Thread] DEBUG AudioPlayer          - Playing music com.almasb.fxgl.audio.Music@6beedfce
18:12:42.166 [JavaFX Application Thread] DEBUG AudioPlayer          - Playing music com.almasb.fxgl.audio.Music@1c4cea6a
18:12:42.167 [JavaFX Application Thread] DEBUG AudioPlayer          - Playing music com.almasb.fxgl.audio.Music@6beedfce
18:12:42.246 [JavaFX Application Thread] DEBUG AudioPlayer          - Playing music com.almasb.fxgl.audio.Music@6beedfce
18:12:42.366 [JavaFX Application Thread] DEBUG AudioPlayer          - Playing music com.almasb.fxgl.audio.Music@6beedfce
18:12:42.493 [JavaFX Application Thread] DEBUG AudioPlayer          - Playing music com.almasb.fxgl.audio.Music@6beedfce
18:12:44.694 [JavaFX Application Thread] DEBUG AudioPlayer          - Playing music com.almasb.fxgl.audio.Music@6beedfce
18:12:44.806 [JavaFX Application Thread] DEBUG AudioPlayer          - Playing music com.almasb.fxgl.audio.Music@6beedfce
18:12:44.948 [JavaFX Application Thread] DEBUG AudioPlayer          - Playing music com.almasb.fxgl.audio.Music@6beedfce
18:12:45.318 [JavaFX Application Thread] DEBUG AudioPlayer          - Playing music com.almasb.fxgl.audio.Music@6beedfce
18:12:45.446 [JavaFX Application Thread] DEBUG AudioPlayer          - Playing music com.almasb.fxgl.audio.Music@6beedfce
18:12:45.572 [JavaFX Application Thread] DEBUG AudioPlayer          - Playing music com.almasb.fxgl.audio.Music@6beedfce
18:12:45.694 [JavaFX Application Thread] DEBUG AudioPlayer          - Playing music com.almasb.fxgl.audio.Music@6beedfce
18:12:45.814 [JavaFX Application Thread] DEBUG AudioPlayer          - Playing music com.almasb.fxgl.audio.Music@6beedfce
18:12:45.862 [JavaFX Application Thread] DEBUG AudioPlayer          - Playing music com.almasb.fxgl.audio.Music@1c4cea6a
18:12:47.558 [JavaFX Application Thread] DEBUG AudioPlayer          - Playing music com.almasb.fxgl.audio.Music@6beedfce
18:12:47.645 [JavaFX Application Thread] DEBUG AudioPlayer          - Playing music com.almasb.fxgl.audio.Music@6beedfce
18:12:47.767 [JavaFX Application Thread] DEBUG AudioPlayer          - Playing music com.almasb.fxgl.audio.Music@6beedfce
18:12:48.421 [JavaFX Application Thread] DEBUG AudioPlayer          - Playing music com.almasb.fxgl.audio.Music@6beedfce
18:12:48.549 [JavaFX Application Thread] DEBUG AudioPlayer          - Playing music com.almasb.fxgl.audio.Music@6beedfce
18:12:50.630 [JavaFX Application Thread] DEBUG AudioPlayer          - Playing music com.almasb.fxgl.audio.Music@1c4cea6a
18:12:52.336 [JavaFX Application Thread] DEBUG AudioPlayer          - Playing music com.almasb.fxgl.audio.Music@1f0cbedc
18:12:54.758 [JavaFX Application Thread] DEBUG AudioPlayer          - Playing music com.almasb.fxgl.audio.Music@5319e8e4
18:12:54.917 [JavaFX Application Thread] DEBUG AudioPlayer          - Playing music com.almasb.fxgl.audio.Music@5319e8e4
18:12:55.124 [JavaFX Application Thread] DEBUG AudioPlayer          - Playing music com.almasb.fxgl.audio.Music@5319e8e4
18:12:55.350 [JavaFX Application Thread] DEBUG AudioPlayer          - Playing music com.almasb.fxgl.audio.Music@1f0cbedc
18:12:55.954 [JavaFX Application Thread] DEBUG AudioPlayer          - Playing music com.almasb.fxgl.audio.Music@5319e8e4
18:12:56.002 [JavaFX Application Thread] DEBUG AudioPlayer          - Playing music com.almasb.fxgl.audio.Music@5319e8e4
18:12:56.045 [JavaFX Application Thread] DEBUG AudioPlayer          - Playing music com.almasb.fxgl.audio.Music@5319e8e4
18:12:56.117 [JavaFX Application Thread] DEBUG AudioPlayer          - Playing music com.almasb.fxgl.audio.Music@1f0cbedc
18:12:58.742 [JavaFX Application Thread] DEBUG AudioPlayer          - Playing music com.almasb.fxgl.audio.Music@5319e8e4
18:12:58.869 [JavaFX Application Thread] DEBUG AudioPlayer          - Playing music com.almasb.fxgl.audio.Music@5319e8e4
18:12:58.990 [JavaFX Application Thread] DEBUG AudioPlayer          - Playing music com.almasb.fxgl.audio.Music@5319e8e4
18:12:59.110 [JavaFX Application Thread] DEBUG AudioPlayer          - Playing music com.almasb.fxgl.audio.Music@1f0cbedc
18:13:00.134 [JavaFX Application Thread] DEBUG AudioPlayer          - Playing music com.almasb.fxgl.audio.Music@5319e8e4
18:13:00.262 [JavaFX Application Thread] DEBUG AudioPlayer          - Playing music com.almasb.fxgl.audio.Music@5319e8e4
18:13:00.389 [JavaFX Application Thread] DEBUG AudioPlayer          - Playing music com.almasb.fxgl.audio.Music@5319e8e4
18:13:00.518 [JavaFX Application Thread] DEBUG AudioPlayer          - Playing music com.almasb.fxgl.audio.Music@5319e8e4
18:13:00.645 [JavaFX Application Thread] DEBUG AudioPlayer          - Playing music com.almasb.fxgl.audio.Music@1f0cbedc
18:13:02.070 [JavaFX Application Thread] DEBUG AudioPlayer          - Playing music com.almasb.fxgl.audio.Music@6beedfce
18:13:02.406 [JavaFX Application Thread] DEBUG AudioPlayer          - Playing music com.almasb.fxgl.audio.Music@6beedfce
18:13:02.663 [JavaFX Application Thread] DEBUG AudioPlayer          - Playing music com.almasb.fxgl.audio.Music@6beedfce
18:13:02.710 [JavaFX Application Thread] DEBUG AudioPlayer          - Playing music com.almasb.fxgl.audio.Music@6beedfce
18:13:02.789 [JavaFX Application Thread] DEBUG AudioPlayer          - Playing music com.almasb.fxgl.audio.Music@6beedfce
18:13:02.886 [JavaFX Application Thread] DEBUG AudioPlayer          - Playing music com.almasb.fxgl.audio.Music@6beedfce
18:13:02.996 [JavaFX Application Thread] DEBUG AudioPlayer          - Playing music com.almasb.fxgl.audio.Music@6beedfce
18:13:03.030 [JavaFX Application Thread] DEBUG AudioPlayer          - Playing music com.almasb.fxgl.audio.Music@6beedfce
18:13:03.110 [JavaFX Application Thread] DEBUG AudioPlayer          - Playing music com.almasb.fxgl.audio.Music@6beedfce
18:13:03.348 [JavaFX Application Thread] DEBUG AudioPlayer          - Playing music com.almasb.fxgl.audio.Music@6beedfce
18:13:03.651 [JavaFX Application Thread] DEBUG AudioPlayer          - Playing music com.almasb.fxgl.audio.Music@6beedfce
18:13:03.972 [JavaFX Application Thread] DEBUG AudioPlayer          - Playing music com.almasb.fxgl.audio.Music@6beedfce
18:13:04.275 [JavaFX Application Thread] DEBUG AudioPlayer          - Playing music com.almasb.fxgl.audio.Music@6beedfce
18:13:04.578 [JavaFX Application Thread] DEBUG AudioPlayer          - Playing music com.almasb.fxgl.audio.Music@6beedfce
18:13:04.886 [JavaFX Application Thread] DEBUG AudioPlayer          - Playing music com.almasb.fxgl.audio.Music@6beedfce
18:13:05.250 [JavaFX Application Thread] DEBUG AudioPlayer          - Playing music com.almasb.fxgl.audio.Music@6beedfce
18:13:05.596 [JavaFX Application Thread] DEBUG AudioPlayer          - Playing music com.almasb.fxgl.audio.Music@6beedfce
18:13:05.693 [JavaFX Application Thread] DEBUG AudioPlayer          - Playing music com.almasb.fxgl.audio.Music@6beedfce
18:13:05.830 [JavaFX Application Thread] DEBUG AudioPlayer          - Playing music com.almasb.fxgl.audio.Music@6beedfce
18:13:05.942 [JavaFX Application Thread] DEBUG AudioPlayer          - Playing music com.almasb.fxgl.audio.Music@6beedfce
18:13:05.957 [JavaFX Application Thread] DEBUG AudioPlayer          - Playing music com.almasb.fxgl.audio.Music@6beedfce
18:13:06.086 [JavaFX Application Thread] DEBUG AudioPlayer          - Playing music com.almasb.fxgl.audio.Music@6beedfce
18:13:06.214 [JavaFX Application Thread] DEBUG AudioPlayer          - Playing music com.almasb.fxgl.audio.Music@6beedfce
18:13:06.293 [JavaFX Application Thread] DEBUG AudioPlayer          - Playing music com.almasb.fxgl.audio.Music@6beedfce
18:13:06.342 [JavaFX Application Thread] DEBUG AudioPlayer          - Playing music com.almasb.fxgl.audio.Music@6beedfce
18:13:06.462 [JavaFX Application Thread] DEBUG AudioPlayer          - Playing music com.almasb.fxgl.audio.Music@6beedfce
18:13:06.644 [JavaFX Application Thread] DEBUG AudioPlayer          - Playing music com.almasb.fxgl.audio.Music@6beedfce
18:13:07.014 [JavaFX Application Thread] DEBUG AudioPlayer          - Playing music com.almasb.fxgl.audio.Music@6beedfce
18:13:07.366 [JavaFX Application Thread] DEBUG AudioPlayer          - Playing music com.almasb.fxgl.audio.Music@6beedfce
18:13:07.717 [JavaFX Application Thread] DEBUG AudioPlayer          - Playing music com.almasb.fxgl.audio.Music@6beedfce
18:13:07.991 [JavaFX Application Thread] DEBUG AudioPlayer          - Playing music com.almasb.fxgl.audio.Music@1c4cea6a
18:13:08.069 [JavaFX Application Thread] DEBUG AudioPlayer          - Playing music com.almasb.fxgl.audio.Music@6beedfce
18:13:08.247 [JavaFX Application Thread] DEBUG AudioPlayer          - Playing music com.almasb.fxgl.audio.Music@1f0cbedc
18:13:08.406 [JavaFX Application Thread] DEBUG AudioPlayer          - Playing music com.almasb.fxgl.audio.Music@6beedfce
18:13:08.772 [JavaFX Application Thread] DEBUG AudioPlayer          - Playing music com.almasb.fxgl.audio.Music@6beedfce
18:13:09.026 [JavaFX Application Thread] DEBUG AudioPlayer          - Playing music com.almasb.fxgl.audio.Music@1f0cbedc
18:13:11.523 [JavaFX Application Thread] DEBUG AudioPlayer          - Playing music com.almasb.fxgl.audio.Music@5319e8e4
18:13:11.638 [JavaFX Application Thread] DEBUG AudioPlayer          - Playing music com.almasb.fxgl.audio.Music@5319e8e4
18:13:11.750 [JavaFX Application Thread] DEBUG AudioPlayer          - Playing music com.almasb.fxgl.audio.Music@5319e8e4
18:13:11.862 [JavaFX Application Thread] DEBUG AudioPlayer          - Playing music com.almasb.fxgl.audio.Music@5319e8e4
18:13:11.957 [JavaFX Application Thread] DEBUG AudioPlayer          - Playing music com.almasb.fxgl.audio.Music@1f0cbedc
18:13:15.909 [JavaFX Application Thread] DEBUG AudioPlayer          - Playing music com.almasb.fxgl.audio.Music@1c4cea6a
18:13:18.530 [JavaFX Application Thread] DEBUG AudioPlayer          - Playing music com.almasb.fxgl.audio.Music@5319e8e4
18:13:18.572 [JavaFX Application Thread] DEBUG AudioPlayer          - Playing music com.almasb.fxgl.audio.Music@5319e8e4
18:13:19.772 [JavaFX Application Thread] DEBUG AudioPlayer          - Playing music com.almasb.fxgl.audio.Music@1c4cea6a
18:13:23.142 [JavaFX Application Thread] DEBUG AudioPlayer          - Playing music com.almasb.fxgl.audio.Music@5319e8e4
18:13:23.269 [JavaFX Application Thread] DEBUG AudioPlayer          - Playing music com.almasb.fxgl.audio.Music@5319e8e4
18:13:23.398 [JavaFX Application Thread] DEBUG AudioPlayer          - Playing music com.almasb.fxgl.audio.Music@5319e8e4
18:13:23.524 [JavaFX Application Thread] DEBUG AudioPlayer          - Playing music com.almasb.fxgl.audio.Music@1f0cbedc
18:13:26.102 [JavaFX Application Thread] DEBUG AudioPlayer          - Playing music com.almasb.fxgl.audio.Music@1c4cea6a
18:13:29.270 [JavaFX Application Thread] DEBUG AudioPlayer          - Playing music com.almasb.fxgl.audio.Music@1c4cea6a
18:13:31.750 [JavaFX Application Thread] DEBUG AudioPlayer          - Playing music com.almasb.fxgl.audio.Music@5319e8e4
18:13:31.975 [JavaFX Application Thread] DEBUG AudioPlayer          - Playing music com.almasb.fxgl.audio.Music@5319e8e4
18:13:32.038 [JavaFX Application Thread] DEBUG AudioPlayer          - Playing music com.almasb.fxgl.audio.Music@1f0cbedc
18:13:35.079 [JavaFX Application Thread] DEBUG AudioPlayer          - Playing music com.almasb.fxgl.audio.Music@5319e8e4
18:13:35.206 [JavaFX Application Thread] DEBUG AudioPlayer          - Playing music com.almasb.fxgl.audio.Music@5319e8e4
18:13:35.334 [JavaFX Application Thread] DEBUG AudioPlayer          - Playing music com.almasb.fxgl.audio.Music@5319e8e4
18:13:35.478 [JavaFX Application Thread] DEBUG AudioPlayer          - Playing music com.almasb.fxgl.audio.Music@5319e8e4
18:13:35.622 [JavaFX Application Thread] DEBUG AudioPlayer          - Playing music com.almasb.fxgl.audio.Music@5319e8e4
18:13:35.751 [JavaFX Application Thread] DEBUG AudioPlayer          - Playing music com.almasb.fxgl.audio.Music@1f0cbedc
18:13:37.623 [JavaFX Application Thread] DEBUG AudioPlayer          - Playing music com.almasb.fxgl.audio.Music@6beedfce
18:13:37.798 [JavaFX Application Thread] DEBUG AudioPlayer          - Playing music com.almasb.fxgl.audio.Music@6beedfce
18:13:37.990 [JavaFX Application Thread] DEBUG AudioPlayer          - Playing music com.almasb.fxgl.audio.Music@6beedfce
18:13:38.182 [JavaFX Application Thread] DEBUG AudioPlayer          - Playing music com.almasb.fxgl.audio.Music@6beedfce
18:13:38.422 [JavaFX Application Thread] DEBUG AudioPlayer          - Playing music com.almasb.fxgl.audio.Music@6beedfce
18:13:38.630 [JavaFX Application Thread] DEBUG AudioPlayer          - Playing music com.almasb.fxgl.audio.Music@6beedfce
18:13:38.870 [JavaFX Application Thread] DEBUG AudioPlayer          - Playing music com.almasb.fxgl.audio.Music@6beedfce
18:13:39.078 [JavaFX Application Thread] DEBUG AudioPlayer          - Playing music com.almasb.fxgl.audio.Music@6beedfce
18:13:39.334 [JavaFX Application Thread] DEBUG AudioPlayer          - Playing music com.almasb.fxgl.audio.Music@6beedfce
18:13:39.477 [JavaFX Application Thread] DEBUG AudioPlayer          - Playing music com.almasb.fxgl.audio.Music@6beedfce
18:13:39.606 [JavaFX Application Thread] DEBUG AudioPlayer          - Playing music com.almasb.fxgl.audio.Music@6beedfce
18:13:39.718 [JavaFX Application Thread] DEBUG AudioPlayer          - Playing music com.almasb.fxgl.audio.Music@6beedfce
18:13:39.838 [JavaFX Application Thread] DEBUG AudioPlayer          - Playing music com.almasb.fxgl.audio.Music@6beedfce
18:13:39.942 [JavaFX Application Thread] DEBUG AudioPlayer          - Playing music com.almasb.fxgl.audio.Music@6beedfce
18:13:40.054 [JavaFX Application Thread] DEBUG AudioPlayer          - Playing music com.almasb.fxgl.audio.Music@6beedfce
18:13:40.182 [JavaFX Application Thread] DEBUG AudioPlayer          - Playing music com.almasb.fxgl.audio.Music@6beedfce
18:13:40.311 [JavaFX Application Thread] DEBUG AudioPlayer          - Playing music com.almasb.fxgl.audio.Music@6beedfce
18:13:42.918 [JavaFX Application Thread] DEBUG AudioPlayer          - Playing music com.almasb.fxgl.audio.Music@1c4cea6a
18:13:45.943 [JavaFX Application Thread] DEBUG AudioPlayer          - Playing music com.almasb.fxgl.audio.Music@1c4cea6a
18:13:48.199 [JavaFX Application Thread] DEBUG AudioPlayer          - Playing music com.almasb.fxgl.audio.Music@6beedfce
18:13:48.326 [JavaFX Application Thread] DEBUG AudioPlayer          - Playing music com.almasb.fxgl.audio.Music@6beedfce
18:13:48.599 [JavaFX Application Thread] DEBUG AudioPlayer          - Playing music com.almasb.fxgl.audio.Music@6beedfce
18:13:48.710 [JavaFX Application Thread] DEBUG AudioPlayer          - Playing music com.almasb.fxgl.audio.Music@6beedfce
18:13:48.838 [JavaFX Application Thread] DEBUG AudioPlayer          - Playing music com.almasb.fxgl.audio.Music@6beedfce
18:13:48.965 [JavaFX Application Thread] DEBUG AudioPlayer          - Playing music com.almasb.fxgl.audio.Music@6beedfce
18:13:49.046 [JavaFX Application Thread] DEBUG AudioPlayer          - Playing music com.almasb.fxgl.audio.Music@1c4cea6a
18:13:51.270 [JavaFX Application Thread] DEBUG AudioPlayer          - Playing music com.almasb.fxgl.audio.Music@6beedfce
18:13:51.302 [JavaFX Application Thread] DEBUG AudioPlayer          - Playing music com.almasb.fxgl.audio.Music@6beedfce
18:13:51.447 [JavaFX Application Thread] DEBUG AudioPlayer          - Playing music com.almasb.fxgl.audio.Music@6beedfce
18:13:51.557 [JavaFX Application Thread] DEBUG AudioPlayer          - Playing music com.almasb.fxgl.audio.Music@6beedfce
18:13:51.686 [JavaFX Application Thread] DEBUG AudioPlayer          - Playing music com.almasb.fxgl.audio.Music@6beedfce
18:13:51.814 [JavaFX Application Thread] DEBUG AudioPlayer          - Playing music com.almasb.fxgl.audio.Music@6beedfce
18:13:51.942 [JavaFX Application Thread] DEBUG AudioPlayer          - Playing music com.almasb.fxgl.audio.Music@6beedfce
18:13:52.070 [JavaFX Application Thread] DEBUG AudioPlayer          - Playing music com.almasb.fxgl.audio.Music@6beedfce
18:13:52.134 [JavaFX Application Thread] DEBUG AudioPlayer          - Playing music com.almasb.fxgl.audio.Music@1c4cea6a
18:13:55.192 [JavaFX Application Thread] DEBUG AudioPlayer          - Playing music com.almasb.fxgl.audio.Music@1c4cea6a
18:13:56.551 [JavaFX Application Thread] DEBUG AudioPlayer          - Playing music com.almasb.fxgl.audio.Music@6beedfce
18:13:56.551 [JavaFX Application Thread] DEBUG AudioPlayer          - Playing music com.almasb.fxgl.audio.Music@6beedfce
18:13:56.662 [JavaFX Application Thread] DEBUG AudioPlayer          - Playing music com.almasb.fxgl.audio.Music@6beedfce
18:13:56.790 [JavaFX Application Thread] DEBUG AudioPlayer          - Playing music com.almasb.fxgl.audio.Music@6beedfce
18:13:56.918 [JavaFX Application Thread] DEBUG AudioPlayer          - Playing music com.almasb.fxgl.audio.Music@6beedfce
18:13:57.046 [JavaFX Application Thread] DEBUG AudioPlayer          - Playing music com.almasb.fxgl.audio.Music@6beedfce
18:13:57.174 [JavaFX Application Thread] DEBUG AudioPlayer          - Playing music com.almasb.fxgl.audio.Music@1f0cbedc
18:14:00.774 [JavaFX Application Thread] DEBUG AudioPlayer          - Playing music com.almasb.fxgl.audio.Music@5319e8e4
18:14:00.902 [JavaFX Application Thread] DEBUG AudioPlayer          - Playing music com.almasb.fxgl.audio.Music@5319e8e4
18:14:02.646 [JavaFX Application Thread] DEBUG AudioPlayer          - Playing music com.almasb.fxgl.audio.Music@5319e8e4
18:14:02.774 [JavaFX Application Thread] DEBUG AudioPlayer          - Playing music com.almasb.fxgl.audio.Music@5319e8e4
18:14:07.095 [JavaFX Application Thread] DEBUG AudioPlayer          - Playing music com.almasb.fxgl.audio.Music@1c4cea6a
18:14:08.854 [JavaFX Application Thread] DEBUG AudioPlayer          - Playing music com.almasb.fxgl.audio.Music@5319e8e4
18:14:08.951 [JavaFX Application Thread] DEBUG AudioPlayer          - Playing music com.almasb.fxgl.audio.Music@5319e8e4
18:14:09.063 [JavaFX Application Thread] DEBUG AudioPlayer          - Playing music com.almasb.fxgl.audio.Music@5319e8e4
18:14:09.191 [JavaFX Application Thread] DEBUG AudioPlayer          - Playing music com.almasb.fxgl.audio.Music@1f0cbedc
18:14:10.151 [JavaFX Application Thread] DEBUG AudioPlayer          - Playing music com.almasb.fxgl.audio.Music@1c4cea6a
18:14:12.647 [JavaFX Application Thread] DEBUG AudioPlayer          - Playing music com.almasb.fxgl.audio.Music@5319e8e4
18:14:13.303 [JavaFX Application Thread] DEBUG AudioPlayer          - Playing music com.almasb.fxgl.audio.Music@1c4cea6a
18:14:16.087 [JavaFX Application Thread] DEBUG AudioPlayer          - Playing music com.almasb.fxgl.audio.Music@5319e8e4
18:14:16.375 [JavaFX Application Thread] DEBUG AudioPlayer          - Playing music com.almasb.fxgl.audio.Music@1c4cea6a
18:14:19.415 [JavaFX Application Thread] DEBUG AudioPlayer          - Playing music com.almasb.fxgl.audio.Music@1c4cea6a
18:14:20.743 [JavaFX Application Thread] DEBUG AudioPlayer          - Playing music com.almasb.fxgl.audio.Music@5319e8e4
18:14:20.871 [JavaFX Application Thread] DEBUG AudioPlayer          - Playing music com.almasb.fxgl.audio.Music@5319e8e4
18:14:20.998 [JavaFX Application Thread] DEBUG AudioPlayer          - Playing music com.almasb.fxgl.audio.Music@5319e8e4
18:14:21.127 [JavaFX Application Thread] DEBUG AudioPlayer          - Playing music com.almasb.fxgl.audio.Music@5319e8e4
18:14:21.256 [JavaFX Application Thread] DEBUG AudioPlayer          - Playing music com.almasb.fxgl.audio.Music@5319e8e4
18:14:21.383 [JavaFX Application Thread] DEBUG AudioPlayer          - Playing music com.almasb.fxgl.audio.Music@5319e8e4
18:14:21.511 [JavaFX Application Thread] DEBUG AudioPlayer          - Playing music com.almasb.fxgl.audio.Music@1f0cbedc
18:14:22.519 [JavaFX Application Thread] DEBUG AudioPlayer          - Playing music com.almasb.fxgl.audio.Music@1c4cea6a
18:14:24.774 [JavaFX Application Thread] DEBUG AudioPlayer          - Playing music com.almasb.fxgl.audio.Music@5319e8e4
18:14:24.919 [JavaFX Application Thread] DEBUG AudioPlayer          - Playing music com.almasb.fxgl.audio.Music@5319e8e4
18:14:25.047 [JavaFX Application Thread] DEBUG AudioPlayer          - Playing music com.almasb.fxgl.audio.Music@5319e8e4
18:14:25.175 [JavaFX Application Thread] DEBUG AudioPlayer          - Playing music com.almasb.fxgl.audio.Music@5319e8e4
18:14:25.319 [JavaFX Application Thread] DEBUG AudioPlayer          - Playing music com.almasb.fxgl.audio.Music@5319e8e4
18:14:25.446 [JavaFX Application Thread] DEBUG AudioPlayer          - Playing music com.almasb.fxgl.audio.Music@5319e8e4
18:14:25.575 [JavaFX Application Thread] DEBUG AudioPlayer          - Playing music com.almasb.fxgl.audio.Music@1f0cbedc
18:14:28.470 [JavaFX Application Thread] DEBUG AudioPlayer          - Playing music com.almasb.fxgl.audio.Music@1c4cea6a
18:14:32.695 [JavaFX Application Thread] DEBUG AudioPlayer          - Playing music com.almasb.fxgl.audio.Music@5319e8e4
18:14:33.319 [JavaFX Application Thread] DEBUG AudioPlayer          - Playing music com.almasb.fxgl.audio.Music@1f0cbedc
18:14:34.599 [JavaFX Application Thread] DEBUG AudioPlayer          - Playing music com.almasb.fxgl.audio.Music@6beedfce
18:14:34.695 [JavaFX Application Thread] DEBUG AudioPlayer          - Playing music com.almasb.fxgl.audio.Music@6beedfce
18:14:34.823 [JavaFX Application Thread] DEBUG AudioPlayer          - Playing music com.almasb.fxgl.audio.Music@6beedfce
18:14:34.934 [JavaFX Application Thread] DEBUG AudioPlayer          - Playing music com.almasb.fxgl.audio.Music@6beedfce
18:14:35.046 [JavaFX Application Thread] DEBUG AudioPlayer          - Playing music com.almasb.fxgl.audio.Music@6beedfce
18:14:35.175 [JavaFX Application Thread] DEBUG AudioPlayer          - Playing music com.almasb.fxgl.audio.Music@6beedfce
18:14:35.286 [JavaFX Application Thread] DEBUG AudioPlayer          - Playing music com.almasb.fxgl.audio.Music@6beedfce
18:14:35.415 [JavaFX Application Thread] DEBUG AudioPlayer          - Playing music com.almasb.fxgl.audio.Music@6beedfce
18:14:35.511 [JavaFX Application Thread] DEBUG AudioPlayer          - Playing music com.almasb.fxgl.audio.Music@6beedfce
18:14:35.623 [JavaFX Application Thread] DEBUG AudioPlayer          - Playing music com.almasb.fxgl.audio.Music@6beedfce
18:14:35.735 [JavaFX Application Thread] DEBUG AudioPlayer          - Playing music com.almasb.fxgl.audio.Music@6beedfce
18:14:35.863 [JavaFX Application Thread] DEBUG AudioPlayer          - Playing music com.almasb.fxgl.audio.Music@6beedfce
18:14:35.991 [JavaFX Application Thread] DEBUG AudioPlayer          - Playing music com.almasb.fxgl.audio.Music@6beedfce
18:14:36.103 [JavaFX Application Thread] DEBUG AudioPlayer          - Playing music com.almasb.fxgl.audio.Music@6beedfce
18:14:36.229 [JavaFX Application Thread] DEBUG AudioPlayer          - Playing music com.almasb.fxgl.audio.Music@6beedfce
18:14:36.342 [JavaFX Application Thread] DEBUG AudioPlayer          - Playing music com.almasb.fxgl.audio.Music@6beedfce
18:14:36.455 [JavaFX Application Thread] DEBUG AudioPlayer          - Playing music com.almasb.fxgl.audio.Music@6beedfce
18:14:36.597 [JavaFX Application Thread] DEBUG AudioPlayer          - Playing music com.almasb.fxgl.audio.Music@6beedfce
18:14:36.694 [JavaFX Application Thread] DEBUG AudioPlayer          - Playing music com.almasb.fxgl.audio.Music@6beedfce
18:14:36.823 [JavaFX Application Thread] DEBUG AudioPlayer          - Playing music com.almasb.fxgl.audio.Music@6beedfce
18:14:36.934 [JavaFX Application Thread] DEBUG AudioPlayer          - Playing music com.almasb.fxgl.audio.Music@6beedfce
18:14:37.062 [JavaFX Application Thread] DEBUG AudioPlayer          - Playing music com.almasb.fxgl.audio.Music@6beedfce
18:14:37.175 [JavaFX Application Thread] DEBUG AudioPlayer          - Playing music com.almasb.fxgl.audio.Music@6beedfce
18:14:37.271 [JavaFX Application Thread] DEBUG AudioPlayer          - Playing music com.almasb.fxgl.audio.Music@6beedfce
18:14:37.415 [JavaFX Application Thread] DEBUG AudioPlayer          - Playing music com.almasb.fxgl.audio.Music@6beedfce
18:14:37.526 [JavaFX Application Thread] DEBUG AudioPlayer          - Playing music com.almasb.fxgl.audio.Music@6beedfce
18:14:37.655 [JavaFX Application Thread] DEBUG AudioPlayer          - Playing music com.almasb.fxgl.audio.Music@6beedfce
18:14:37.767 [JavaFX Application Thread] DEBUG AudioPlayer          - Playing music com.almasb.fxgl.audio.Music@6beedfce
18:14:37.895 [JavaFX Application Thread] DEBUG AudioPlayer          - Playing music com.almasb.fxgl.audio.Music@6beedfce
18:14:38.024 [JavaFX Application Thread] DEBUG AudioPlayer          - Playing music com.almasb.fxgl.audio.Music@6beedfce
18:14:38.167 [JavaFX Application Thread] DEBUG AudioPlayer          - Playing music com.almasb.fxgl.audio.Music@6beedfce
18:14:38.279 [JavaFX Application Thread] DEBUG AudioPlayer          - Playing music com.almasb.fxgl.audio.Music@6beedfce
18:14:38.406 [JavaFX Application Thread] DEBUG AudioPlayer          - Playing music com.almasb.fxgl.audio.Music@6beedfce
18:14:38.535 [JavaFX Application Thread] DEBUG AudioPlayer          - Playing music com.almasb.fxgl.audio.Music@6beedfce
18:14:38.662 [JavaFX Application Thread] DEBUG AudioPlayer          - Playing music com.almasb.fxgl.audio.Music@6beedfce
18:14:38.790 [JavaFX Application Thread] DEBUG AudioPlayer          - Playing music com.almasb.fxgl.audio.Music@6beedfce
18:14:38.919 [JavaFX Application Thread] DEBUG AudioPlayer          - Playing music com.almasb.fxgl.audio.Music@6beedfce
18:14:39.047 [JavaFX Application Thread] DEBUG AudioPlayer          - Playing music com.almasb.fxgl.audio.Music@6beedfce
18:14:39.190 [JavaFX Application Thread] DEBUG AudioPlayer          - Playing music com.almasb.fxgl.audio.Music@6beedfce
18:14:39.319 [JavaFX Application Thread] DEBUG AudioPlayer          - Playing music com.almasb.fxgl.audio.Music@1f0cbedc
18:14:41.319 [JavaFX Application Thread] DEBUG AudioPlayer          - Playing music com.almasb.fxgl.audio.Music@6beedfce
18:14:41.447 [JavaFX Application Thread] DEBUG AudioPlayer          - Playing music com.almasb.fxgl.audio.Music@6beedfce
18:14:41.591 [JavaFX Application Thread] DEBUG AudioPlayer          - Playing music com.almasb.fxgl.audio.Music@6beedfce
18:14:41.719 [JavaFX Application Thread] DEBUG AudioPlayer          - Playing music com.almasb.fxgl.audio.Music@6beedfce
18:14:41.846 [JavaFX Application Thread] DEBUG AudioPlayer          - Playing music com.almasb.fxgl.audio.Music@6beedfce
18:14:41.975 [JavaFX Application Thread] DEBUG AudioPlayer          - Playing music com.almasb.fxgl.audio.Music@6beedfce
18:14:42.087 [JavaFX Application Thread] DEBUG AudioPlayer          - Playing music com.almasb.fxgl.audio.Music@6beedfce
18:14:42.231 [JavaFX Application Thread] DEBUG AudioPlayer          - Playing music com.almasb.fxgl.audio.Music@6beedfce
18:14:42.359 [JavaFX Application Thread] DEBUG AudioPlayer          - Playing music com.almasb.fxgl.audio.Music@6beedfce
18:14:42.487 [JavaFX Application Thread] DEBUG AudioPlayer          - Playing music com.almasb.fxgl.audio.Music@6beedfce
18:14:42.615 [JavaFX Application Thread] DEBUG AudioPlayer          - Playing music com.almasb.fxgl.audio.Music@6beedfce
18:14:42.743 [JavaFX Application Thread] DEBUG AudioPlayer          - Playing music com.almasb.fxgl.audio.Music@6beedfce
18:14:42.870 [JavaFX Application Thread] DEBUG AudioPlayer          - Playing music com.almasb.fxgl.audio.Music@6beedfce
18:14:42.999 [JavaFX Application Thread] DEBUG AudioPlayer          - Playing music com.almasb.fxgl.audio.Music@6beedfce
18:14:43.143 [JavaFX Application Thread] DEBUG AudioPlayer          - Playing music com.almasb.fxgl.audio.Music@6beedfce
18:14:43.303 [JavaFX Application Thread] DEBUG AudioPlayer          - Playing music com.almasb.fxgl.audio.Music@6beedfce
18:14:43.431 [JavaFX Application Thread] DEBUG AudioPlayer          - Playing music com.almasb.fxgl.audio.Music@6beedfce
18:14:43.559 [JavaFX Application Thread] DEBUG AudioPlayer          - Playing music com.almasb.fxgl.audio.Music@6beedfce
18:14:43.686 [JavaFX Application Thread] DEBUG AudioPlayer          - Playing music com.almasb.fxgl.audio.Music@6beedfce
18:14:43.815 [JavaFX Application Thread] DEBUG AudioPlayer          - Playing music com.almasb.fxgl.audio.Music@6beedfce
18:14:43.943 [JavaFX Application Thread] DEBUG AudioPlayer          - Playing music com.almasb.fxgl.audio.Music@6beedfce
18:14:44.071 [JavaFX Application Thread] DEBUG AudioPlayer          - Playing music com.almasb.fxgl.audio.Music@6beedfce
18:14:44.183 [JavaFX Application Thread] DEBUG AudioPlayer          - Playing music com.almasb.fxgl.audio.Music@6beedfce
18:14:44.311 [JavaFX Application Thread] DEBUG AudioPlayer          - Playing music com.almasb.fxgl.audio.Music@6beedfce
18:14:44.439 [JavaFX Application Thread] DEBUG AudioPlayer          - Playing music com.almasb.fxgl.audio.Music@6beedfce
18:14:44.567 [JavaFX Application Thread] DEBUG AudioPlayer          - Playing music com.almasb.fxgl.audio.Music@6beedfce
18:14:44.694 [JavaFX Application Thread] DEBUG AudioPlayer          - Playing music com.almasb.fxgl.audio.Music@6beedfce
18:14:44.839 [JavaFX Application Thread] DEBUG AudioPlayer          - Playing music com.almasb.fxgl.audio.Music@6beedfce
18:14:44.966 [JavaFX Application Thread] DEBUG AudioPlayer          - Playing music com.almasb.fxgl.audio.Music@6beedfce
18:14:45.111 [JavaFX Application Thread] DEBUG AudioPlayer          - Playing music com.almasb.fxgl.audio.Music@6beedfce
18:14:45.238 [JavaFX Application Thread] DEBUG AudioPlayer          - Playing music com.almasb.fxgl.audio.Music@6beedfce
18:14:45.368 [JavaFX Application Thread] DEBUG AudioPlayer          - Playing music com.almasb.fxgl.audio.Music@6beedfce
18:14:45.495 [JavaFX Application Thread] DEBUG AudioPlayer          - Playing music com.almasb.fxgl.audio.Music@6beedfce
18:14:45.527 [JavaFX Application Thread] DEBUG AudioPlayer          - Playing music com.almasb.fxgl.audio.Music@1c4cea6a
18:14:45.638 [JavaFX Application Thread] DEBUG AudioPlayer          - Playing music com.almasb.fxgl.audio.Music@6beedfce
18:14:45.767 [JavaFX Application Thread] DEBUG AudioPlayer          - Playing music com.almasb.fxgl.audio.Music@6beedfce
18:14:45.894 [JavaFX Application Thread] DEBUG AudioPlayer          - Playing music com.almasb.fxgl.audio.Music@6beedfce
18:14:46.039 [JavaFX Application Thread] DEBUG AudioPlayer          - Playing music com.almasb.fxgl.audio.Music@6beedfce
18:14:46.167 [JavaFX Application Thread] DEBUG AudioPlayer          - Playing music com.almasb.fxgl.audio.Music@6beedfce
18:14:46.311 [JavaFX Application Thread] DEBUG AudioPlayer          - Playing music com.almasb.fxgl.audio.Music@6beedfce
18:14:46.439 [JavaFX Application Thread] DEBUG AudioPlayer          - Playing music com.almasb.fxgl.audio.Music@1f0cbedc
18:14:48.887 [JavaFX Application Thread] DEBUG AudioPlayer          - Playing music com.almasb.fxgl.audio.Music@6beedfce
18:14:49.015 [JavaFX Application Thread] DEBUG AudioPlayer          - Playing music com.almasb.fxgl.audio.Music@6beedfce
18:14:49.158 [JavaFX Application Thread] DEBUG AudioPlayer          - Playing music com.almasb.fxgl.audio.Music@6beedfce
18:14:49.287 [JavaFX Application Thread] DEBUG AudioPlayer          - Playing music com.almasb.fxgl.audio.Music@6beedfce
18:14:49.415 [JavaFX Application Thread] DEBUG AudioPlayer          - Playing music com.almasb.fxgl.audio.Music@6beedfce
18:14:49.558 [JavaFX Application Thread] DEBUG AudioPlayer          - Playing music com.almasb.fxgl.audio.Music@6beedfce
18:14:49.687 [JavaFX Application Thread] DEBUG AudioPlayer          - Playing music com.almasb.fxgl.audio.Music@6beedfce
18:14:49.831 [JavaFX Application Thread] DEBUG AudioPlayer          - Playing music com.almasb.fxgl.audio.Music@6beedfce
18:14:49.975 [JavaFX Application Thread] DEBUG AudioPlayer          - Playing music com.almasb.fxgl.audio.Music@6beedfce
18:14:50.088 [JavaFX Application Thread] DEBUG AudioPlayer          - Playing music com.almasb.fxgl.audio.Music@6beedfce
18:14:50.215 [JavaFX Application Thread] DEBUG AudioPlayer          - Playing music com.almasb.fxgl.audio.Music@6beedfce
18:14:50.342 [JavaFX Application Thread] DEBUG AudioPlayer          - Playing music com.almasb.fxgl.audio.Music@6beedfce
18:14:50.488 [JavaFX Application Thread] DEBUG AudioPlayer          - Playing music com.almasb.fxgl.audio.Music@6beedfce
18:14:50.615 [JavaFX Application Thread] DEBUG AudioPlayer          - Playing music com.almasb.fxgl.audio.Music@6beedfce
18:14:50.759 [JavaFX Application Thread] DEBUG AudioPlayer          - Playing music com.almasb.fxgl.audio.Music@6beedfce
18:14:50.903 [JavaFX Application Thread] DEBUG AudioPlayer          - Playing music com.almasb.fxgl.audio.Music@6beedfce
18:14:51.014 [JavaFX Application Thread] DEBUG AudioPlayer          - Playing music com.almasb.fxgl.audio.Music@6beedfce
18:14:51.159 [JavaFX Application Thread] DEBUG AudioPlayer          - Playing music com.almasb.fxgl.audio.Music@6beedfce
18:14:51.287 [JavaFX Application Thread] DEBUG AudioPlayer          - Playing music com.almasb.fxgl.audio.Music@6beedfce
18:14:51.414 [JavaFX Application Thread] DEBUG AudioPlayer          - Playing music com.almasb.fxgl.audio.Music@6beedfce
18:14:51.542 [JavaFX Application Thread] DEBUG AudioPlayer          - Playing music com.almasb.fxgl.audio.Music@6beedfce
18:14:51.671 [JavaFX Application Thread] DEBUG AudioPlayer          - Playing music com.almasb.fxgl.audio.Music@6beedfce
18:14:51.815 [JavaFX Application Thread] DEBUG AudioPlayer          - Playing music com.almasb.fxgl.audio.Music@6beedfce
18:14:51.927 [JavaFX Application Thread] DEBUG AudioPlayer          - Playing music com.almasb.fxgl.audio.Music@6beedfce
18:14:52.071 [JavaFX Application Thread] DEBUG AudioPlayer          - Playing music com.almasb.fxgl.audio.Music@6beedfce
18:14:52.183 [JavaFX Application Thread] DEBUG AudioPlayer          - Playing music com.almasb.fxgl.audio.Music@6beedfce
18:14:52.311 [JavaFX Application Thread] DEBUG AudioPlayer          - Playing music com.almasb.fxgl.audio.Music@6beedfce
18:14:52.439 [JavaFX Application Thread] DEBUG AudioPlayer          - Playing music com.almasb.fxgl.audio.Music@6beedfce
18:14:52.567 [JavaFX Application Thread] DEBUG AudioPlayer          - Playing music com.almasb.fxgl.audio.Music@6beedfce
18:14:52.663 [JavaFX Application Thread] DEBUG AudioPlayer          - Playing music com.almasb.fxgl.audio.Music@1c4cea6a
18:14:54.663 [JavaFX Application Thread] DEBUG AudioPlayer          - Playing music com.almasb.fxgl.audio.Music@6beedfce
18:14:54.727 [JavaFX Application Thread] DEBUG AudioPlayer          - Playing music com.almasb.fxgl.audio.Music@6beedfce
18:14:54.855 [JavaFX Application Thread] DEBUG AudioPlayer          - Playing music com.almasb.fxgl.audio.Music@6beedfce
18:14:54.984 [JavaFX Application Thread] DEBUG AudioPlayer          - Playing music com.almasb.fxgl.audio.Music@6beedfce
18:14:55.110 [JavaFX Application Thread] DEBUG AudioPlayer          - Playing music com.almasb.fxgl.audio.Music@6beedfce
18:14:55.238 [JavaFX Application Thread] DEBUG AudioPlayer          - Playing music com.almasb.fxgl.audio.Music@6beedfce
18:14:56.038 [JavaFX Application Thread] DEBUG AudioPlayer          - Playing music com.almasb.fxgl.audio.Music@6beedfce
18:14:56.118 [JavaFX Application Thread] DEBUG AudioPlayer          - Playing music com.almasb.fxgl.audio.Music@1c4cea6a
18:14:58.087 [JavaFX Application Thread] DEBUG AudioPlayer          - Playing music com.almasb.fxgl.audio.Music@6beedfce
18:14:58.199 [JavaFX Application Thread] DEBUG AudioPlayer          - Playing music com.almasb.fxgl.audio.Music@6beedfce
18:14:58.342 [JavaFX Application Thread] DEBUG AudioPlayer          - Playing music com.almasb.fxgl.audio.Music@6beedfce
18:14:58.454 [JavaFX Application Thread] DEBUG AudioPlayer          - Playing music com.almasb.fxgl.audio.Music@1f0cbedc
18:15:00.376 [JavaFX Application Thread] DEBUG AudioPlayer          - Playing music com.almasb.fxgl.audio.Music@6beedfce
18:15:00.519 [JavaFX Application Thread] DEBUG AudioPlayer          - Playing music com.almasb.fxgl.audio.Music@6beedfce
18:15:00.646 [JavaFX Application Thread] DEBUG AudioPlayer          - Playing music com.almasb.fxgl.audio.Music@6beedfce
18:15:00.759 [JavaFX Application Thread] DEBUG AudioPlayer          - Playing music com.almasb.fxgl.audio.Music@6beedfce
18:15:00.902 [JavaFX Application Thread] DEBUG AudioPlayer          - Playing music com.almasb.fxgl.audio.Music@6beedfce
18:15:01.045 [JavaFX Application Thread] DEBUG AudioPlayer          - Playing music com.almasb.fxgl.audio.Music@6beedfce
18:15:01.175 [JavaFX Application Thread] DEBUG AudioPlayer          - Playing music com.almasb.fxgl.audio.Music@6beedfce
18:15:01.287 [JavaFX Application Thread] DEBUG AudioPlayer          - Playing music com.almasb.fxgl.audio.Music@6beedfce
18:15:01.447 [JavaFX Application Thread] DEBUG AudioPlayer          - Playing music com.almasb.fxgl.audio.Music@6beedfce
18:15:01.574 [JavaFX Application Thread] DEBUG AudioPlayer          - Playing music com.almasb.fxgl.audio.Music@6beedfce
18:15:01.719 [JavaFX Application Thread] DEBUG AudioPlayer          - Playing music com.almasb.fxgl.audio.Music@6beedfce
18:15:01.847 [JavaFX Application Thread] DEBUG AudioPlayer          - Playing music com.almasb.fxgl.audio.Music@6beedfce
18:15:01.974 [JavaFX Application Thread] DEBUG AudioPlayer          - Playing music com.almasb.fxgl.audio.Music@6beedfce
18:15:02.101 [JavaFX Application Thread] DEBUG AudioPlayer          - Playing music com.almasb.fxgl.audio.Music@6beedfce
18:15:02.249 [JavaFX Application Thread] DEBUG AudioPlayer          - Playing music com.almasb.fxgl.audio.Music@6beedfce
18:15:02.375 [JavaFX Application Thread] DEBUG AudioPlayer          - Playing music com.almasb.fxgl.audio.Music@6beedfce
18:15:02.487 [JavaFX Application Thread] DEBUG AudioPlayer          - Playing music com.almasb.fxgl.audio.Music@6beedfce
18:15:02.615 [JavaFX Application Thread] DEBUG AudioPlayer          - Playing music com.almasb.fxgl.audio.Music@6beedfce
18:15:02.757 [JavaFX Application Thread] DEBUG AudioPlayer          - Playing music com.almasb.fxgl.audio.Music@6beedfce
18:15:02.903 [JavaFX Application Thread] DEBUG AudioPlayer          - Playing music com.almasb.fxgl.audio.Music@6beedfce
18:15:03.047 [JavaFX Application Thread] DEBUG AudioPlayer          - Playing music com.almasb.fxgl.audio.Music@6beedfce
18:15:03.175 [JavaFX Application Thread] DEBUG AudioPlayer          - Playing music com.almasb.fxgl.audio.Music@6beedfce
18:15:03.303 [JavaFX Application Thread] DEBUG AudioPlayer          - Playing music com.almasb.fxgl.audio.Music@6beedfce
18:15:03.446 [JavaFX Application Thread] DEBUG AudioPlayer          - Playing music com.almasb.fxgl.audio.Music@6beedfce
18:15:03.575 [JavaFX Application Thread] DEBUG AudioPlayer          - Playing music com.almasb.fxgl.audio.Music@6beedfce
18:15:03.719 [JavaFX Application Thread] DEBUG AudioPlayer          - Playing music com.almasb.fxgl.audio.Music@6beedfce
18:15:03.830 [JavaFX Application Thread] DEBUG AudioPlayer          - Playing music com.almasb.fxgl.audio.Music@6beedfce
18:15:03.959 [JavaFX Application Thread] DEBUG AudioPlayer          - Playing music com.almasb.fxgl.audio.Music@6beedfce
18:15:04.102 [JavaFX Application Thread] DEBUG AudioPlayer          - Playing music com.almasb.fxgl.audio.Music@6beedfce
18:15:04.230 [JavaFX Application Thread] DEBUG AudioPlayer          - Playing music com.almasb.fxgl.audio.Music@6beedfce
18:15:04.358 [JavaFX Application Thread] DEBUG AudioPlayer          - Playing music com.almasb.fxgl.audio.Music@6beedfce
18:15:04.487 [JavaFX Application Thread] DEBUG AudioPlayer          - Playing music com.almasb.fxgl.audio.Music@6beedfce
18:15:04.630 [JavaFX Application Thread] DEBUG AudioPlayer          - Playing music com.almasb.fxgl.audio.Music@6beedfce
18:15:04.759 [JavaFX Application Thread] DEBUG AudioPlayer          - Playing music com.almasb.fxgl.audio.Music@6beedfce
18:15:04.887 [JavaFX Application Thread] DEBUG AudioPlayer          - Playing music com.almasb.fxgl.audio.Music@6beedfce
18:15:05.030 [JavaFX Application Thread] DEBUG AudioPlayer          - Playing music com.almasb.fxgl.audio.Music@6beedfce
18:15:05.158 [JavaFX Application Thread] DEBUG AudioPlayer          - Playing music com.almasb.fxgl.audio.Music@6beedfce
18:15:05.303 [JavaFX Application Thread] DEBUG AudioPlayer          - Playing music com.almasb.fxgl.audio.Music@6beedfce
18:15:05.447 [JavaFX Application Thread] DEBUG AudioPlayer          - Playing music com.almasb.fxgl.audio.Music@6beedfce
18:15:05.558 [JavaFX Application Thread] DEBUG AudioPlayer          - Playing music com.almasb.fxgl.audio.Music@6beedfce
18:15:05.687 [JavaFX Application Thread] DEBUG AudioPlayer          - Playing music com.almasb.fxgl.audio.Music@6beedfce
18:15:05.814 [JavaFX Application Thread] DEBUG AudioPlayer          - Playing music com.almasb.fxgl.audio.Music@6beedfce
18:15:05.958 [JavaFX Application Thread] DEBUG AudioPlayer          - Playing music com.almasb.fxgl.audio.Music@6beedfce
18:15:06.103 [JavaFX Application Thread] DEBUG AudioPlayer          - Playing music com.almasb.fxgl.audio.Music@6beedfce
18:15:06.231 [JavaFX Application Thread] DEBUG AudioPlayer          - Playing music com.almasb.fxgl.audio.Music@1f0cbedc
18:15:07.766 [JavaFX Application Thread] DEBUG AudioPlayer          - Playing music com.almasb.fxgl.audio.Music@6beedfce
18:15:07.942 [JavaFX Application Thread] DEBUG AudioPlayer          - Playing music com.almasb.fxgl.audio.Music@6beedfce
18:15:08.153 [JavaFX Application Thread] DEBUG AudioPlayer          - Playing music com.almasb.fxgl.audio.Music@6beedfce
18:15:08.375 [JavaFX Application Thread] DEBUG AudioPlayer          - Playing music com.almasb.fxgl.audio.Music@6beedfce
18:15:08.487 [JavaFX Application Thread] DEBUG AudioPlayer          - Playing music com.almasb.fxgl.audio.Music@6beedfce
18:15:08.599 [JavaFX Application Thread] DEBUG AudioPlayer          - Playing music com.almasb.fxgl.audio.Music@6beedfce
18:15:08.727 [JavaFX Application Thread] DEBUG AudioPlayer          - Playing music com.almasb.fxgl.audio.Music@6beedfce
18:15:08.855 [JavaFX Application Thread] DEBUG AudioPlayer          - Playing music com.almasb.fxgl.audio.Music@6beedfce
18:15:08.983 [JavaFX Application Thread] DEBUG AudioPlayer          - Playing music com.almasb.fxgl.audio.Music@6beedfce
18:15:09.189 [JavaFX Application Thread] DEBUG AudioPlayer          - Playing music com.almasb.fxgl.audio.Music@6beedfce
18:15:09.399 [JavaFX Application Thread] DEBUG AudioPlayer          - Playing music com.almasb.fxgl.audio.Music@6beedfce
18:15:09.613 [JavaFX Application Thread] DEBUG AudioPlayer          - Playing music com.almasb.fxgl.audio.Music@6beedfce
18:15:09.831 [JavaFX Application Thread] DEBUG AudioPlayer          - Playing music com.almasb.fxgl.audio.Music@6beedfce
18:15:10.038 [JavaFX Application Thread] DEBUG AudioPlayer          - Playing music com.almasb.fxgl.audio.Music@6beedfce
18:15:10.230 [JavaFX Application Thread] DEBUG AudioPlayer          - Playing music com.almasb.fxgl.audio.Music@6beedfce
18:15:10.342 [JavaFX Application Thread] DEBUG AudioPlayer          - Playing music com.almasb.fxgl.audio.Music@6beedfce
18:15:10.455 [JavaFX Application Thread] DEBUG AudioPlayer          - Playing music com.almasb.fxgl.audio.Music@6beedfce
18:15:10.564 [JavaFX Application Thread] DEBUG AudioPlayer          - Playing music com.almasb.fxgl.audio.Music@6beedfce
18:15:10.679 [JavaFX Application Thread] DEBUG AudioPlayer          - Playing music com.almasb.fxgl.audio.Music@6beedfce
18:15:10.807 [JavaFX Application Thread] DEBUG AudioPlayer          - Playing music com.almasb.fxgl.audio.Music@6beedfce
18:15:10.934 [JavaFX Application Thread] DEBUG AudioPlayer          - Playing music com.almasb.fxgl.audio.Music@6beedfce
18:15:11.063 [JavaFX Application Thread] DEBUG AudioPlayer          - Playing music com.almasb.fxgl.audio.Music@6beedfce
18:15:11.190 [JavaFX Application Thread] DEBUG AudioPlayer          - Playing music com.almasb.fxgl.audio.Music@6beedfce
18:15:11.315 [JavaFX Application Thread] DEBUG AudioPlayer          - Playing music com.almasb.fxgl.audio.Music@6beedfce
18:15:11.447 [JavaFX Application Thread] DEBUG AudioPlayer          - Playing music com.almasb.fxgl.audio.Music@6beedfce
18:15:11.591 [JavaFX Application Thread] DEBUG AudioPlayer          - Playing music com.almasb.fxgl.audio.Music@6beedfce
18:15:11.702 [JavaFX Application Thread] DEBUG AudioPlayer          - Playing music com.almasb.fxgl.audio.Music@6beedfce
18:15:13.255 [JavaFX Application Thread] DEBUG AudioPlayer          - Playing music com.almasb.fxgl.audio.Music@6beedfce
18:15:13.382 [JavaFX Application Thread] DEBUG AudioPlayer          - Playing music com.almasb.fxgl.audio.Music@6beedfce
18:15:13.446 [JavaFX Application Thread] DEBUG AudioPlayer          - Playing music com.almasb.fxgl.audio.Music@1c4cea6a
18:15:13.494 [JavaFX Application Thread] DEBUG AudioPlayer          - Playing music com.almasb.fxgl.audio.Music@6beedfce
18:15:13.639 [JavaFX Application Thread] DEBUG AudioPlayer          - Playing music com.almasb.fxgl.audio.Music@6beedfce
18:15:13.766 [JavaFX Application Thread] DEBUG AudioPlayer          - Playing music com.almasb.fxgl.audio.Music@6beedfce
18:15:13.926 [JavaFX Application Thread] DEBUG AudioPlayer          - Playing music com.almasb.fxgl.audio.Music@6beedfce
18:15:14.038 [JavaFX Application Thread] DEBUG AudioPlayer          - Playing music com.almasb.fxgl.audio.Music@6beedfce
18:15:14.167 [JavaFX Application Thread] DEBUG AudioPlayer          - Playing music com.almasb.fxgl.audio.Music@6beedfce
18:15:14.295 [JavaFX Application Thread] DEBUG AudioPlayer          - Playing music com.almasb.fxgl.audio.Music@6beedfce
18:15:14.438 [JavaFX Application Thread] DEBUG AudioPlayer          - Playing music com.almasb.fxgl.audio.Music@6beedfce
18:15:14.584 [JavaFX Application Thread] DEBUG AudioPlayer          - Playing music com.almasb.fxgl.audio.Music@6beedfce
18:15:14.695 [JavaFX Application Thread] DEBUG AudioPlayer          - Playing music com.almasb.fxgl.audio.Music@6beedfce
18:15:14.823 [JavaFX Application Thread] DEBUG AudioPlayer          - Playing music com.almasb.fxgl.audio.Music@6beedfce
18:15:14.967 [JavaFX Application Thread] DEBUG AudioPlayer          - Playing music com.almasb.fxgl.audio.Music@6beedfce
18:15:15.094 [JavaFX Application Thread] DEBUG AudioPlayer          - Playing music com.almasb.fxgl.audio.Music@6beedfce
18:15:15.239 [JavaFX Application Thread] DEBUG AudioPlayer          - Playing music com.almasb.fxgl.audio.Music@6beedfce
18:15:15.351 [JavaFX Application Thread] DEBUG AudioPlayer          - Playing music com.almasb.fxgl.audio.Music@6beedfce
18:15:15.478 [JavaFX Application Thread] DEBUG AudioPlayer          - Playing music com.almasb.fxgl.audio.Music@6beedfce
18:15:15.622 [JavaFX Application Thread] DEBUG AudioPlayer          - Playing music com.almasb.fxgl.audio.Music@6beedfce
18:15:15.735 [JavaFX Application Thread] DEBUG AudioPlayer          - Playing music com.almasb.fxgl.audio.Music@6beedfce
18:15:15.895 [JavaFX Application Thread] DEBUG AudioPlayer          - Playing music com.almasb.fxgl.audio.Music@6beedfce
18:15:16.007 [JavaFX Application Thread] DEBUG AudioPlayer          - Playing music com.almasb.fxgl.audio.Music@6beedfce
18:15:16.135 [JavaFX Application Thread] DEBUG AudioPlayer          - Playing music com.almasb.fxgl.audio.Music@6beedfce
18:15:16.294 [JavaFX Application Thread] DEBUG AudioPlayer          - Playing music com.almasb.fxgl.audio.Music@6beedfce
18:15:16.406 [JavaFX Application Thread] DEBUG AudioPlayer          - Playing music com.almasb.fxgl.audio.Music@6beedfce
18:15:16.534 [JavaFX Application Thread] DEBUG AudioPlayer          - Playing music com.almasb.fxgl.audio.Music@6beedfce
18:15:16.662 [JavaFX Application Thread] DEBUG AudioPlayer          - Playing music com.almasb.fxgl.audio.Music@6beedfce
18:15:16.791 [JavaFX Application Thread] DEBUG AudioPlayer          - Playing music com.almasb.fxgl.audio.Music@6beedfce
18:15:16.919 [JavaFX Application Thread] DEBUG AudioPlayer          - Playing music com.almasb.fxgl.audio.Music@6beedfce
18:15:17.046 [JavaFX Application Thread] DEBUG AudioPlayer          - Playing music com.almasb.fxgl.audio.Music@6beedfce
18:15:17.191 [JavaFX Application Thread] DEBUG AudioPlayer          - Playing music com.almasb.fxgl.audio.Music@6beedfce
18:15:17.303 [JavaFX Application Thread] DEBUG AudioPlayer          - Playing music com.almasb.fxgl.audio.Music@1c4cea6a
18:15:17.318 [JavaFX Application Thread] DEBUG AudioPlayer          - Playing music com.almasb.fxgl.audio.Music@6beedfce
18:15:17.447 [JavaFX Application Thread] DEBUG AudioPlayer          - Playing music com.almasb.fxgl.audio.Music@1f0cbedc
18:15:18.662 [JavaFX Application Thread] DEBUG AudioPlayer          - Playing music com.almasb.fxgl.audio.Music@6beedfce
18:15:18.727 [JavaFX Application Thread] DEBUG AudioPlayer          - Playing music com.almasb.fxgl.audio.Music@6beedfce
18:15:18.870 [JavaFX Application Thread] DEBUG AudioPlayer          - Playing music com.almasb.fxgl.audio.Music@6beedfce
18:15:18.967 [JavaFX Application Thread] DEBUG AudioPlayer          - Playing music com.almasb.fxgl.audio.Music@6beedfce
18:15:19.078 [JavaFX Application Thread] DEBUG AudioPlayer          - Playing music com.almasb.fxgl.audio.Music@6beedfce
18:15:19.207 [JavaFX Application Thread] DEBUG AudioPlayer          - Playing music com.almasb.fxgl.audio.Music@6beedfce
18:15:19.334 [JavaFX Application Thread] DEBUG AudioPlayer          - Playing music com.almasb.fxgl.audio.Music@6beedfce
18:15:19.447 [JavaFX Application Thread] DEBUG AudioPlayer          - Playing music com.almasb.fxgl.audio.Music@6beedfce
18:15:19.590 [JavaFX Application Thread] DEBUG AudioPlayer          - Playing music com.almasb.fxgl.audio.Music@6beedfce
18:15:19.702 [JavaFX Application Thread] DEBUG AudioPlayer          - Playing music com.almasb.fxgl.audio.Music@6beedfce
18:15:19.814 [JavaFX Application Thread] DEBUG AudioPlayer          - Playing music com.almasb.fxgl.audio.Music@6beedfce
18:15:19.942 [JavaFX Application Thread] DEBUG AudioPlayer          - Playing music com.almasb.fxgl.audio.Music@6beedfce
18:15:20.039 [JavaFX Application Thread] DEBUG AudioPlayer          - Playing music com.almasb.fxgl.audio.Music@6beedfce
18:15:21.303 [JavaFX Application Thread] DEBUG AudioPlayer          - Playing music com.almasb.fxgl.audio.Music@6beedfce
18:15:21.429 [JavaFX Application Thread] DEBUG AudioPlayer          - Playing music com.almasb.fxgl.audio.Music@6beedfce
18:15:21.543 [JavaFX Application Thread] DEBUG AudioPlayer          - Playing music com.almasb.fxgl.audio.Music@6beedfce
18:15:21.655 [JavaFX Application Thread] DEBUG AudioPlayer          - Playing music com.almasb.fxgl.audio.Music@6beedfce
18:15:21.766 [JavaFX Application Thread] DEBUG AudioPlayer          - Playing music com.almasb.fxgl.audio.Music@6beedfce
18:15:21.910 [JavaFX Application Thread] DEBUG AudioPlayer          - Playing music com.almasb.fxgl.audio.Music@6beedfce
18:15:22.039 [JavaFX Application Thread] DEBUG AudioPlayer          - Playing music com.almasb.fxgl.audio.Music@6beedfce
18:15:22.167 [JavaFX Application Thread] DEBUG AudioPlayer          - Playing music com.almasb.fxgl.audio.Music@6beedfce
18:15:22.322 [JavaFX Application Thread] DEBUG AudioPlayer          - Playing music com.almasb.fxgl.audio.Music@6beedfce
18:15:22.439 [JavaFX Application Thread] DEBUG AudioPlayer          - Playing music com.almasb.fxgl.audio.Music@6beedfce
18:15:22.581 [JavaFX Application Thread] DEBUG AudioPlayer          - Playing music com.almasb.fxgl.audio.Music@6beedfce
18:15:22.711 [JavaFX Application Thread] DEBUG AudioPlayer          - Playing music com.almasb.fxgl.audio.Music@6beedfce
18:15:22.839 [JavaFX Application Thread] DEBUG AudioPlayer          - Playing music com.almasb.fxgl.audio.Music@6beedfce
18:15:22.967 [JavaFX Application Thread] DEBUG AudioPlayer          - Playing music com.almasb.fxgl.audio.Music@6beedfce
18:15:23.091 [JavaFX Application Thread] DEBUG AudioPlayer          - Playing music com.almasb.fxgl.audio.Music@6beedfce
18:15:23.206 [JavaFX Application Thread] DEBUG AudioPlayer          - Playing music com.almasb.fxgl.audio.Music@6beedfce
18:15:23.334 [JavaFX Application Thread] DEBUG AudioPlayer          - Playing music com.almasb.fxgl.audio.Music@6beedfce
18:15:23.463 [JavaFX Application Thread] DEBUG AudioPlayer          - Playing music com.almasb.fxgl.audio.Music@6beedfce
18:15:23.591 [JavaFX Application Thread] DEBUG AudioPlayer          - Playing music com.almasb.fxgl.audio.Music@6beedfce
18:15:23.719 [JavaFX Application Thread] DEBUG AudioPlayer          - Playing music com.almasb.fxgl.audio.Music@6beedfce
18:15:23.846 [JavaFX Application Thread] DEBUG AudioPlayer          - Playing music com.almasb.fxgl.audio.Music@6beedfce
18:15:23.975 [JavaFX Application Thread] DEBUG AudioPlayer          - Playing music com.almasb.fxgl.audio.Music@6beedfce
18:15:24.102 [JavaFX Application Thread] DEBUG AudioPlayer          - Playing music com.almasb.fxgl.audio.Music@6beedfce
18:15:24.230 [JavaFX Application Thread] DEBUG AudioPlayer          - Playing music com.almasb.fxgl.audio.Music@6beedfce
18:15:24.359 [JavaFX Application Thread] DEBUG AudioPlayer          - Playing music com.almasb.fxgl.audio.Music@6beedfce
18:15:24.487 [JavaFX Application Thread] DEBUG AudioPlayer          - Playing music com.almasb.fxgl.audio.Music@6beedfce
18:15:24.582 [JavaFX Application Thread] DEBUG AudioPlayer          - Playing music com.almasb.fxgl.audio.Music@1c4cea6a
18:15:24.615 [JavaFX Application Thread] DEBUG AudioPlayer          - Playing music com.almasb.fxgl.audio.Music@6beedfce
18:15:24.742 [JavaFX Application Thread] DEBUG AudioPlayer          - Playing music com.almasb.fxgl.audio.Music@6beedfce
18:15:24.887 [JavaFX Application Thread] DEBUG AudioPlayer          - Playing music com.almasb.fxgl.audio.Music@6beedfce
18:15:24.999 [JavaFX Application Thread] DEBUG AudioPlayer          - Playing music com.almasb.fxgl.audio.Music@6beedfce
18:15:25.143 [JavaFX Application Thread] DEBUG AudioPlayer          - Playing music com.almasb.fxgl.audio.Music@6beedfce
18:15:25.255 [JavaFX Application Thread] DEBUG AudioPlayer          - Playing music com.almasb.fxgl.audio.Music@6beedfce
18:15:25.382 [JavaFX Application Thread] DEBUG AudioPlayer          - Playing music com.almasb.fxgl.audio.Music@6beedfce
18:15:25.509 [JavaFX Application Thread] DEBUG AudioPlayer          - Playing music com.almasb.fxgl.audio.Music@6beedfce
18:15:25.639 [JavaFX Application Thread] DEBUG AudioPlayer          - Playing music com.almasb.fxgl.audio.Music@6beedfce
18:15:25.767 [JavaFX Application Thread] DEBUG AudioPlayer          - Playing music com.almasb.fxgl.audio.Music@6beedfce
18:15:25.927 [JavaFX Application Thread] DEBUG AudioPlayer          - Playing music com.almasb.fxgl.audio.Music@6beedfce
18:15:26.038 [JavaFX Application Thread] DEBUG AudioPlayer          - Playing music com.almasb.fxgl.audio.Music@6beedfce
18:15:26.119 [JavaFX Application Thread] DEBUG AudioPlayer          - Playing music com.almasb.fxgl.audio.Music@6beedfce
18:15:26.119 [JavaFX Application Thread] DEBUG AudioPlayer          - Playing music com.almasb.fxgl.audio.Music@6beedfce
18:15:26.135 [JavaFX Application Thread] DEBUG AudioPlayer          - Playing music com.almasb.fxgl.audio.Music@6beedfce
18:15:26.151 [JavaFX Application Thread] DEBUG AudioPlayer          - Playing music com.almasb.fxgl.audio.Music@6beedfce
18:15:26.215 [JavaFX Application Thread] DEBUG AudioPlayer          - Playing music com.almasb.fxgl.audio.Music@6beedfce
18:15:26.342 [JavaFX Application Thread] DEBUG AudioPlayer          - Playing music com.almasb.fxgl.audio.Music@6beedfce
18:15:26.391 [JavaFX Application Thread] DEBUG AudioPlayer          - Playing music com.almasb.fxgl.audio.Music@6beedfce
18:15:26.423 [JavaFX Application Thread] DEBUG AudioPlayer          - Playing music com.almasb.fxgl.audio.Music@6beedfce
18:15:26.535 [JavaFX Application Thread] DEBUG AudioPlayer          - Playing music com.almasb.fxgl.audio.Music@1f0cbedc
18:15:27.783 [JavaFX Application Thread] DEBUG AudioPlayer          - Playing music com.almasb.fxgl.audio.Music@6beedfce
18:15:27.846 [JavaFX Application Thread] DEBUG AudioPlayer          - Playing music com.almasb.fxgl.audio.Music@6beedfce
18:15:28.086 [JavaFX Application Thread] DEBUG AudioPlayer          - Playing music com.almasb.fxgl.audio.Music@6beedfce
18:15:28.309 [JavaFX Application Thread] DEBUG AudioPlayer          - Playing music com.almasb.fxgl.audio.Music@6beedfce
18:15:28.519 [JavaFX Application Thread] DEBUG AudioPlayer          - Playing music com.almasb.fxgl.audio.Music@6beedfce
18:15:28.760 [JavaFX Application Thread] DEBUG AudioPlayer          - Playing music com.almasb.fxgl.audio.Music@6beedfce
18:15:28.967 [JavaFX Application Thread] DEBUG AudioPlayer          - Playing music com.almasb.fxgl.audio.Music@6beedfce
18:15:29.128 [JavaFX Application Thread] DEBUG AudioPlayer          - Playing music com.almasb.fxgl.audio.Music@6beedfce
18:15:29.238 [JavaFX Application Thread] DEBUG AudioPlayer          - Playing music com.almasb.fxgl.audio.Music@6beedfce
18:15:29.366 [JavaFX Application Thread] DEBUG AudioPlayer          - Playing music com.almasb.fxgl.audio.Music@6beedfce
18:15:29.495 [JavaFX Application Thread] DEBUG AudioPlayer          - Playing music com.almasb.fxgl.audio.Music@6beedfce
18:15:29.607 [JavaFX Application Thread] DEBUG AudioPlayer          - Playing music com.almasb.fxgl.audio.Music@6beedfce
18:15:29.734 [JavaFX Application Thread] DEBUG AudioPlayer          - Playing music com.almasb.fxgl.audio.Music@6beedfce
18:15:29.847 [JavaFX Application Thread] DEBUG AudioPlayer          - Playing music com.almasb.fxgl.audio.Music@6beedfce
18:15:30.887 [JavaFX Application Thread] DEBUG AudioPlayer          - Playing music com.almasb.fxgl.audio.Music@6beedfce
18:15:31.015 [JavaFX Application Thread] DEBUG AudioPlayer          - Playing music com.almasb.fxgl.audio.Music@6beedfce
18:15:31.143 [JavaFX Application Thread] DEBUG AudioPlayer          - Playing music com.almasb.fxgl.audio.Music@6beedfce
18:15:31.271 [JavaFX Application Thread] DEBUG AudioPlayer          - Playing music com.almasb.fxgl.audio.Music@6beedfce
18:15:31.397 [JavaFX Application Thread] DEBUG AudioPlayer          - Playing music com.almasb.fxgl.audio.Music@6beedfce
18:15:31.542 [JavaFX Application Thread] DEBUG AudioPlayer          - Playing music com.almasb.fxgl.audio.Music@6beedfce
18:15:31.670 [JavaFX Application Thread] DEBUG AudioPlayer          - Playing music com.almasb.fxgl.audio.Music@6beedfce
18:15:31.814 [JavaFX Application Thread] DEBUG AudioPlayer          - Playing music com.almasb.fxgl.audio.Music@6beedfce
18:15:31.927 [JavaFX Application Thread] DEBUG AudioPlayer          - Playing music com.almasb.fxgl.audio.Music@6beedfce
18:15:32.054 [JavaFX Application Thread] DEBUG AudioPlayer          - Playing music com.almasb.fxgl.audio.Music@6beedfce
18:15:32.198 [JavaFX Application Thread] DEBUG AudioPlayer          - Playing music com.almasb.fxgl.audio.Music@6beedfce
18:15:32.343 [JavaFX Application Thread] DEBUG AudioPlayer          - Playing music com.almasb.fxgl.audio.Music@6beedfce
18:15:32.467 [JavaFX Application Thread] DEBUG AudioPlayer          - Playing music com.almasb.fxgl.audio.Music@6beedfce
18:15:32.581 [JavaFX Application Thread] DEBUG AudioPlayer          - Playing music com.almasb.fxgl.audio.Music@6beedfce
18:15:32.710 [JavaFX Application Thread] DEBUG AudioPlayer          - Playing music com.almasb.fxgl.audio.Music@6beedfce
18:15:32.776 [JavaFX Application Thread] DEBUG AudioPlayer          - Playing music com.almasb.fxgl.audio.Music@6beedfce
18:15:32.823 [JavaFX Application Thread] DEBUG AudioPlayer          - Playing music com.almasb.fxgl.audio.Music@6beedfce
18:15:35.031 [JavaFX Application Thread] DEBUG AudioPlayer          - Playing music com.almasb.fxgl.audio.Music@1c4cea6a
18:15:41.096 [JavaFX Application Thread] DEBUG AudioPlayer          - Playing music com.almasb.fxgl.audio.Music@1c4cea6a
18:15:44.230 [JavaFX Application Thread] DEBUG AudioPlayer          - Playing music com.almasb.fxgl.audio.Music@1c4cea6a
18:15:44.233 [JavaFX Application Thread] DEBUG AudioPlayer          - Stopping music com.almasb.fxgl.audio.Music@46fe20e6
18:15:51.154 [JavaFX Application Thread] DEBUG AudioPlayer          - Playing music com.almasb.fxgl.audio.Music@46fe20e6
18:15:53.556 [JavaFX Application Thread] DEBUG AudioPlayer          - Playing music com.almasb.fxgl.audio.Music@5319e8e4
18:15:53.574 [JavaFX Application Thread] DEBUG AudioPlayer          - Playing music com.almasb.fxgl.audio.Music@5319e8e4
18:15:53.605 [JavaFX Application Thread] DEBUG AudioPlayer          - Playing music com.almasb.fxgl.audio.Music@1f0cbedc
18:15:54.918 [JavaFX Application Thread] DEBUG AudioPlayer          - Playing music com.almasb.fxgl.audio.Music@5319e8e4
18:15:55.040 [JavaFX Application Thread] DEBUG AudioPlayer          - Playing music com.almasb.fxgl.audio.Music@5319e8e4
18:15:55.157 [JavaFX Application Thread] DEBUG AudioPlayer          - Playing music com.almasb.fxgl.audio.Music@1f0cbedc
18:15:57.830 [JavaFX Application Thread] DEBUG AudioPlayer          - Playing music com.almasb.fxgl.audio.Music@5319e8e4
18:15:57.957 [JavaFX Application Thread] DEBUG AudioPlayer          - Playing music com.almasb.fxgl.audio.Music@5319e8e4
18:15:58.086 [JavaFX Application Thread] DEBUG AudioPlayer          - Playing music com.almasb.fxgl.audio.Music@5319e8e4
18:15:58.211 [JavaFX Application Thread] DEBUG AudioPlayer          - Playing music com.almasb.fxgl.audio.Music@1f0cbedc
18:15:59.845 [JavaFX Application Thread] DEBUG AudioPlayer          - Playing music com.almasb.fxgl.audio.Music@5319e8e4
18:15:59.974 [JavaFX Application Thread] DEBUG AudioPlayer          - Playing music com.almasb.fxgl.audio.Music@5319e8e4
18:16:00.102 [JavaFX Application Thread] DEBUG AudioPlayer          - Playing music com.almasb.fxgl.audio.Music@5319e8e4
18:16:00.230 [JavaFX Application Thread] DEBUG AudioPlayer          - Playing music com.almasb.fxgl.audio.Music@1f0cbedc
18:16:02.580 [JavaFX Application Thread] DEBUG AudioPlayer          - Playing music com.almasb.fxgl.audio.Music@6beedfce
18:16:02.694 [JavaFX Application Thread] DEBUG AudioPlayer          - Playing music com.almasb.fxgl.audio.Music@6beedfce
18:16:02.804 [JavaFX Application Thread] DEBUG AudioPlayer          - Playing music com.almasb.fxgl.audio.Music@6beedfce
18:16:02.914 [JavaFX Application Thread] DEBUG AudioPlayer          - Playing music com.almasb.fxgl.audio.Music@6beedfce
18:16:03.030 [JavaFX Application Thread] DEBUG AudioPlayer          - Playing music com.almasb.fxgl.audio.Music@6beedfce
18:16:03.141 [JavaFX Application Thread] DEBUG AudioPlayer          - Playing music com.almasb.fxgl.audio.Music@6beedfce
18:16:03.253 [JavaFX Application Thread] DEBUG AudioPlayer          - Playing music com.almasb.fxgl.audio.Music@6beedfce
18:16:03.366 [JavaFX Application Thread] DEBUG AudioPlayer          - Playing music com.almasb.fxgl.audio.Music@6beedfce
18:16:03.478 [JavaFX Application Thread] DEBUG AudioPlayer          - Playing music com.almasb.fxgl.audio.Music@6beedfce
18:16:03.590 [JavaFX Application Thread] DEBUG AudioPlayer          - Playing music com.almasb.fxgl.audio.Music@6beedfce
18:16:03.708 [JavaFX Application Thread] DEBUG AudioPlayer          - Playing music com.almasb.fxgl.audio.Music@6beedfce
18:16:03.823 [JavaFX Application Thread] DEBUG AudioPlayer          - Playing music com.almasb.fxgl.audio.Music@6beedfce
18:16:03.872 [JavaFX Application Thread] DEBUG AudioPlayer          - Playing music com.almasb.fxgl.audio.Music@6beedfce
18:16:03.889 [JavaFX Application Thread] DEBUG AudioPlayer          - Playing music com.almasb.fxgl.audio.Music@6beedfce
18:16:03.902 [JavaFX Application Thread] DEBUG AudioPlayer          - Playing music com.almasb.fxgl.audio.Music@6beedfce
18:16:03.919 [JavaFX Application Thread] DEBUG AudioPlayer          - Playing music com.almasb.fxgl.audio.Music@6beedfce
18:16:03.969 [JavaFX Application Thread] DEBUG AudioPlayer          - Playing music com.almasb.fxgl.audio.Music@6beedfce
18:16:04.077 [JavaFX Application Thread] DEBUG AudioPlayer          - Playing music com.almasb.fxgl.audio.Music@6beedfce
18:16:04.193 [JavaFX Application Thread] DEBUG AudioPlayer          - Playing music com.almasb.fxgl.audio.Music@6beedfce
18:16:04.308 [JavaFX Application Thread] DEBUG AudioPlayer          - Playing music com.almasb.fxgl.audio.Music@6beedfce
18:16:04.417 [JavaFX Application Thread] DEBUG AudioPlayer          - Playing music com.almasb.fxgl.audio.Music@6beedfce
18:16:04.532 [JavaFX Application Thread] DEBUG AudioPlayer          - Playing music com.almasb.fxgl.audio.Music@6beedfce
18:16:04.653 [JavaFX Application Thread] DEBUG AudioPlayer          - Playing music com.almasb.fxgl.audio.Music@6beedfce
18:16:04.774 [JavaFX Application Thread] DEBUG AudioPlayer          - Playing music com.almasb.fxgl.audio.Music@6beedfce
18:16:04.980 [JavaFX Application Thread] DEBUG AudioPlayer          - Playing music com.almasb.fxgl.audio.Music@6beedfce
18:16:05.229 [JavaFX Application Thread] DEBUG AudioPlayer          - Playing music com.almasb.fxgl.audio.Music@6beedfce
18:16:05.362 [JavaFX Application Thread] DEBUG AudioPlayer          - Playing music com.almasb.fxgl.audio.Music@6beedfce
18:16:05.484 [JavaFX Application Thread] DEBUG AudioPlayer          - Playing music com.almasb.fxgl.audio.Music@6beedfce
18:16:05.604 [JavaFX Application Thread] DEBUG AudioPlayer          - Playing music com.almasb.fxgl.audio.Music@6beedfce
18:16:05.744 [JavaFX Application Thread] DEBUG AudioPlayer          - Playing music com.almasb.fxgl.audio.Music@1f0cbedc
18:16:08.550 [JavaFX Application Thread] DEBUG AudioPlayer          - Playing music com.almasb.fxgl.audio.Music@5319e8e4
18:16:08.614 [JavaFX Application Thread] DEBUG AudioPlayer          - Playing music com.almasb.fxgl.audio.Music@5319e8e4
18:16:08.726 [JavaFX Application Thread] DEBUG AudioPlayer          - Playing music com.almasb.fxgl.audio.Music@5319e8e4
18:16:08.838 [JavaFX Application Thread] DEBUG AudioPlayer          - Playing music com.almasb.fxgl.audio.Music@1f0cbedc
18:16:10.095 [JavaFX Application Thread] DEBUG AudioPlayer          - Playing music com.almasb.fxgl.audio.Music@5319e8e4
18:16:10.198 [JavaFX Application Thread] DEBUG AudioPlayer          - Playing music com.almasb.fxgl.audio.Music@5319e8e4
18:16:10.326 [JavaFX Application Thread] DEBUG AudioPlayer          - Playing music com.almasb.fxgl.audio.Music@5319e8e4
18:16:10.429 [JavaFX Application Thread] DEBUG AudioPlayer          - Playing music com.almasb.fxgl.audio.Music@1f0cbedc
18:16:11.798 [JavaFX Application Thread] DEBUG AudioPlayer          - Playing music com.almasb.fxgl.audio.Music@5319e8e4
18:16:11.920 [JavaFX Application Thread] DEBUG AudioPlayer          - Playing music com.almasb.fxgl.audio.Music@5319e8e4
18:16:12.035 [JavaFX Application Thread] DEBUG AudioPlayer          - Playing music com.almasb.fxgl.audio.Music@5319e8e4
18:16:12.150 [JavaFX Application Thread] DEBUG AudioPlayer          - Playing music com.almasb.fxgl.audio.Music@1f0cbedc
18:16:13.174 [JavaFX Application Thread] DEBUG AudioPlayer          - Playing music com.almasb.fxgl.audio.Music@5319e8e4
18:16:13.285 [JavaFX Application Thread] DEBUG AudioPlayer          - Playing music com.almasb.fxgl.audio.Music@5319e8e4
18:16:13.414 [JavaFX Application Thread] DEBUG AudioPlayer          - Playing music com.almasb.fxgl.audio.Music@5319e8e4
18:16:13.538 [JavaFX Application Thread] DEBUG AudioPlayer          - Playing music com.almasb.fxgl.audio.Music@5319e8e4
18:16:13.669 [JavaFX Application Thread] DEBUG AudioPlayer          - Playing music com.almasb.fxgl.audio.Music@1f0cbedc
18:16:15.798 [JavaFX Application Thread] DEBUG AudioPlayer          - Playing music com.almasb.fxgl.audio.Music@6beedfce
18:16:15.846 [JavaFX Application Thread] DEBUG AudioPlayer          - Playing music com.almasb.fxgl.audio.Music@6beedfce
18:16:15.925 [JavaFX Application Thread] DEBUG AudioPlayer          - Playing music com.almasb.fxgl.audio.Music@6beedfce
18:16:16.035 [JavaFX Application Thread] DEBUG AudioPlayer          - Playing music com.almasb.fxgl.audio.Music@6beedfce
18:16:16.214 [JavaFX Application Thread] DEBUG AudioPlayer          - Playing music com.almasb.fxgl.audio.Music@6beedfce
18:16:16.405 [JavaFX Application Thread] DEBUG AudioPlayer          - Playing music com.almasb.fxgl.audio.Music@6beedfce
18:16:16.534 [JavaFX Application Thread] DEBUG AudioPlayer          - Playing music com.almasb.fxgl.audio.Music@6beedfce
18:16:16.774 [JavaFX Application Thread] DEBUG AudioPlayer          - Playing music com.almasb.fxgl.audio.Music@6beedfce
18:16:16.886 [JavaFX Application Thread] DEBUG AudioPlayer          - Playing music com.almasb.fxgl.audio.Music@6beedfce
18:16:16.998 [JavaFX Application Thread] DEBUG AudioPlayer          - Playing music com.almasb.fxgl.audio.Music@6beedfce
18:16:17.101 [JavaFX Application Thread] DEBUG AudioPlayer          - Playing music com.almasb.fxgl.audio.Music@6beedfce
18:16:17.217 [JavaFX Application Thread] DEBUG AudioPlayer          - Playing music com.almasb.fxgl.audio.Music@6beedfce
18:16:17.334 [JavaFX Application Thread] DEBUG AudioPlayer          - Playing music com.almasb.fxgl.audio.Music@6beedfce
18:16:17.446 [JavaFX Application Thread] DEBUG AudioPlayer          - Playing music com.almasb.fxgl.audio.Music@6beedfce
18:16:17.555 [JavaFX Application Thread] DEBUG AudioPlayer          - Playing music com.almasb.fxgl.audio.Music@6beedfce
18:16:17.669 [JavaFX Application Thread] DEBUG AudioPlayer          - Playing music com.almasb.fxgl.audio.Music@6beedfce
18:16:17.781 [JavaFX Application Thread] DEBUG AudioPlayer          - Playing music com.almasb.fxgl.audio.Music@6beedfce
18:16:17.893 [JavaFX Application Thread] DEBUG AudioPlayer          - Playing music com.almasb.fxgl.audio.Music@6beedfce
18:16:18.004 [JavaFX Application Thread] DEBUG AudioPlayer          - Playing music com.almasb.fxgl.audio.Music@6beedfce
18:16:18.113 [JavaFX Application Thread] DEBUG AudioPlayer          - Playing music com.almasb.fxgl.audio.Music@6beedfce
18:16:18.246 [JavaFX Application Thread] DEBUG AudioPlayer          - Playing music com.almasb.fxgl.audio.Music@6beedfce
18:16:18.374 [JavaFX Application Thread] DEBUG AudioPlayer          - Playing music com.almasb.fxgl.audio.Music@6beedfce
18:16:18.495 [JavaFX Application Thread] DEBUG AudioPlayer          - Playing music com.almasb.fxgl.audio.Music@6beedfce
18:16:18.629 [JavaFX Application Thread] DEBUG AudioPlayer          - Playing music com.almasb.fxgl.audio.Music@6beedfce
18:16:18.750 [JavaFX Application Thread] DEBUG AudioPlayer          - Playing music com.almasb.fxgl.audio.Music@6beedfce
18:16:18.886 [JavaFX Application Thread] DEBUG AudioPlayer          - Playing music com.almasb.fxgl.audio.Music@6beedfce
18:16:18.999 [JavaFX Application Thread] DEBUG AudioPlayer          - Playing music com.almasb.fxgl.audio.Music@6beedfce
18:16:19.120 [JavaFX Application Thread] DEBUG AudioPlayer          - Playing music com.almasb.fxgl.audio.Music@6beedfce
18:16:19.247 [JavaFX Application Thread] DEBUG AudioPlayer          - Playing music com.almasb.fxgl.audio.Music@6beedfce
18:16:19.374 [JavaFX Application Thread] DEBUG AudioPlayer          - Playing music com.almasb.fxgl.audio.Music@6beedfce
18:16:19.494 [JavaFX Application Thread] DEBUG AudioPlayer          - Playing music com.almasb.fxgl.audio.Music@6beedfce
18:16:19.617 [JavaFX Application Thread] DEBUG AudioPlayer          - Playing music com.almasb.fxgl.audio.Music@6beedfce
18:16:19.744 [JavaFX Application Thread] DEBUG AudioPlayer          - Playing music com.almasb.fxgl.audio.Music@6beedfce
18:16:19.871 [JavaFX Application Thread] DEBUG AudioPlayer          - Playing music com.almasb.fxgl.audio.Music@1f0cbedc
18:16:22.294 [JavaFX Application Thread] DEBUG AudioPlayer          - Playing music com.almasb.fxgl.audio.Music@5319e8e4
18:16:22.404 [JavaFX Application Thread] DEBUG AudioPlayer          - Playing music com.almasb.fxgl.audio.Music@5319e8e4
18:16:22.610 [JavaFX Application Thread] DEBUG AudioPlayer          - Playing music com.almasb.fxgl.audio.Music@5319e8e4
18:16:22.822 [JavaFX Application Thread] DEBUG AudioPlayer          - Playing music com.almasb.fxgl.audio.Music@5319e8e4
18:16:23.430 [JavaFX Application Thread] DEBUG AudioPlayer          - Playing music com.almasb.fxgl.audio.Music@5319e8e4
18:16:23.508 [JavaFX Application Thread] DEBUG AudioPlayer          - Playing music com.almasb.fxgl.audio.Music@5319e8e4
18:16:23.622 [JavaFX Application Thread] DEBUG AudioPlayer          - Playing music com.almasb.fxgl.audio.Music@5319e8e4
18:16:23.726 [JavaFX Application Thread] DEBUG AudioPlayer          - Playing music com.almasb.fxgl.audio.Music@5319e8e4
18:16:23.840 [JavaFX Application Thread] DEBUG AudioPlayer          - Playing music com.almasb.fxgl.audio.Music@1f0cbedc
18:16:25.762 [JavaFX Application Thread] DEBUG AudioPlayer          - Playing music com.almasb.fxgl.audio.Music@1f0cbedc
18:16:27.556 [JavaFX Application Thread] DEBUG AudioPlayer          - Playing music com.almasb.fxgl.audio.Music@5319e8e4
18:16:27.683 [JavaFX Application Thread] DEBUG AudioPlayer          - Playing music com.almasb.fxgl.audio.Music@5319e8e4
18:16:27.781 [JavaFX Application Thread] DEBUG AudioPlayer          - Playing music com.almasb.fxgl.audio.Music@1c4cea6a
18:16:27.810 [JavaFX Application Thread] DEBUG AudioPlayer          - Playing music com.almasb.fxgl.audio.Music@5319e8e4
18:16:27.942 [JavaFX Application Thread] DEBUG AudioPlayer          - Playing music com.almasb.fxgl.audio.Music@1f0cbedc
18:16:31.477 [JavaFX Application Thread] DEBUG AudioPlayer          - Playing music com.almasb.fxgl.audio.Music@5319e8e4
18:16:32.118 [JavaFX Application Thread] DEBUG AudioPlayer          - Playing music com.almasb.fxgl.audio.Music@5319e8e4
18:16:32.399 [JavaFX Application Thread] DEBUG AudioPlayer          - Playing music com.almasb.fxgl.audio.Music@1c4cea6a
18:16:35.380 [JavaFX Application Thread] DEBUG AudioPlayer          - Playing music com.almasb.fxgl.audio.Music@5319e8e4
18:16:35.507 [JavaFX Application Thread] DEBUG AudioPlayer          - Playing music com.almasb.fxgl.audio.Music@5319e8e4
18:16:35.635 [JavaFX Application Thread] DEBUG AudioPlayer          - Playing music com.almasb.fxgl.audio.Music@5319e8e4
18:16:35.766 [JavaFX Application Thread] DEBUG AudioPlayer          - Playing music com.almasb.fxgl.audio.Music@1f0cbedc
18:16:37.206 [JavaFX Application Thread] DEBUG AudioPlayer          - Playing music com.almasb.fxgl.audio.Music@6beedfce
18:16:37.494 [JavaFX Application Thread] DEBUG AudioPlayer          - Playing music com.almasb.fxgl.audio.Music@6beedfce
18:16:37.604 [JavaFX Application Thread] DEBUG AudioPlayer          - Playing music com.almasb.fxgl.audio.Music@6beedfce
18:16:37.781 [JavaFX Application Thread] DEBUG AudioPlayer          - Playing music com.almasb.fxgl.audio.Music@6beedfce
18:16:37.828 [JavaFX Application Thread] DEBUG AudioPlayer          - Playing music com.almasb.fxgl.audio.Music@6beedfce
18:16:37.910 [JavaFX Application Thread] DEBUG AudioPlayer          - Playing music com.almasb.fxgl.audio.Music@6beedfce
18:16:38.021 [JavaFX Application Thread] DEBUG AudioPlayer          - Playing music com.almasb.fxgl.audio.Music@6beedfce
18:16:38.131 [JavaFX Application Thread] DEBUG AudioPlayer          - Playing music com.almasb.fxgl.audio.Music@6beedfce
18:16:38.149 [JavaFX Application Thread] DEBUG AudioPlayer          - Playing music com.almasb.fxgl.audio.Music@6beedfce
18:16:38.261 [JavaFX Application Thread] DEBUG AudioPlayer          - Playing music com.almasb.fxgl.audio.Music@6beedfce
18:16:38.374 [JavaFX Application Thread] DEBUG AudioPlayer          - Playing music com.almasb.fxgl.audio.Music@6beedfce
18:16:38.452 [JavaFX Application Thread] DEBUG AudioPlayer          - Playing music com.almasb.fxgl.audio.Music@6beedfce
18:16:38.483 [JavaFX Application Thread] DEBUG AudioPlayer          - Playing music com.almasb.fxgl.audio.Music@6beedfce
18:16:38.592 [JavaFX Application Thread] DEBUG AudioPlayer          - Playing music com.almasb.fxgl.audio.Music@6beedfce
18:16:38.707 [JavaFX Application Thread] DEBUG AudioPlayer          - Playing music com.almasb.fxgl.audio.Music@6beedfce
18:16:38.756 [JavaFX Application Thread] DEBUG AudioPlayer          - Playing music com.almasb.fxgl.audio.Music@6beedfce
18:16:38.822 [JavaFX Application Thread] DEBUG AudioPlayer          - Playing music com.almasb.fxgl.audio.Music@6beedfce
18:16:38.933 [JavaFX Application Thread] DEBUG AudioPlayer          - Playing music com.almasb.fxgl.audio.Music@6beedfce
18:16:39.059 [JavaFX Application Thread] DEBUG AudioPlayer          - Playing music com.almasb.fxgl.audio.Music@6beedfce
18:16:39.078 [JavaFX Application Thread] DEBUG AudioPlayer          - Playing music com.almasb.fxgl.audio.Music@6beedfce
18:16:39.173 [JavaFX Application Thread] DEBUG AudioPlayer          - Playing music com.almasb.fxgl.audio.Music@6beedfce
18:16:39.286 [JavaFX Application Thread] DEBUG AudioPlayer          - Playing music com.almasb.fxgl.audio.Music@6beedfce
18:16:39.381 [JavaFX Application Thread] DEBUG AudioPlayer          - Playing music com.almasb.fxgl.audio.Music@6beedfce
18:16:39.397 [JavaFX Application Thread] DEBUG AudioPlayer          - Playing music com.almasb.fxgl.audio.Music@6beedfce
18:16:39.510 [JavaFX Application Thread] DEBUG AudioPlayer          - Playing music com.almasb.fxgl.audio.Music@6beedfce
18:16:39.616 [JavaFX Application Thread] DEBUG AudioPlayer          - Playing music com.almasb.fxgl.audio.Music@6beedfce
18:16:39.700 [JavaFX Application Thread] DEBUG AudioPlayer          - Playing music com.almasb.fxgl.audio.Music@6beedfce
18:16:39.732 [JavaFX Application Thread] DEBUG AudioPlayer          - Playing music com.almasb.fxgl.audio.Music@6beedfce
18:16:39.846 [JavaFX Application Thread] DEBUG AudioPlayer          - Playing music com.almasb.fxgl.audio.Music@6beedfce
18:16:39.955 [JavaFX Application Thread] DEBUG AudioPlayer          - Playing music com.almasb.fxgl.audio.Music@6beedfce
18:16:40.021 [JavaFX Application Thread] DEBUG AudioPlayer          - Playing music com.almasb.fxgl.audio.Music@6beedfce
18:16:40.070 [JavaFX Application Thread] DEBUG AudioPlayer          - Playing music com.almasb.fxgl.audio.Music@6beedfce
18:16:40.192 [JavaFX Application Thread] DEBUG AudioPlayer          - Playing music com.almasb.fxgl.audio.Music@6beedfce
18:16:40.307 [JavaFX Application Thread] DEBUG AudioPlayer          - Playing music com.almasb.fxgl.audio.Music@6beedfce
18:16:40.332 [JavaFX Application Thread] DEBUG AudioPlayer          - Playing music com.almasb.fxgl.audio.Music@6beedfce
18:16:40.438 [JavaFX Application Thread] DEBUG AudioPlayer          - Playing music com.almasb.fxgl.audio.Music@6beedfce
18:16:40.556 [JavaFX Application Thread] DEBUG AudioPlayer          - Playing music com.almasb.fxgl.audio.Music@6beedfce
18:16:40.690 [JavaFX Application Thread] DEBUG AudioPlayer          - Playing music com.almasb.fxgl.audio.Music@1f0cbedc
18:16:43.142 [JavaFX Application Thread] DEBUG AudioPlayer          - Playing music com.almasb.fxgl.audio.Music@5319e8e4
18:16:43.254 [JavaFX Application Thread] DEBUG AudioPlayer          - Playing music com.almasb.fxgl.audio.Music@5319e8e4
18:16:43.361 [JavaFX Application Thread] DEBUG AudioPlayer          - Playing music com.almasb.fxgl.audio.Music@5319e8e4
18:16:43.476 [JavaFX Application Thread] DEBUG AudioPlayer          - Playing music com.almasb.fxgl.audio.Music@5319e8e4
18:16:43.590 [JavaFX Application Thread] DEBUG AudioPlayer          - Playing music com.almasb.fxgl.audio.Music@5319e8e4
18:16:44.016 [JavaFX Application Thread] DEBUG AudioPlayer          - Playing music com.almasb.fxgl.audio.Music@5319e8e4
18:16:44.131 [JavaFX Application Thread] DEBUG AudioPlayer          - Playing music com.almasb.fxgl.audio.Music@5319e8e4
18:16:44.246 [JavaFX Application Thread] DEBUG AudioPlayer          - Playing music com.almasb.fxgl.audio.Music@5319e8e4
18:16:44.355 [JavaFX Application Thread] DEBUG AudioPlayer          - Playing music com.almasb.fxgl.audio.Music@5319e8e4
18:16:44.464 [JavaFX Application Thread] DEBUG AudioPlayer          - Playing music com.almasb.fxgl.audio.Music@5319e8e4
18:16:44.581 [JavaFX Application Thread] DEBUG AudioPlayer          - Playing music com.almasb.fxgl.audio.Music@1f0cbedc
18:16:45.638 [JavaFX Application Thread] DEBUG AudioPlayer          - Playing music com.almasb.fxgl.audio.Music@1f0cbedc
18:16:47.526 [JavaFX Application Thread] DEBUG AudioPlayer          - Playing music com.almasb.fxgl.audio.Music@5319e8e4
18:16:47.638 [JavaFX Application Thread] DEBUG AudioPlayer          - Playing music com.almasb.fxgl.audio.Music@5319e8e4
18:16:47.781 [JavaFX Application Thread] DEBUG AudioPlayer          - Playing music com.almasb.fxgl.audio.Music@5319e8e4
18:16:47.894 [JavaFX Application Thread] DEBUG AudioPlayer          - Playing music com.almasb.fxgl.audio.Music@5319e8e4
18:16:48.028 [JavaFX Application Thread] DEBUG AudioPlayer          - Playing music com.almasb.fxgl.audio.Music@5319e8e4
18:16:48.166 [JavaFX Application Thread] DEBUG AudioPlayer          - Playing music com.almasb.fxgl.audio.Music@5319e8e4
18:16:48.294 [JavaFX Application Thread] DEBUG AudioPlayer          - Playing music com.almasb.fxgl.audio.Music@1f0cbedc
18:16:48.630 [JavaFX Application Thread] DEBUG AudioPlayer          - Playing music com.almasb.fxgl.audio.Music@1c4cea6a
18:16:51.062 [JavaFX Application Thread] DEBUG AudioPlayer          - Playing music com.almasb.fxgl.audio.Music@5319e8e4
18:16:51.190 [JavaFX Application Thread] DEBUG AudioPlayer          - Playing music com.almasb.fxgl.audio.Music@5319e8e4
18:16:51.318 [JavaFX Application Thread] DEBUG AudioPlayer          - Playing music com.almasb.fxgl.audio.Music@5319e8e4
18:16:51.447 [JavaFX Application Thread] DEBUG AudioPlayer          - Playing music com.almasb.fxgl.audio.Music@5319e8e4
18:16:51.574 [JavaFX Application Thread] DEBUG AudioPlayer          - Playing music com.almasb.fxgl.audio.Music@5319e8e4
18:16:51.701 [JavaFX Application Thread] DEBUG AudioPlayer          - Playing music com.almasb.fxgl.audio.Music@5319e8e4
18:16:51.828 [JavaFX Application Thread] DEBUG AudioPlayer          - Playing music com.almasb.fxgl.audio.Music@1f0cbedc
18:16:54.434 [JavaFX Application Thread] DEBUG AudioPlayer          - Playing music com.almasb.fxgl.audio.Music@6beedfce
18:16:54.755 [JavaFX Application Thread] DEBUG AudioPlayer          - Playing music com.almasb.fxgl.audio.Music@6beedfce
18:16:55.062 [JavaFX Application Thread] DEBUG AudioPlayer          - Playing music com.almasb.fxgl.audio.Music@6beedfce
18:16:55.366 [JavaFX Application Thread] DEBUG AudioPlayer          - Playing music com.almasb.fxgl.audio.Music@6beedfce
18:16:55.379 [JavaFX Application Thread] DEBUG AudioPlayer          - Playing music com.almasb.fxgl.audio.Music@6beedfce
18:16:55.477 [JavaFX Application Thread] DEBUG AudioPlayer          - Playing music com.almasb.fxgl.audio.Music@6beedfce
18:16:55.589 [JavaFX Application Thread] DEBUG AudioPlayer          - Playing music com.almasb.fxgl.audio.Music@6beedfce
18:16:55.686 [JavaFX Application Thread] DEBUG AudioPlayer          - Playing music com.almasb.fxgl.audio.Music@6beedfce
18:16:55.701 [JavaFX Application Thread] DEBUG AudioPlayer          - Playing music com.almasb.fxgl.audio.Music@6beedfce
18:16:55.798 [JavaFX Application Thread] DEBUG AudioPlayer          - Playing music com.almasb.fxgl.audio.Music@6beedfce
18:16:55.813 [JavaFX Application Thread] DEBUG AudioPlayer          - Playing music com.almasb.fxgl.audio.Music@6beedfce
18:16:55.910 [JavaFX Application Thread] DEBUG AudioPlayer          - Playing music com.almasb.fxgl.audio.Music@6beedfce
18:16:55.990 [JavaFX Application Thread] DEBUG AudioPlayer          - Playing music com.almasb.fxgl.audio.Music@6beedfce
18:16:56.006 [JavaFX Application Thread] DEBUG AudioPlayer          - Playing music com.almasb.fxgl.audio.Music@6beedfce
18:16:56.038 [JavaFX Application Thread] DEBUG AudioPlayer          - Playing music com.almasb.fxgl.audio.Music@6beedfce
18:16:56.046 [JavaFX Application Thread] DEBUG AudioPlayer          - Playing music com.almasb.fxgl.audio.Music@6beedfce
18:16:56.070 [JavaFX Application Thread] DEBUG AudioPlayer          - Playing music com.almasb.fxgl.audio.Music@6beedfce
18:16:56.082 [JavaFX Application Thread] DEBUG AudioPlayer          - Playing music com.almasb.fxgl.audio.Music@6beedfce
18:16:56.086 [JavaFX Application Thread] DEBUG AudioPlayer          - Playing music com.almasb.fxgl.audio.Music@6beedfce
18:16:56.101 [JavaFX Application Thread] DEBUG AudioPlayer          - Playing music com.almasb.fxgl.audio.Music@6beedfce
18:16:56.210 [JavaFX Application Thread] DEBUG AudioPlayer          - Playing music com.almasb.fxgl.audio.Music@6beedfce
18:16:56.325 [JavaFX Application Thread] DEBUG AudioPlayer          - Playing music com.almasb.fxgl.audio.Music@6beedfce
18:16:56.338 [JavaFX Application Thread] DEBUG AudioPlayer          - Playing music com.almasb.fxgl.audio.Music@6beedfce
18:16:56.470 [JavaFX Application Thread] DEBUG AudioPlayer          - Playing music com.almasb.fxgl.audio.Music@6beedfce
18:16:56.630 [JavaFX Application Thread] DEBUG AudioPlayer          - Playing music com.almasb.fxgl.audio.Music@6beedfce
18:16:56.790 [JavaFX Application Thread] DEBUG AudioPlayer          - Playing music com.almasb.fxgl.audio.Music@6beedfce
18:16:56.919 [JavaFX Application Thread] DEBUG AudioPlayer          - Playing music com.almasb.fxgl.audio.Music@6beedfce
18:16:56.950 [JavaFX Application Thread] DEBUG AudioPlayer          - Playing music com.almasb.fxgl.audio.Music@6beedfce
18:16:57.030 [JavaFX Application Thread] DEBUG AudioPlayer          - Playing music com.almasb.fxgl.audio.Music@6beedfce
18:16:57.142 [JavaFX Application Thread] DEBUG AudioPlayer          - Playing music com.almasb.fxgl.audio.Music@6beedfce
18:16:57.255 [JavaFX Application Thread] DEBUG AudioPlayer          - Playing music com.almasb.fxgl.audio.Music@6beedfce
18:16:57.255 [JavaFX Application Thread] DEBUG AudioPlayer          - Playing music com.almasb.fxgl.audio.Music@6beedfce
18:16:57.367 [JavaFX Application Thread] DEBUG AudioPlayer          - Playing music com.almasb.fxgl.audio.Music@6beedfce
18:16:57.495 [JavaFX Application Thread] DEBUG AudioPlayer          - Playing music com.almasb.fxgl.audio.Music@6beedfce
18:16:57.606 [JavaFX Application Thread] DEBUG AudioPlayer          - Playing music com.almasb.fxgl.audio.Music@6beedfce
18:16:57.622 [JavaFX Application Thread] DEBUG AudioPlayer          - Playing music com.almasb.fxgl.audio.Music@6beedfce
18:16:57.749 [JavaFX Application Thread] DEBUG AudioPlayer          - Playing music com.almasb.fxgl.audio.Music@6beedfce
18:16:57.878 [JavaFX Application Thread] DEBUG AudioPlayer          - Playing music com.almasb.fxgl.audio.Music@6beedfce
18:16:57.959 [JavaFX Application Thread] DEBUG AudioPlayer          - Playing music com.almasb.fxgl.audio.Music@6beedfce
18:16:58.100 [JavaFX Application Thread] DEBUG AudioPlayer          - Playing music com.almasb.fxgl.audio.Music@6beedfce
18:16:58.246 [JavaFX Application Thread] DEBUG AudioPlayer          - Playing music com.almasb.fxgl.audio.Music@6beedfce
18:16:58.294 [JavaFX Application Thread] DEBUG AudioPlayer          - Playing music com.almasb.fxgl.audio.Music@6beedfce
18:16:58.373 [JavaFX Application Thread] DEBUG AudioPlayer          - Playing music com.almasb.fxgl.audio.Music@6beedfce
18:16:58.500 [JavaFX Application Thread] DEBUG AudioPlayer          - Playing music com.almasb.fxgl.audio.Music@6beedfce
18:16:58.615 [JavaFX Application Thread] DEBUG AudioPlayer          - Playing music com.almasb.fxgl.audio.Music@6beedfce
18:16:58.652 [JavaFX Application Thread] DEBUG AudioPlayer          - Playing music com.almasb.fxgl.audio.Music@6beedfce
18:16:58.790 [JavaFX Application Thread] DEBUG AudioPlayer          - Playing music com.almasb.fxgl.audio.Music@6beedfce
18:16:59.010 [JavaFX Application Thread] DEBUG AudioPlayer          - Playing music com.almasb.fxgl.audio.Music@1c4cea6a
18:16:59.011 [JavaFX Application Thread] DEBUG AudioPlayer          - Playing music com.almasb.fxgl.audio.Music@6beedfce
18:16:59.031 [JavaFX Application Thread] DEBUG AudioPlayer          - Playing music com.almasb.fxgl.audio.Music@6beedfce
18:16:59.270 [JavaFX Application Thread] DEBUG AudioPlayer          - Playing music com.almasb.fxgl.audio.Music@6beedfce
18:16:59.350 [JavaFX Application Thread] DEBUG AudioPlayer          - Playing music com.almasb.fxgl.audio.Music@6beedfce
18:16:59.511 [JavaFX Application Thread] DEBUG AudioPlayer          - Playing music com.almasb.fxgl.audio.Music@1f0cbedc
18:17:00.406 [JavaFX Application Thread] DEBUG AudioPlayer          - Playing music com.almasb.fxgl.audio.Music@1f0cbedc
18:17:01.815 [JavaFX Application Thread] DEBUG AudioPlayer          - Playing music com.almasb.fxgl.audio.Music@6beedfce
18:17:01.926 [JavaFX Application Thread] DEBUG AudioPlayer          - Playing music com.almasb.fxgl.audio.Music@6beedfce
18:17:01.975 [JavaFX Application Thread] DEBUG AudioPlayer          - Playing music com.almasb.fxgl.audio.Music@6beedfce
18:17:02.022 [JavaFX Application Thread] DEBUG AudioPlayer          - Playing music com.almasb.fxgl.audio.Music@6beedfce
18:17:02.130 [JavaFX Application Thread] DEBUG AudioPlayer          - Playing music com.almasb.fxgl.audio.Music@6beedfce
18:17:02.181 [JavaFX Application Thread] DEBUG AudioPlayer          - Playing music com.almasb.fxgl.audio.Music@1c4cea6a
18:17:02.262 [JavaFX Application Thread] DEBUG AudioPlayer          - Playing music com.almasb.fxgl.audio.Music@6beedfce
18:17:02.263 [JavaFX Application Thread] DEBUG AudioPlayer          - Playing music com.almasb.fxgl.audio.Music@1f0cbedc
18:17:02.386 [JavaFX Application Thread] DEBUG AudioPlayer          - Playing music com.almasb.fxgl.audio.Music@6beedfce
18:17:02.598 [JavaFX Application Thread] DEBUG AudioPlayer          - Playing music com.almasb.fxgl.audio.Music@6beedfce
18:17:02.774 [JavaFX Application Thread] DEBUG AudioPlayer          - Playing music com.almasb.fxgl.audio.Music@6beedfce
18:17:05.253 [JavaFX Application Thread] DEBUG AudioPlayer          - Playing music com.almasb.fxgl.audio.Music@1c4cea6a
18:17:05.271 [JavaFX Application Thread] DEBUG AudioPlayer          - Playing music com.almasb.fxgl.audio.Music@6beedfce
18:17:05.313 [JavaFX Application Thread] DEBUG AudioPlayer          - Playing music com.almasb.fxgl.audio.Music@6beedfce
18:17:05.367 [JavaFX Application Thread] DEBUG AudioPlayer          - Playing music com.almasb.fxgl.audio.Music@6beedfce
18:17:05.478 [JavaFX Application Thread] DEBUG AudioPlayer          - Playing music com.almasb.fxgl.audio.Music@6beedfce
18:17:05.653 [JavaFX Application Thread] DEBUG AudioPlayer          - Playing music com.almasb.fxgl.audio.Music@6beedfce
18:17:07.362 [JavaFX Application Thread] DEBUG AudioPlayer          - Playing music com.almasb.fxgl.audio.Music@6beedfce
18:17:07.413 [JavaFX Application Thread] DEBUG AudioPlayer          - Playing music com.almasb.fxgl.audio.Music@6beedfce
18:17:07.537 [JavaFX Application Thread] DEBUG AudioPlayer          - Playing music com.almasb.fxgl.audio.Music@6beedfce
18:17:07.702 [JavaFX Application Thread] DEBUG AudioPlayer          - Playing music com.almasb.fxgl.audio.Music@6beedfce
18:17:07.926 [JavaFX Application Thread] DEBUG AudioPlayer          - Playing music com.almasb.fxgl.audio.Music@6beedfce
18:17:08.052 [JavaFX Application Thread] DEBUG AudioPlayer          - Playing music com.almasb.fxgl.audio.Music@6beedfce
18:17:08.182 [JavaFX Application Thread] DEBUG AudioPlayer          - Playing music com.almasb.fxgl.audio.Music@6beedfce
18:17:08.310 [JavaFX Application Thread] DEBUG AudioPlayer          - Playing music com.almasb.fxgl.audio.Music@6beedfce
18:17:08.423 [JavaFX Application Thread] DEBUG AudioPlayer          - Playing music com.almasb.fxgl.audio.Music@1c4cea6a
18:17:08.439 [JavaFX Application Thread] DEBUG AudioPlayer          - Playing music com.almasb.fxgl.audio.Music@6beedfce
18:17:08.566 [JavaFX Application Thread] DEBUG AudioPlayer          - Playing music com.almasb.fxgl.audio.Music@6beedfce
18:17:08.694 [JavaFX Application Thread] DEBUG AudioPlayer          - Playing music com.almasb.fxgl.audio.Music@6beedfce
18:17:08.823 [JavaFX Application Thread] DEBUG AudioPlayer          - Playing music com.almasb.fxgl.audio.Music@6beedfce
18:17:08.961 [JavaFX Application Thread] DEBUG AudioPlayer          - Playing music com.almasb.fxgl.audio.Music@6beedfce
18:17:10.695 [JavaFX Application Thread] DEBUG AudioPlayer          - Playing music com.almasb.fxgl.audio.Music@1f0cbedc
18:17:13.295 [JavaFX Application Thread] DEBUG AudioPlayer          - Playing music com.almasb.fxgl.audio.Music@6beedfce
18:17:13.415 [JavaFX Application Thread] DEBUG AudioPlayer          - Playing music com.almasb.fxgl.audio.Music@6beedfce
18:17:13.543 [JavaFX Application Thread] DEBUG AudioPlayer          - Playing music com.almasb.fxgl.audio.Music@6beedfce
18:17:13.669 [JavaFX Application Thread] DEBUG AudioPlayer          - Playing music com.almasb.fxgl.audio.Music@6beedfce
18:17:13.792 [JavaFX Application Thread] DEBUG AudioPlayer          - Playing music com.almasb.fxgl.audio.Music@6beedfce
18:17:13.910 [JavaFX Application Thread] DEBUG AudioPlayer          - Playing music com.almasb.fxgl.audio.Music@6beedfce
18:17:14.046 [JavaFX Application Thread] DEBUG AudioPlayer          - Playing music com.almasb.fxgl.audio.Music@6beedfce
18:17:14.167 [JavaFX Application Thread] DEBUG AudioPlayer          - Playing music com.almasb.fxgl.audio.Music@6beedfce
18:17:14.294 [JavaFX Application Thread] DEBUG AudioPlayer          - Playing music com.almasb.fxgl.audio.Music@6beedfce
18:17:14.422 [JavaFX Application Thread] DEBUG AudioPlayer          - Playing music com.almasb.fxgl.audio.Music@6beedfce
18:17:14.550 [JavaFX Application Thread] DEBUG AudioPlayer          - Playing music com.almasb.fxgl.audio.Music@6beedfce
18:17:14.677 [JavaFX Application Thread] DEBUG AudioPlayer          - Playing music com.almasb.fxgl.audio.Music@6beedfce
18:17:14.798 [JavaFX Application Thread] DEBUG AudioPlayer          - Playing music com.almasb.fxgl.audio.Music@6beedfce
18:17:14.918 [JavaFX Application Thread] DEBUG AudioPlayer          - Playing music com.almasb.fxgl.audio.Music@6beedfce
18:17:15.040 [JavaFX Application Thread] DEBUG AudioPlayer          - Playing music com.almasb.fxgl.audio.Music@6beedfce
18:17:15.173 [JavaFX Application Thread] DEBUG AudioPlayer          - Playing music com.almasb.fxgl.audio.Music@6beedfce
18:17:15.301 [JavaFX Application Thread] DEBUG AudioPlayer          - Playing music com.almasb.fxgl.audio.Music@6beedfce
18:17:15.430 [JavaFX Application Thread] DEBUG AudioPlayer          - Playing music com.almasb.fxgl.audio.Music@6beedfce
18:17:15.558 [JavaFX Application Thread] DEBUG AudioPlayer          - Playing music com.almasb.fxgl.audio.Music@6beedfce
18:17:15.686 [JavaFX Application Thread] DEBUG AudioPlayer          - Playing music com.almasb.fxgl.audio.Music@6beedfce
18:17:15.813 [JavaFX Application Thread] DEBUG AudioPlayer          - Playing music com.almasb.fxgl.audio.Music@6beedfce
18:17:15.943 [JavaFX Application Thread] DEBUG AudioPlayer          - Playing music com.almasb.fxgl.audio.Music@6beedfce
18:17:16.070 [JavaFX Application Thread] DEBUG AudioPlayer          - Playing music com.almasb.fxgl.audio.Music@6beedfce
18:17:16.197 [JavaFX Application Thread] DEBUG AudioPlayer          - Playing music com.almasb.fxgl.audio.Music@6beedfce
18:17:16.325 [JavaFX Application Thread] DEBUG AudioPlayer          - Playing music com.almasb.fxgl.audio.Music@6beedfce
18:17:16.452 [JavaFX Application Thread] DEBUG AudioPlayer          - Playing music com.almasb.fxgl.audio.Music@6beedfce
18:17:16.580 [JavaFX Application Thread] DEBUG AudioPlayer          - Playing music com.almasb.fxgl.audio.Music@6beedfce
18:17:16.707 [JavaFX Application Thread] DEBUG AudioPlayer          - Playing music com.almasb.fxgl.audio.Music@6beedfce
18:17:16.828 [JavaFX Application Thread] DEBUG AudioPlayer          - Playing music com.almasb.fxgl.audio.Music@6beedfce
18:17:16.900 [JavaFX Application Thread] DEBUG AudioPlayer          - Playing music com.almasb.fxgl.audio.Music@6beedfce
18:17:17.014 [JavaFX Application Thread] DEBUG AudioPlayer          - Playing music com.almasb.fxgl.audio.Music@6beedfce
18:17:17.143 [JavaFX Application Thread] DEBUG AudioPlayer          - Playing music com.almasb.fxgl.audio.Music@6beedfce
18:17:17.271 [JavaFX Application Thread] DEBUG AudioPlayer          - Playing music com.almasb.fxgl.audio.Music@6beedfce
18:17:17.398 [JavaFX Application Thread] DEBUG AudioPlayer          - Playing music com.almasb.fxgl.audio.Music@6beedfce
18:17:17.526 [JavaFX Application Thread] DEBUG AudioPlayer          - Playing music com.almasb.fxgl.audio.Music@6beedfce
18:17:17.654 [JavaFX Application Thread] DEBUG AudioPlayer          - Playing music com.almasb.fxgl.audio.Music@6beedfce
18:17:17.782 [JavaFX Application Thread] DEBUG AudioPlayer          - Playing music com.almasb.fxgl.audio.Music@6beedfce
18:17:17.910 [JavaFX Application Thread] DEBUG AudioPlayer          - Playing music com.almasb.fxgl.audio.Music@6beedfce
18:17:18.039 [JavaFX Application Thread] DEBUG AudioPlayer          - Playing music com.almasb.fxgl.audio.Music@6beedfce
18:17:18.167 [JavaFX Application Thread] DEBUG AudioPlayer          - Playing music com.almasb.fxgl.audio.Music@1f0cbedc
18:17:20.949 [JavaFX Application Thread] DEBUG AudioPlayer          - Playing music com.almasb.fxgl.audio.Music@1c4cea6a
18:17:25.158 [JavaFX Application Thread] DEBUG AudioPlayer          - Playing music com.almasb.fxgl.audio.Music@1c4cea6a
18:17:28.230 [JavaFX Application Thread] DEBUG AudioPlayer          - Playing music com.almasb.fxgl.audio.Music@6beedfce
18:17:28.278 [JavaFX Application Thread] DEBUG AudioPlayer          - Playing music com.almasb.fxgl.audio.Music@6beedfce
18:17:28.326 [JavaFX Application Thread] DEBUG AudioPlayer          - Playing music com.almasb.fxgl.audio.Music@1c4cea6a
18:17:28.326 [JavaFX Application Thread] DEBUG AudioPlayer          - Playing music com.almasb.fxgl.audio.Music@6beedfce
18:17:28.326 [JavaFX Application Thread] DEBUG AudioPlayer          - Playing music com.almasb.fxgl.audio.Music@6beedfce
18:17:28.341 [JavaFX Application Thread] DEBUG AudioPlayer          - Playing music com.almasb.fxgl.audio.Music@6beedfce
18:17:28.422 [JavaFX Application Thread] DEBUG AudioPlayer          - Playing music com.almasb.fxgl.audio.Music@6beedfce
18:17:28.550 [JavaFX Application Thread] DEBUG AudioPlayer          - Playing music com.almasb.fxgl.audio.Music@6beedfce
18:17:28.678 [JavaFX Application Thread] DEBUG AudioPlayer          - Playing music com.almasb.fxgl.audio.Music@6beedfce
18:17:28.806 [JavaFX Application Thread] DEBUG AudioPlayer          - Playing music com.almasb.fxgl.audio.Music@6beedfce
18:17:28.855 [JavaFX Application Thread] DEBUG AudioPlayer          - Playing music com.almasb.fxgl.audio.Music@6beedfce
18:17:28.982 [JavaFX Application Thread] DEBUG AudioPlayer          - Playing music com.almasb.fxgl.audio.Music@6beedfce
18:17:30.694 [JavaFX Application Thread] DEBUG AudioPlayer          - Playing music com.almasb.fxgl.audio.Music@6beedfce
18:17:30.855 [JavaFX Application Thread] DEBUG AudioPlayer          - Playing music com.almasb.fxgl.audio.Music@6beedfce
18:17:30.966 [JavaFX Application Thread] DEBUG AudioPlayer          - Playing music com.almasb.fxgl.audio.Music@6beedfce
18:17:31.094 [JavaFX Application Thread] DEBUG AudioPlayer          - Playing music com.almasb.fxgl.audio.Music@6beedfce
18:17:31.174 [JavaFX Application Thread] DEBUG AudioPlayer          - Playing music com.almasb.fxgl.audio.Music@6beedfce
18:17:31.638 [JavaFX Application Thread] DEBUG AudioPlayer          - Playing music com.almasb.fxgl.audio.Music@6beedfce
18:17:31.702 [JavaFX Application Thread] DEBUG AudioPlayer          - Playing music com.almasb.fxgl.audio.Music@1c4cea6a
18:17:33.830 [JavaFX Application Thread] DEBUG AudioPlayer          - Playing music com.almasb.fxgl.audio.Music@6beedfce
18:17:33.974 [JavaFX Application Thread] DEBUG AudioPlayer          - Playing music com.almasb.fxgl.audio.Music@6beedfce
18:17:34.102 [JavaFX Application Thread] DEBUG AudioPlayer          - Playing music com.almasb.fxgl.audio.Music@6beedfce
18:17:34.183 [JavaFX Application Thread] DEBUG AudioPlayer          - Playing music com.almasb.fxgl.audio.Music@6beedfce
18:17:34.214 [JavaFX Application Thread] DEBUG AudioPlayer          - Playing music com.almasb.fxgl.audio.Music@6beedfce
18:17:34.343 [JavaFX Application Thread] DEBUG AudioPlayer          - Playing music com.almasb.fxgl.audio.Music@6beedfce
18:17:34.469 [JavaFX Application Thread] DEBUG AudioPlayer          - Playing music com.almasb.fxgl.audio.Music@6beedfce
18:17:34.631 [JavaFX Application Thread] DEBUG AudioPlayer          - Playing music com.almasb.fxgl.audio.Music@6beedfce
18:17:34.742 [JavaFX Application Thread] DEBUG AudioPlayer          - Playing music com.almasb.fxgl.audio.Music@6beedfce
18:17:34.870 [JavaFX Application Thread] DEBUG AudioPlayer          - Playing music com.almasb.fxgl.audio.Music@6beedfce
18:17:34.998 [JavaFX Application Thread] DEBUG AudioPlayer          - Playing music com.almasb.fxgl.audio.Music@6beedfce
18:17:35.126 [JavaFX Application Thread] DEBUG AudioPlayer          - Playing music com.almasb.fxgl.audio.Music@6beedfce
18:17:35.270 [JavaFX Application Thread] DEBUG AudioPlayer          - Playing music com.almasb.fxgl.audio.Music@6beedfce
18:17:35.398 [JavaFX Application Thread] DEBUG AudioPlayer          - Playing music com.almasb.fxgl.audio.Music@6beedfce
18:17:35.526 [JavaFX Application Thread] DEBUG AudioPlayer          - Playing music com.almasb.fxgl.audio.Music@6beedfce
18:17:35.654 [JavaFX Application Thread] DEBUG AudioPlayer          - Playing music com.almasb.fxgl.audio.Music@6beedfce
18:17:35.798 [JavaFX Application Thread] DEBUG AudioPlayer          - Playing music com.almasb.fxgl.audio.Music@6beedfce
18:17:35.973 [JavaFX Application Thread] DEBUG AudioPlayer          - Playing music com.almasb.fxgl.audio.Music@1c4cea6a
18:17:36.053 [JavaFX Application Thread] DEBUG AudioPlayer          - Playing music com.almasb.fxgl.audio.Music@6beedfce
18:17:36.182 [JavaFX Application Thread] DEBUG AudioPlayer          - Playing music com.almasb.fxgl.audio.Music@6beedfce
18:17:36.342 [JavaFX Application Thread] DEBUG AudioPlayer          - Playing music com.almasb.fxgl.audio.Music@6beedfce
18:17:36.567 [JavaFX Application Thread] DEBUG AudioPlayer          - Playing music com.almasb.fxgl.audio.Music@6beedfce
18:17:36.694 [JavaFX Application Thread] DEBUG AudioPlayer          - Playing music com.almasb.fxgl.audio.Music@6beedfce
18:17:38.663 [JavaFX Application Thread] DEBUG AudioPlayer          - Playing music com.almasb.fxgl.audio.Music@6beedfce
18:17:38.694 [JavaFX Application Thread] DEBUG AudioPlayer          - Playing music com.almasb.fxgl.audio.Music@6beedfce
18:17:38.710 [JavaFX Application Thread] DEBUG AudioPlayer          - Playing music com.almasb.fxgl.audio.Music@6beedfce
18:17:38.742 [JavaFX Application Thread] DEBUG AudioPlayer          - Playing music com.almasb.fxgl.audio.Music@6beedfce
18:17:38.758 [JavaFX Application Thread] DEBUG AudioPlayer          - Playing music com.almasb.fxgl.audio.Music@6beedfce
18:17:38.887 [JavaFX Application Thread] DEBUG AudioPlayer          - Playing music com.almasb.fxgl.audio.Music@1f0cbedc
18:17:40.422 [JavaFX Application Thread] DEBUG AudioPlayer          - Playing music com.almasb.fxgl.audio.Music@6beedfce
18:17:40.550 [JavaFX Application Thread] DEBUG AudioPlayer          - Playing music com.almasb.fxgl.audio.Music@6beedfce
18:17:40.758 [JavaFX Application Thread] DEBUG AudioPlayer          - Playing music com.almasb.fxgl.audio.Music@6beedfce
18:17:40.983 [JavaFX Application Thread] DEBUG AudioPlayer          - Playing music com.almasb.fxgl.audio.Music@6beedfce
18:17:41.174 [JavaFX Application Thread] DEBUG AudioPlayer          - Playing music com.almasb.fxgl.audio.Music@6beedfce
18:17:41.287 [JavaFX Application Thread] DEBUG AudioPlayer          - Playing music com.almasb.fxgl.audio.Music@6beedfce
18:17:41.399 [JavaFX Application Thread] DEBUG AudioPlayer          - Playing music com.almasb.fxgl.audio.Music@6beedfce
18:17:41.526 [JavaFX Application Thread] DEBUG AudioPlayer          - Playing music com.almasb.fxgl.audio.Music@6beedfce
18:17:41.638 [JavaFX Application Thread] DEBUG AudioPlayer          - Playing music com.almasb.fxgl.audio.Music@6beedfce
18:17:41.702 [JavaFX Application Thread] DEBUG AudioPlayer          - Playing music com.almasb.fxgl.audio.Music@6beedfce
18:17:41.797 [JavaFX Application Thread] DEBUG AudioPlayer          - Playing music com.almasb.fxgl.audio.Music@6beedfce
18:17:41.906 [JavaFX Application Thread] DEBUG AudioPlayer          - Playing music com.almasb.fxgl.audio.Music@6beedfce
18:17:42.021 [JavaFX Application Thread] DEBUG AudioPlayer          - Playing music com.almasb.fxgl.audio.Music@6beedfce
18:17:42.134 [JavaFX Application Thread] DEBUG AudioPlayer          - Playing music com.almasb.fxgl.audio.Music@6beedfce
18:17:42.245 [JavaFX Application Thread] DEBUG AudioPlayer          - Playing music com.almasb.fxgl.audio.Music@6beedfce
18:17:42.355 [JavaFX Application Thread] DEBUG AudioPlayer          - Playing music com.almasb.fxgl.audio.Music@6beedfce
18:17:42.469 [JavaFX Application Thread] DEBUG AudioPlayer          - Playing music com.almasb.fxgl.audio.Music@6beedfce
18:17:42.579 [JavaFX Application Thread] DEBUG AudioPlayer          - Playing music com.almasb.fxgl.audio.Music@6beedfce
18:17:42.694 [JavaFX Application Thread] DEBUG AudioPlayer          - Playing music com.almasb.fxgl.audio.Music@6beedfce
18:17:42.803 [JavaFX Application Thread] DEBUG AudioPlayer          - Playing music com.almasb.fxgl.audio.Music@6beedfce
18:17:42.918 [JavaFX Application Thread] DEBUG AudioPlayer          - Playing music com.almasb.fxgl.audio.Music@6beedfce
18:17:43.014 [JavaFX Application Thread] DEBUG AudioPlayer          - Playing music com.almasb.fxgl.audio.Music@6beedfce
18:17:43.124 [JavaFX Application Thread] DEBUG AudioPlayer          - Playing music com.almasb.fxgl.audio.Music@6beedfce
18:17:43.239 [JavaFX Application Thread] DEBUG AudioPlayer          - Playing music com.almasb.fxgl.audio.Music@6beedfce
18:17:43.366 [JavaFX Application Thread] DEBUG AudioPlayer          - Playing music com.almasb.fxgl.audio.Music@6beedfce
18:17:43.494 [JavaFX Application Thread] DEBUG AudioPlayer          - Playing music com.almasb.fxgl.audio.Music@6beedfce
18:17:43.621 [JavaFX Application Thread] DEBUG AudioPlayer          - Playing music com.almasb.fxgl.audio.Music@6beedfce
18:17:43.751 [JavaFX Application Thread] DEBUG AudioPlayer          - Playing music com.almasb.fxgl.audio.Music@6beedfce
18:17:43.949 [JavaFX Application Thread] DEBUG AudioPlayer          - Playing music com.almasb.fxgl.audio.Music@6beedfce
18:17:44.182 [JavaFX Application Thread] DEBUG AudioPlayer          - Playing music com.almasb.fxgl.audio.Music@6beedfce
18:17:44.373 [JavaFX Application Thread] DEBUG AudioPlayer          - Playing music com.almasb.fxgl.audio.Music@6beedfce
18:17:44.494 [JavaFX Application Thread] DEBUG AudioPlayer          - Playing music com.almasb.fxgl.audio.Music@6beedfce
18:17:44.614 [JavaFX Application Thread] DEBUG AudioPlayer          - Playing music com.almasb.fxgl.audio.Music@6beedfce
18:17:44.744 [JavaFX Application Thread] DEBUG AudioPlayer          - Playing music com.almasb.fxgl.audio.Music@6beedfce
18:17:44.870 [JavaFX Application Thread] DEBUG AudioPlayer          - Playing music com.almasb.fxgl.audio.Music@6beedfce
18:17:45.000 [JavaFX Application Thread] DEBUG AudioPlayer          - Playing music com.almasb.fxgl.audio.Music@6beedfce
18:17:45.126 [JavaFX Application Thread] DEBUG AudioPlayer          - Playing music com.almasb.fxgl.audio.Music@6beedfce
18:17:45.253 [JavaFX Application Thread] DEBUG AudioPlayer          - Playing music com.almasb.fxgl.audio.Music@6beedfce
18:17:45.382 [JavaFX Application Thread] DEBUG AudioPlayer          - Playing music com.almasb.fxgl.audio.Music@6beedfce
18:17:45.526 [JavaFX Application Thread] DEBUG AudioPlayer          - Playing music com.almasb.fxgl.audio.Music@6beedfce
18:17:45.670 [JavaFX Application Thread] DEBUG AudioPlayer          - Playing music com.almasb.fxgl.audio.Music@6beedfce
18:17:45.686 [JavaFX Application Thread] DEBUG AudioPlayer          - Playing music com.almasb.fxgl.audio.Music@1c4cea6a
18:17:45.798 [JavaFX Application Thread] DEBUG AudioPlayer          - Playing music com.almasb.fxgl.audio.Music@6beedfce
18:17:45.990 [JavaFX Application Thread] DEBUG AudioPlayer          - Playing music com.almasb.fxgl.audio.Music@6beedfce
18:17:46.262 [JavaFX Application Thread] DEBUG AudioPlayer          - Playing music com.almasb.fxgl.audio.Music@6beedfce
18:17:46.470 [JavaFX Application Thread] DEBUG AudioPlayer          - Playing music com.almasb.fxgl.audio.Music@6beedfce
18:17:46.726 [JavaFX Application Thread] DEBUG AudioPlayer          - Playing music com.almasb.fxgl.audio.Music@6beedfce
18:17:46.951 [JavaFX Application Thread] DEBUG AudioPlayer          - Playing music com.almasb.fxgl.audio.Music@6beedfce
18:17:47.190 [JavaFX Application Thread] DEBUG AudioPlayer          - Playing music com.almasb.fxgl.audio.Music@6beedfce
18:17:47.334 [JavaFX Application Thread] DEBUG AudioPlayer          - Playing music com.almasb.fxgl.audio.Music@6beedfce
18:17:47.478 [JavaFX Application Thread] DEBUG AudioPlayer          - Playing music com.almasb.fxgl.audio.Music@6beedfce
18:17:47.606 [JavaFX Application Thread] DEBUG AudioPlayer          - Playing music com.almasb.fxgl.audio.Music@6beedfce
18:17:47.686 [JavaFX Application Thread] DEBUG AudioPlayer          - Playing music com.almasb.fxgl.audio.Music@6beedfce
18:17:47.734 [JavaFX Application Thread] DEBUG AudioPlayer          - Playing music com.almasb.fxgl.audio.Music@6beedfce
18:17:47.862 [JavaFX Application Thread] DEBUG AudioPlayer          - Playing music com.almasb.fxgl.audio.Music@6beedfce
18:17:47.990 [JavaFX Application Thread] DEBUG AudioPlayer          - Playing music com.almasb.fxgl.audio.Music@6beedfce
18:17:48.118 [JavaFX Application Thread] DEBUG AudioPlayer          - Playing music com.almasb.fxgl.audio.Music@6beedfce
18:17:48.214 [JavaFX Application Thread] DEBUG AudioPlayer          - Playing music com.almasb.fxgl.audio.Music@6beedfce
18:17:48.279 [JavaFX Application Thread] DEBUG AudioPlayer          - Playing music com.almasb.fxgl.audio.Music@6beedfce
18:17:48.294 [JavaFX Application Thread] DEBUG AudioPlayer          - Playing music com.almasb.fxgl.audio.Music@6beedfce
18:17:48.311 [JavaFX Application Thread] DEBUG AudioPlayer          - Playing music com.almasb.fxgl.audio.Music@1f0cbedc
18:17:49.574 [JavaFX Application Thread] DEBUG AudioPlayer          - Playing music com.almasb.fxgl.audio.Music@6beedfce
18:17:49.717 [JavaFX Application Thread] DEBUG AudioPlayer          - Playing music com.almasb.fxgl.audio.Music@6beedfce
18:17:49.942 [JavaFX Application Thread] DEBUG AudioPlayer          - Playing music com.almasb.fxgl.audio.Music@6beedfce
18:17:50.134 [JavaFX Application Thread] DEBUG AudioPlayer          - Playing music com.almasb.fxgl.audio.Music@6beedfce
18:17:50.246 [JavaFX Application Thread] DEBUG AudioPlayer          - Playing music com.almasb.fxgl.audio.Music@6beedfce
18:17:50.374 [JavaFX Application Thread] DEBUG AudioPlayer          - Playing music com.almasb.fxgl.audio.Music@6beedfce
18:17:50.502 [JavaFX Application Thread] DEBUG AudioPlayer          - Playing music com.almasb.fxgl.audio.Music@6beedfce
18:17:50.597 [JavaFX Application Thread] DEBUG AudioPlayer          - Playing music com.almasb.fxgl.audio.Music@6beedfce
18:17:50.710 [JavaFX Application Thread] DEBUG AudioPlayer          - Playing music com.almasb.fxgl.audio.Music@6beedfce
18:17:50.838 [JavaFX Application Thread] DEBUG AudioPlayer          - Playing music com.almasb.fxgl.audio.Music@6beedfce
18:17:50.950 [JavaFX Application Thread] DEBUG AudioPlayer          - Playing music com.almasb.fxgl.audio.Music@6beedfce
18:17:51.063 [JavaFX Application Thread] DEBUG AudioPlayer          - Playing music com.almasb.fxgl.audio.Music@6beedfce
18:17:51.190 [JavaFX Application Thread] DEBUG AudioPlayer          - Playing music com.almasb.fxgl.audio.Music@6beedfce
18:17:51.302 [JavaFX Application Thread] DEBUG AudioPlayer          - Playing music com.almasb.fxgl.audio.Music@6beedfce
18:17:51.428 [JavaFX Application Thread] DEBUG AudioPlayer          - Playing music com.almasb.fxgl.audio.Music@6beedfce
18:17:51.557 [JavaFX Application Thread] DEBUG AudioPlayer          - Playing music com.almasb.fxgl.audio.Music@6beedfce
18:17:51.670 [JavaFX Application Thread] DEBUG AudioPlayer          - Playing music com.almasb.fxgl.audio.Music@6beedfce
18:17:51.782 [JavaFX Application Thread] DEBUG AudioPlayer          - Playing music com.almasb.fxgl.audio.Music@6beedfce
18:17:51.906 [JavaFX Application Thread] DEBUG AudioPlayer          - Playing music com.almasb.fxgl.audio.Music@6beedfce
18:17:52.021 [JavaFX Application Thread] DEBUG AudioPlayer          - Playing music com.almasb.fxgl.audio.Music@6beedfce
18:17:52.130 [JavaFX Application Thread] DEBUG AudioPlayer          - Playing music com.almasb.fxgl.audio.Music@6beedfce
18:17:52.245 [JavaFX Application Thread] DEBUG AudioPlayer          - Playing music com.almasb.fxgl.audio.Music@6beedfce
18:17:52.357 [JavaFX Application Thread] DEBUG AudioPlayer          - Playing music com.almasb.fxgl.audio.Music@6beedfce
18:17:52.469 [JavaFX Application Thread] DEBUG AudioPlayer          - Playing music com.almasb.fxgl.audio.Music@6beedfce
18:17:52.582 [JavaFX Application Thread] DEBUG AudioPlayer          - Playing music com.almasb.fxgl.audio.Music@6beedfce
18:17:52.694 [JavaFX Application Thread] DEBUG AudioPlayer          - Playing music com.almasb.fxgl.audio.Music@6beedfce
18:17:52.828 [JavaFX Application Thread] DEBUG AudioPlayer          - Playing music com.almasb.fxgl.audio.Music@6beedfce
18:17:52.950 [JavaFX Application Thread] DEBUG AudioPlayer          - Playing music com.almasb.fxgl.audio.Music@6beedfce
18:17:53.088 [JavaFX Application Thread] DEBUG AudioPlayer          - Playing music com.almasb.fxgl.audio.Music@6beedfce
18:17:53.223 [JavaFX Application Thread] DEBUG AudioPlayer          - Playing music com.almasb.fxgl.audio.Music@6beedfce
18:17:53.342 [JavaFX Application Thread] DEBUG AudioPlayer          - Playing music com.almasb.fxgl.audio.Music@6beedfce
18:17:53.461 [JavaFX Application Thread] DEBUG AudioPlayer          - Playing music com.almasb.fxgl.audio.Music@6beedfce
18:17:53.603 [JavaFX Application Thread] DEBUG AudioPlayer          - Playing music com.almasb.fxgl.audio.Music@6beedfce
18:17:53.719 [JavaFX Application Thread] DEBUG AudioPlayer          - Playing music com.almasb.fxgl.audio.Music@6beedfce
18:17:53.851 [JavaFX Application Thread] DEBUG AudioPlayer          - Playing music com.almasb.fxgl.audio.Music@6beedfce
18:17:53.974 [JavaFX Application Thread] DEBUG AudioPlayer          - Playing music com.almasb.fxgl.audio.Music@6beedfce
18:17:54.102 [JavaFX Application Thread] DEBUG AudioPlayer          - Playing music com.almasb.fxgl.audio.Music@6beedfce
18:17:54.221 [JavaFX Application Thread] DEBUG AudioPlayer          - Playing music com.almasb.fxgl.audio.Music@6beedfce
18:17:54.348 [JavaFX Application Thread] DEBUG AudioPlayer          - Playing music com.almasb.fxgl.audio.Music@6beedfce
18:17:54.475 [JavaFX Application Thread] DEBUG AudioPlayer          - Playing music com.almasb.fxgl.audio.Music@6beedfce
18:17:54.614 [JavaFX Application Thread] DEBUG AudioPlayer          - Playing music com.almasb.fxgl.audio.Music@6beedfce
18:17:54.726 [JavaFX Application Thread] DEBUG AudioPlayer          - Playing music com.almasb.fxgl.audio.Music@6beedfce
18:17:54.870 [JavaFX Application Thread] DEBUG AudioPlayer          - Playing music com.almasb.fxgl.audio.Music@6beedfce
18:17:54.982 [JavaFX Application Thread] DEBUG AudioPlayer          - Playing music com.almasb.fxgl.audio.Music@6beedfce
18:17:55.094 [JavaFX Application Thread] DEBUG AudioPlayer          - Playing music com.almasb.fxgl.audio.Music@1c4cea6a
18:17:55.110 [JavaFX Application Thread] DEBUG AudioPlayer          - Playing music com.almasb.fxgl.audio.Music@6beedfce
18:17:55.251 [JavaFX Application Thread] DEBUG AudioPlayer          - Playing music com.almasb.fxgl.audio.Music@6beedfce
18:17:55.378 [JavaFX Application Thread] DEBUG AudioPlayer          - Playing music com.almasb.fxgl.audio.Music@6beedfce
18:17:55.510 [JavaFX Application Thread] DEBUG AudioPlayer          - Playing music com.almasb.fxgl.audio.Music@6beedfce
18:17:55.639 [JavaFX Application Thread] DEBUG AudioPlayer          - Playing music com.almasb.fxgl.audio.Music@6beedfce
18:17:55.766 [JavaFX Application Thread] DEBUG AudioPlayer          - Playing music com.almasb.fxgl.audio.Music@6beedfce
18:17:56.101 [JavaFX Application Thread] DEBUG AudioPlayer          - Playing music com.almasb.fxgl.audio.Music@6beedfce
18:17:56.230 [JavaFX Application Thread] DEBUG AudioPlayer          - Playing music com.almasb.fxgl.audio.Music@6beedfce
18:17:56.391 [JavaFX Application Thread] DEBUG AudioPlayer          - Playing music com.almasb.fxgl.audio.Music@6beedfce
18:17:56.501 [JavaFX Application Thread] DEBUG AudioPlayer          - Playing music com.almasb.fxgl.audio.Music@6beedfce
18:17:56.629 [JavaFX Application Thread] DEBUG AudioPlayer          - Playing music com.almasb.fxgl.audio.Music@6beedfce
18:17:56.774 [JavaFX Application Thread] DEBUG AudioPlayer          - Playing music com.almasb.fxgl.audio.Music@6beedfce
18:17:56.902 [JavaFX Application Thread] DEBUG AudioPlayer          - Playing music com.almasb.fxgl.audio.Music@6beedfce
18:17:57.030 [JavaFX Application Thread] DEBUG AudioPlayer          - Playing music com.almasb.fxgl.audio.Music@6beedfce
18:17:57.158 [JavaFX Application Thread] DEBUG AudioPlayer          - Playing music com.almasb.fxgl.audio.Music@6beedfce
18:17:57.287 [JavaFX Application Thread] DEBUG AudioPlayer          - Playing music com.almasb.fxgl.audio.Music@1f0cbedc
18:17:58.198 [JavaFX Application Thread] DEBUG AudioPlayer          - Playing music com.almasb.fxgl.audio.Music@1c4cea6a
18:17:58.501 [JavaFX Application Thread] DEBUG AudioPlayer          - Playing music com.almasb.fxgl.audio.Music@6beedfce
18:17:58.582 [JavaFX Application Thread] DEBUG AudioPlayer          - Playing music com.almasb.fxgl.audio.Music@6beedfce
18:17:58.694 [JavaFX Application Thread] DEBUG AudioPlayer          - Playing music com.almasb.fxgl.audio.Music@6beedfce
18:17:58.806 [JavaFX Application Thread] DEBUG AudioPlayer          - Playing music com.almasb.fxgl.audio.Music@6beedfce
18:17:58.918 [JavaFX Application Thread] DEBUG AudioPlayer          - Playing music com.almasb.fxgl.audio.Music@6beedfce
18:17:59.045 [JavaFX Application Thread] DEBUG AudioPlayer          - Playing music com.almasb.fxgl.audio.Music@6beedfce
18:17:59.190 [JavaFX Application Thread] DEBUG AudioPlayer          - Playing music com.almasb.fxgl.audio.Music@6beedfce
18:17:59.303 [JavaFX Application Thread] DEBUG AudioPlayer          - Playing music com.almasb.fxgl.audio.Music@6beedfce
18:17:59.415 [JavaFX Application Thread] DEBUG AudioPlayer          - Playing music com.almasb.fxgl.audio.Music@6beedfce
18:17:59.543 [JavaFX Application Thread] DEBUG AudioPlayer          - Playing music com.almasb.fxgl.audio.Music@6beedfce
18:17:59.654 [JavaFX Application Thread] DEBUG AudioPlayer          - Playing music com.almasb.fxgl.audio.Music@6beedfce
18:17:59.766 [JavaFX Application Thread] DEBUG AudioPlayer          - Playing music com.almasb.fxgl.audio.Music@6beedfce
18:17:59.894 [JavaFX Application Thread] DEBUG AudioPlayer          - Playing music com.almasb.fxgl.audio.Music@6beedfce
18:18:00.022 [JavaFX Application Thread] DEBUG AudioPlayer          - Playing music com.almasb.fxgl.audio.Music@6beedfce
18:18:00.118 [JavaFX Application Thread] DEBUG AudioPlayer          - Playing music com.almasb.fxgl.audio.Music@6beedfce
18:18:00.245 [JavaFX Application Thread] DEBUG AudioPlayer          - Playing music com.almasb.fxgl.audio.Music@6beedfce
18:18:00.372 [JavaFX Application Thread] DEBUG AudioPlayer          - Playing music com.almasb.fxgl.audio.Music@6beedfce
18:18:00.502 [JavaFX Application Thread] DEBUG AudioPlayer          - Playing music com.almasb.fxgl.audio.Music@6beedfce
18:18:00.613 [JavaFX Application Thread] DEBUG AudioPlayer          - Playing music com.almasb.fxgl.audio.Music@6beedfce
18:18:00.741 [JavaFX Application Thread] DEBUG AudioPlayer          - Playing music com.almasb.fxgl.audio.Music@6beedfce
18:18:00.853 [JavaFX Application Thread] DEBUG AudioPlayer          - Playing music com.almasb.fxgl.audio.Music@6beedfce
18:18:00.966 [JavaFX Application Thread] DEBUG AudioPlayer          - Playing music com.almasb.fxgl.audio.Music@6beedfce
18:18:01.094 [JavaFX Application Thread] DEBUG AudioPlayer          - Playing music com.almasb.fxgl.audio.Music@6beedfce
18:18:01.205 [JavaFX Application Thread] DEBUG AudioPlayer          - Playing music com.almasb.fxgl.audio.Music@6beedfce
18:18:01.317 [JavaFX Application Thread] DEBUG AudioPlayer          - Playing music com.almasb.fxgl.audio.Music@6beedfce
18:18:01.427 [JavaFX Application Thread] DEBUG AudioPlayer          - Playing music com.almasb.fxgl.audio.Music@6beedfce
18:18:01.542 [JavaFX Application Thread] DEBUG AudioPlayer          - Playing music com.almasb.fxgl.audio.Music@6beedfce
18:18:01.654 [JavaFX Application Thread] DEBUG AudioPlayer          - Playing music com.almasb.fxgl.audio.Music@6beedfce
18:18:01.779 [JavaFX Application Thread] DEBUG AudioPlayer          - Playing music com.almasb.fxgl.audio.Music@6beedfce
18:18:01.909 [JavaFX Application Thread] DEBUG AudioPlayer          - Playing music com.almasb.fxgl.audio.Music@6beedfce
18:18:02.039 [JavaFX Application Thread] DEBUG AudioPlayer          - Playing music com.almasb.fxgl.audio.Music@6beedfce
18:18:02.166 [JavaFX Application Thread] DEBUG AudioPlayer          - Playing music com.almasb.fxgl.audio.Music@6beedfce
18:18:02.294 [JavaFX Application Thread] DEBUG AudioPlayer          - Playing music com.almasb.fxgl.audio.Music@6beedfce
18:18:02.358 [JavaFX Application Thread] DEBUG AudioPlayer          - Playing music com.almasb.fxgl.audio.Music@6beedfce
18:18:02.374 [JavaFX Application Thread] DEBUG AudioPlayer          - Playing music com.almasb.fxgl.audio.Music@6beedfce
18:18:02.486 [JavaFX Application Thread] DEBUG AudioPlayer          - Playing music com.almasb.fxgl.audio.Music@6beedfce
18:18:02.614 [JavaFX Application Thread] DEBUG AudioPlayer          - Playing music com.almasb.fxgl.audio.Music@6beedfce
18:18:02.726 [JavaFX Application Thread] DEBUG AudioPlayer          - Playing music com.almasb.fxgl.audio.Music@6beedfce
18:18:02.864 [JavaFX Application Thread] DEBUG AudioPlayer          - Playing music com.almasb.fxgl.audio.Music@6beedfce
18:18:02.991 [JavaFX Application Thread] DEBUG AudioPlayer          - Playing music com.almasb.fxgl.audio.Music@6beedfce
18:18:03.124 [JavaFX Application Thread] DEBUG AudioPlayer          - Playing music com.almasb.fxgl.audio.Music@6beedfce
18:18:03.245 [JavaFX Application Thread] DEBUG AudioPlayer          - Playing music com.almasb.fxgl.audio.Music@6beedfce
18:18:03.383 [JavaFX Application Thread] DEBUG AudioPlayer          - Playing music com.almasb.fxgl.audio.Music@6beedfce
18:18:03.509 [JavaFX Application Thread] DEBUG AudioPlayer          - Playing music com.almasb.fxgl.audio.Music@6beedfce
18:18:04.183 [JavaFX Application Thread] DEBUG AudioPlayer          - Playing music com.almasb.fxgl.audio.Music@1c4cea6a
18:18:06.391 [JavaFX Application Thread] DEBUG AudioPlayer          - Playing music com.almasb.fxgl.audio.Music@6beedfce
18:18:06.934 [JavaFX Application Thread] DEBUG AudioPlayer          - Playing music com.almasb.fxgl.audio.Music@6beedfce
18:18:07.222 [JavaFX Application Thread] DEBUG AudioPlayer          - Playing music com.almasb.fxgl.audio.Music@1c4cea6a
18:18:09.159 [JavaFX Application Thread] DEBUG AudioPlayer          - Playing music com.almasb.fxgl.audio.Music@6beedfce
18:18:09.702 [JavaFX Application Thread] DEBUG AudioPlayer          - Playing music com.almasb.fxgl.audio.Music@6beedfce
18:18:09.894 [JavaFX Application Thread] DEBUG AudioPlayer          - Playing music com.almasb.fxgl.audio.Music@6beedfce
18:18:10.262 [JavaFX Application Thread] DEBUG AudioPlayer          - Playing music com.almasb.fxgl.audio.Music@1c4cea6a
18:18:13.319 [JavaFX Application Thread] DEBUG AudioPlayer          - Playing music com.almasb.fxgl.audio.Music@1c4cea6a
18:18:16.326 [JavaFX Application Thread] DEBUG AudioPlayer          - Playing music com.almasb.fxgl.audio.Music@1c4cea6a
18:18:18.038 [JavaFX Application Thread] DEBUG AudioPlayer          - Playing music com.almasb.fxgl.audio.Music@6beedfce
18:18:18.581 [JavaFX Application Thread] DEBUG AudioPlayer          - Playing music com.almasb.fxgl.audio.Music@6beedfce
18:18:19.111 [JavaFX Application Thread] DEBUG AudioPlayer          - Playing music com.almasb.fxgl.audio.Music@6beedfce
18:18:19.478 [JavaFX Application Thread] DEBUG AudioPlayer          - Playing music com.almasb.fxgl.audio.Music@1c4cea6a
18:18:21.815 [JavaFX Application Thread] DEBUG AudioPlayer          - Playing music com.almasb.fxgl.audio.Music@6beedfce
18:18:22.342 [JavaFX Application Thread] DEBUG AudioPlayer          - Playing music com.almasb.fxgl.audio.Music@6beedfce
18:18:22.871 [JavaFX Application Thread] DEBUG AudioPlayer          - Playing music com.almasb.fxgl.audio.Music@6beedfce
18:18:23.030 [JavaFX Application Thread] DEBUG AudioPlayer          - Playing music com.almasb.fxgl.audio.Music@6beedfce
18:18:23.415 [JavaFX Application Thread] DEBUG AudioPlayer          - Playing music com.almasb.fxgl.audio.Music@6beedfce
18:18:23.927 [JavaFX Application Thread] DEBUG AudioPlayer          - Playing music com.almasb.fxgl.audio.Music@6beedfce
18:18:24.038 [JavaFX Application Thread] DEBUG AudioPlayer          - Playing music com.almasb.fxgl.audio.Music@6beedfce
18:18:24.294 [JavaFX Application Thread] DEBUG AudioPlayer          - Playing music com.almasb.fxgl.audio.Music@1f0cbedc
18:18:27.815 [JavaFX Application Thread] DEBUG AudioPlayer          - Playing music com.almasb.fxgl.audio.Music@6beedfce
18:18:27.927 [JavaFX Application Thread] DEBUG AudioPlayer          - Playing music com.almasb.fxgl.audio.Music@6beedfce
18:18:28.039 [JavaFX Application Thread] DEBUG AudioPlayer          - Playing music com.almasb.fxgl.audio.Music@6beedfce
18:18:28.149 [JavaFX Application Thread] DEBUG AudioPlayer          - Playing music com.almasb.fxgl.audio.Music@6beedfce
18:18:28.258 [JavaFX Application Thread] DEBUG AudioPlayer          - Playing music com.almasb.fxgl.audio.Music@6beedfce
18:18:28.372 [JavaFX Application Thread] DEBUG AudioPlayer          - Playing music com.almasb.fxgl.audio.Music@6beedfce
18:18:28.487 [JavaFX Application Thread] DEBUG AudioPlayer          - Playing music com.almasb.fxgl.audio.Music@6beedfce
18:18:28.609 [JavaFX Application Thread] DEBUG AudioPlayer          - Playing music com.almasb.fxgl.audio.Music@6beedfce
18:18:28.723 [JavaFX Application Thread] DEBUG AudioPlayer          - Playing music com.almasb.fxgl.audio.Music@6beedfce
18:18:28.851 [JavaFX Application Thread] DEBUG AudioPlayer          - Playing music com.almasb.fxgl.audio.Music@6beedfce
18:18:28.973 [JavaFX Application Thread] DEBUG AudioPlayer          - Playing music com.almasb.fxgl.audio.Music@6beedfce
18:18:29.126 [JavaFX Application Thread] DEBUG AudioPlayer          - Playing music com.almasb.fxgl.audio.Music@6beedfce
18:18:29.349 [JavaFX Application Thread] DEBUG AudioPlayer          - Playing music com.almasb.fxgl.audio.Music@6beedfce
18:18:29.477 [JavaFX Application Thread] DEBUG AudioPlayer          - Playing music com.almasb.fxgl.audio.Music@6beedfce
18:18:29.606 [JavaFX Application Thread] DEBUG AudioPlayer          - Playing music com.almasb.fxgl.audio.Music@6beedfce
18:18:29.803 [JavaFX Application Thread] DEBUG AudioPlayer          - Playing music com.almasb.fxgl.audio.Music@6beedfce
18:18:30.054 [JavaFX Application Thread] DEBUG AudioPlayer          - Playing music com.almasb.fxgl.audio.Music@6beedfce
18:18:30.294 [JavaFX Application Thread] DEBUG AudioPlayer          - Playing music com.almasb.fxgl.audio.Music@6beedfce
18:18:31.238 [JavaFX Application Thread] DEBUG AudioPlayer          - Playing music com.almasb.fxgl.audio.Music@1c4cea6a
18:18:31.976 [JavaFX Application Thread] DEBUG AudioPlayer          - Playing music com.almasb.fxgl.audio.Music@6beedfce
18:18:33.111 [JavaFX Application Thread] DEBUG AudioPlayer          - Playing music com.almasb.fxgl.audio.Music@6beedfce
18:18:33.894 [JavaFX Application Thread] DEBUG AudioPlayer          - Playing music com.almasb.fxgl.audio.Music@6beedfce
18:18:34.198 [JavaFX Application Thread] DEBUG AudioPlayer          - Playing music com.almasb.fxgl.audio.Music@6beedfce
18:18:34.310 [JavaFX Application Thread] DEBUG AudioPlayer          - Playing music com.almasb.fxgl.audio.Music@1c4cea6a
18:18:34.325 [JavaFX Application Thread] DEBUG AudioPlayer          - Playing music com.almasb.fxgl.audio.Music@6beedfce
18:18:36.727 [JavaFX Application Thread] DEBUG AudioPlayer          - Playing music com.almasb.fxgl.audio.Music@6beedfce
18:18:36.854 [JavaFX Application Thread] DEBUG AudioPlayer          - Playing music com.almasb.fxgl.audio.Music@6beedfce
18:18:36.999 [JavaFX Application Thread] DEBUG AudioPlayer          - Playing music com.almasb.fxgl.audio.Music@6beedfce
18:18:37.111 [JavaFX Application Thread] DEBUG AudioPlayer          - Playing music com.almasb.fxgl.audio.Music@6beedfce
18:18:37.239 [JavaFX Application Thread] DEBUG AudioPlayer          - Playing music com.almasb.fxgl.audio.Music@6beedfce
18:18:37.381 [JavaFX Application Thread] DEBUG AudioPlayer          - Playing music com.almasb.fxgl.audio.Music@6beedfce
18:18:37.447 [JavaFX Application Thread] DEBUG AudioPlayer          - Playing music com.almasb.fxgl.audio.Music@1c4cea6a
18:18:39.750 [JavaFX Application Thread] DEBUG AudioPlayer          - Playing music com.almasb.fxgl.audio.Music@6beedfce
18:18:40.006 [JavaFX Application Thread] DEBUG AudioPlayer          - Playing music com.almasb.fxgl.audio.Music@6beedfce
18:18:40.134 [JavaFX Application Thread] DEBUG AudioPlayer          - Playing music com.almasb.fxgl.audio.Music@6beedfce
18:18:40.279 [JavaFX Application Thread] DEBUG AudioPlayer          - Playing music com.almasb.fxgl.audio.Music@6beedfce
18:18:40.393 [JavaFX Application Thread] DEBUG AudioPlayer          - Playing music com.almasb.fxgl.audio.Music@6beedfce
18:18:40.551 [JavaFX Application Thread] DEBUG AudioPlayer          - Playing music com.almasb.fxgl.audio.Music@6beedfce
18:18:40.582 [JavaFX Application Thread] DEBUG AudioPlayer          - Playing music com.almasb.fxgl.audio.Music@1c4cea6a
18:18:42.246 [JavaFX Application Thread] DEBUG AudioPlayer          - Playing music com.almasb.fxgl.audio.Music@6beedfce
18:18:42.358 [JavaFX Application Thread] DEBUG AudioPlayer          - Playing music com.almasb.fxgl.audio.Music@6beedfce
18:18:42.487 [JavaFX Application Thread] DEBUG AudioPlayer          - Playing music com.almasb.fxgl.audio.Music@6beedfce
18:18:42.614 [JavaFX Application Thread] DEBUG AudioPlayer          - Playing music com.almasb.fxgl.audio.Music@6beedfce
18:18:42.759 [JavaFX Application Thread] DEBUG AudioPlayer          - Playing music com.almasb.fxgl.audio.Music@6beedfce
18:18:42.903 [JavaFX Application Thread] DEBUG AudioPlayer          - Playing music com.almasb.fxgl.audio.Music@6beedfce
18:18:43.031 [JavaFX Application Thread] DEBUG AudioPlayer          - Playing music com.almasb.fxgl.audio.Music@6beedfce
18:18:43.174 [JavaFX Application Thread] DEBUG AudioPlayer          - Playing music com.almasb.fxgl.audio.Music@6beedfce
18:18:43.302 [JavaFX Application Thread] DEBUG AudioPlayer          - Playing music com.almasb.fxgl.audio.Music@6beedfce
18:18:43.414 [JavaFX Application Thread] DEBUG AudioPlayer          - Playing music com.almasb.fxgl.audio.Music@6beedfce
18:18:43.559 [JavaFX Application Thread] DEBUG AudioPlayer          - Playing music com.almasb.fxgl.audio.Music@6beedfce
18:18:43.639 [JavaFX Application Thread] DEBUG AudioPlayer          - Playing music com.almasb.fxgl.audio.Music@1c4cea6a
18:18:45.127 [JavaFX Application Thread] DEBUG AudioPlayer          - Playing music com.almasb.fxgl.audio.Music@6beedfce
18:18:45.254 [JavaFX Application Thread] DEBUG AudioPlayer          - Playing music com.almasb.fxgl.audio.Music@6beedfce
18:18:45.383 [JavaFX Application Thread] DEBUG AudioPlayer          - Playing music com.almasb.fxgl.audio.Music@6beedfce
18:18:45.526 [JavaFX Application Thread] DEBUG AudioPlayer          - Playing music com.almasb.fxgl.audio.Music@6beedfce
18:18:45.655 [JavaFX Application Thread] DEBUG AudioPlayer          - Playing music com.almasb.fxgl.audio.Music@6beedfce
18:18:45.799 [JavaFX Application Thread] DEBUG AudioPlayer          - Playing music com.almasb.fxgl.audio.Music@6beedfce
18:18:45.910 [JavaFX Application Thread] DEBUG AudioPlayer          - Playing music com.almasb.fxgl.audio.Music@6beedfce
18:18:46.037 [JavaFX Application Thread] DEBUG AudioPlayer          - Playing music com.almasb.fxgl.audio.Music@6beedfce
18:18:46.166 [JavaFX Application Thread] DEBUG AudioPlayer          - Playing music com.almasb.fxgl.audio.Music@6beedfce
18:18:46.310 [JavaFX Application Thread] DEBUG AudioPlayer          - Playing music com.almasb.fxgl.audio.Music@6beedfce
18:18:46.455 [JavaFX Application Thread] DEBUG AudioPlayer          - Playing music com.almasb.fxgl.audio.Music@6beedfce
18:18:46.582 [JavaFX Application Thread] DEBUG AudioPlayer          - Playing music com.almasb.fxgl.audio.Music@6beedfce
18:18:46.710 [JavaFX Application Thread] DEBUG AudioPlayer          - Playing music com.almasb.fxgl.audio.Music@6beedfce
18:18:46.742 [JavaFX Application Thread] DEBUG AudioPlayer          - Playing music com.almasb.fxgl.audio.Music@1c4cea6a
18:18:48.295 [JavaFX Application Thread] DEBUG AudioPlayer          - Playing music com.almasb.fxgl.audio.Music@1f0cbedc
18:18:48.296 [JavaFX Application Thread] DEBUG AudioPlayer          - Stopping music com.almasb.fxgl.audio.Music@59a678ca
18:18:48.332 [JavaFX Application Thread] DEBUG AudioPlayer          - Stopping music com.almasb.fxgl.audio.Music@46fe20e6
18:18:48.332 [JavaFX Application Thread] DEBUG AudioPlayer          - Stopping music com.almasb.fxgl.audio.Music@5319e8e4
18:18:48.332 [JavaFX Application Thread] DEBUG AudioPlayer          - Stopping music com.almasb.fxgl.audio.Music@1f0cbedc
18:18:48.332 [JavaFX Application Thread] DEBUG AudioPlayer          - Stopping music com.almasb.fxgl.audio.Music@6beedfce
18:18:48.332 [JavaFX Application Thread] DEBUG AudioPlayer          - Stopping music com.almasb.fxgl.audio.Music@1c4cea6a
18:18:48.332 [JavaFX Application Thread] DEBUG AudioPlayer          - Stopping music com.almasb.fxgl.audio.Music@46fe20e6
18:18:48.334 [JavaFX Application Thread] DEBUG FXGLAssetLoaderServi - Loading from file system: file:/C:/Users/ECE/IdeaProjects/LBYCPOBBulletCredits/target/classes/assets/music/victory.mp3
18:18:48.337 [JavaFX Application Thread] DEBUG AudioPlayer          - Playing music com.almasb.fxgl.audio.Music@21c4b88f
18:18:48.339 [JavaFX Application Thread] DEBUG AudioPlayer          - Playing music com.almasb.fxgl.audio.Music@21c4b88f
18:19:40.049 [JavaFX Application Thread] DEBUG FXGLApplication      - Exiting FXGL
18:19:40.049 [JavaFX Application Thread] DEBUG LoopRunner           - Stopping loop
18:19:40.049 [JavaFX Application Thread] DEBUG SystemBundleService  - Saving FXGL system data
18:19:40.051 [JavaFX Application Thread] DEBUG FileSystemAccess     - Writing to: C:\Users\ECE\IdeaProjects\LBYCPOBBulletCredits\system\fxgl.bundle
18:19:40.051 [JavaFX Application Thread] DEBUG Async                - Shutting down background threads
18:19:40.052 [JavaFX Application Thread] DEBUG PrimaryStageWindow   - Closing main window
18:19:40.069 [JavaFX Application Thread] DEBUG Logger               - Closing Logger
