17:46:07.006 [main                     ] DEBUG Logger               - Configured Logger
17:46:07.010 [main                     ] DEBUG GameApplication      - Logging settings
Title: OOP Bullet Credits
Version: 1.0
Width: 1280
Height: 720
Fullscreen: true
Intro: false
Profiling: false
Single step:false
App Mode: DEVELOPER
Menu Key: ESCAPE
Stage Style: DECORATED
Scene Factory: class com.almasb.fxgl.app.scene.SceneFactory

17:46:07.342 [JavaFX Application Thread] DEBUG FXGLApplication      - Initializing FXGL
17:46:07.346 [JavaFX Application Thread] INFO  Engine               - FXGL-25 (05.02.2026 22.57) on WINDOWS (J:25.0.3 FX:25.0.1)
17:46:07.346 [JavaFX Application Thread] DEBUG Engine               - JRE Vendor Name: Oracle Corporation
17:46:07.347 [JavaFX Application Thread] DEBUG Engine               - Running on OS: Windows 10 version 10.0
17:46:07.347 [JavaFX Application Thread] DEBUG Engine               - Architecture: amd64
17:46:07.347 [JavaFX Application Thread] INFO  Engine               - Source code and latest versions at: https://github.com/AlmasB/FXGL
17:46:07.347 [JavaFX Application Thread] INFO  Engine               -       Ask questions and discuss at: https://github.com/AlmasB/FXGL/discussions
17:46:07.450 [JavaFX Application Thread] DEBUG PrimaryStageWindow   - Creating a JavaFX scene
17:46:07.525 [JavaFX Application Thread] DEBUG PrimaryStageWindow   - Target settings size: 1280.0 x 720.0
17:46:07.525 [JavaFX Application Thread] DEBUG PrimaryStageWindow   - Scaled scene size:    1280.0 x 720.0
17:46:07.525 [JavaFX Application Thread] DEBUG PrimaryStageWindow   - Scaled ratio: (1.0, 1.0)
17:46:07.526 [JavaFX Application Thread] DEBUG PrimaryStageWindow   - Set initial scene to FXGLStartupScene
17:46:07.532 [JavaFX Application Thread] DEBUG PrimaryStageWindow   - Opening main window
17:46:07.936 [JavaFX Application Thread] DEBUG PrimaryStageWindow   - Window border size: (14.6666259765625, 38.0)
17:46:07.937 [JavaFX Application Thread] DEBUG PrimaryStageWindow   - Scaled size: 1280.0 x 720.0
17:46:07.937 [JavaFX Application Thread] DEBUG PrimaryStageWindow   - Scaled ratio: (1.0, 1.0)
17:46:07.937 [JavaFX Application Thread] DEBUG PrimaryStageWindow   - Scene size: 1280.0 x 720.0
17:46:07.937 [JavaFX Application Thread] DEBUG PrimaryStageWindow   - Stage size: 1294.6666259765625 x 758.0
17:46:08.037 [JavaFX Application Thread] DEBUG PrimaryStageWindow   - Going fullscreen
17:46:08.047 [FXGL Background Thread 1 ] DEBUG Engine               - Initializing environment variables
17:46:08.109 [FXGL Background Thread 1 ] DEBUG FXGLAssetLoaderServi - User app class for loading assets: class ph.edu.dlsu.lbycpob.lbycpobbulletcredits.Main
17:46:08.109 [FXGL Background Thread 1 ] DEBUG GameApplicationServi - Applying CSS: fxgl_dark.css
17:46:08.110 [FXGL Background Thread 1 ] DEBUG FXGLAssetLoaderServi - Loading from file system: jar:file:/C:/Users/ECE/.m2/repository/com/github/almasb/fxgl/25/fxgl-25.jar!/fxglassets/ui/css/fxgl_dark.css
17:46:08.146 [FXGL Background Thread 1 ] DEBUG GameApplicationServi - Initializing application scenes
17:46:08.188 [FXGL Background Thread 1 ] DEBUG GameWorld            - Game world initialized
17:46:08.231 [FXGL Background Thread 1 ] DEBUG PhysicsWorld         - Physics world initialized: appHeight=720, physics.ppm=50.0
17:46:08.231 [FXGL Background Thread 1 ] DEBUG PhysicsWorld         - Using strategy: BRUTE_FORCE
17:46:08.235 [FXGL Background Thread 1 ] DEBUG GameScene            - Game scene initialized: 1280x720
17:46:08.245 [FXGL Background Thread 1 ] DEBUG FXGL.DefaultMenu     - createMenuBodyGameMenu()
17:46:08.260 [FXGL Background Thread 1 ] DEBUG FXGL.DefaultMenu     - createOptionsMenu()
17:46:08.268 [FXGL Background Thread 1 ] DEBUG FXGLAssetLoaderServi - Loading from file system: jar:file:/C:/Users/ECE/.m2/repository/com/github/almasb/fxgl/25/fxgl-25.jar!/fxglassets/textures/particles/smoke.png
17:46:08.328 [FXGL Background Thread 1 ] DEBUG FXGLAssetLoaderServi - Loading from file system: jar:file:/C:/Users/ECE/.m2/repository/com/github/almasb/fxgl/25/fxgl-25.jar!/fxglassets/textures/particles/trace_horizontal.png
17:46:08.350 [FXGL Background Thread 1 ] DEBUG GameApplicationServi - Application scenes initialized
17:46:08.359 [FXGL Background Thread 1 ] DEBUG SystemBundleService  - Loading FXGL system data
17:46:08.360 [FXGL Background Thread 1 ] DEBUG FileSystemAccess     - Reading from: C:\Users\ECE\IdeaProjects\LBYCPOBBulletCredits\system\fxgl.bundle
17:46:08.362 [FXGL Background Thread 1 ] DEBUG SystemBundleService  - Bundle FXGL: {}
17:46:08.362 [FXGL Background Thread 1 ] DEBUG UpdaterService       - Checking for updates
17:46:08.365 [FXGL Background Thread 4 ] DEBUG FXGLApplication      - Loading fonts
17:46:08.365 [FXGL Background Thread 4 ] DEBUG FXGLAssetLoaderServi - Loading from file system: jar:file:/C:/Users/ECE/.m2/repository/com/github/almasb/fxgl/25/fxgl-25.jar!/fxglassets/ui/fonts/VarelaRound-Regular.ttf
17:46:08.366 [FXGL Background Thread 1 ] DEBUG FXGLApplication      - Loading default localization
17:46:08.366 [FXGL Background Thread 1 ] DEBUG FXGLAssetLoaderServi - Loading from file system: jar:file:/C:/Users/ECE/.m2/repository/com/github/almasb/fxgl/25/fxgl-25.jar!/fxglassets/languages/english.lang
17:46:08.371 [FXGL Background Thread 4 ] DEBUG FXGLAssetLoaderServi - Loading from file system: jar:file:/C:/Users/ECE/.m2/repository/com/github/almasb/fxgl/25/fxgl-25.jar!/fxglassets/ui/fonts/Abel-Regular.ttf
17:46:08.377 [FXGL Background Thread 4 ] DEBUG FXGLAssetLoaderServi - Loading from file system: jar:file:/C:/Users/ECE/.m2/repository/com/github/almasb/fxgl/25/fxgl-25.jar!/fxglassets/ui/fonts/TerminalLandMono-Regular.otf
17:46:08.385 [FXGL Background Thread 1 ] INFO  FXGLApplication      - FXGL initialization took: 0.338 sec
17:46:08.388 [FXGL Background Thread 4 ] DEBUG FXGLAssetLoaderServi - Loading from file system: jar:file:/C:/Users/ECE/.m2/repository/com/github/almasb/fxgl/25/fxgl-25.jar!/fxglassets/ui/fonts/Courier-Prime.ttf
17:46:08.397 [JavaFX Application Thread] DEBUG Input                - Registered new binding: Direction W - W
17:46:08.397 [JavaFX Application Thread] DEBUG Input                - Registered new binding: Direction UP - Up
17:46:08.397 [JavaFX Application Thread] DEBUG Input                - Registered new binding: Direction S - S
17:46:08.398 [JavaFX Application Thread] DEBUG Input                - Registered new binding: Direction DOWN - Down
17:46:08.398 [JavaFX Application Thread] DEBUG Input                - Registered new binding: Direction A - A
17:46:08.398 [JavaFX Application Thread] DEBUG Input                - Registered new binding: Direction LEFT - Left
17:46:08.398 [JavaFX Application Thread] DEBUG Input                - Registered new binding: Direction D - D
17:46:08.398 [JavaFX Application Thread] DEBUG Input                - Registered new binding: Direction RIGHT - Right
17:46:08.398 [JavaFX Application Thread] DEBUG Input                - Registered new binding: Start Game - Enter
17:46:08.398 [JavaFX Application Thread] DEBUG Input                - Registered new binding: Pause - P
17:46:08.398 [JavaFX Application Thread] DEBUG Input                - Registered new binding: Retry - R
17:46:08.398 [JavaFX Application Thread] DEBUG Input                - Registered new binding: Exit Game - Esc
17:46:08.399 [JavaFX Application Thread] DEBUG FXGLAssetLoaderServi - Loading from file system: jar:file:/C:/Users/ECE/.m2/repository/com/github/almasb/fxgl/25/fxgl-25.jar!/fxglassets/textures/fxgl_icon.png
17:46:08.411 [JavaFX Application Thread] DEBUG FXGLAssetLoaderServi - Loading from file system: jar:file:/C:/Users/ECE/.m2/repository/com/github/almasb/fxgl/25/fxgl-25.jar!/fxglassets/textures/fxgl_default_cursor.png
17:46:08.413 [JavaFX Application Thread] DEBUG Input                - Registered new binding: Screenshot - CTRL+8
17:46:08.413 [JavaFX Application Thread] DEBUG Input                - Registered new binding: System info dump - CTRL+9
17:46:08.413 [JavaFX Application Thread] DEBUG Input                - Registered new binding: Restart - CTRL+R
17:46:08.414 [JavaFX Application Thread] DEBUG Input                - Registered new binding: Toggle Debug Camera - CTRL+7
17:46:08.416 [JavaFX Application Thread] DEBUG LoopRunner           - Starting loop
17:46:08.416 [JavaFX Application Thread] DEBUG LoopRunner           - Initializing JavaFX AnimationTimerLoop
17:46:08.417 [JavaFX Application Thread] DEBUG GameApplicationServi - Starting new game
17:46:08.417 [JavaFX Application Thread] DEBUG Input                - Clearing active input actions
17:46:08.425 [JavaFX Application Thread] DEBUG GameApplicationServi - Removing overlay from FXGLStartupScene and adding to FXGLLoadingScene
17:46:08.425 [JavaFX Application Thread] DEBUG PrimaryStageWindow   - FXGLStartupScene -> FXGLLoadingScene
17:46:08.425 [JavaFX Application Thread] DEBUG GameApplicationServi - Clearing previous game
17:46:08.425 [JavaFX Application Thread] DEBUG GameScene            - Clearing game scene
17:46:08.425 [JavaFX Application Thread] DEBUG GameWorld            - Clearing game world
17:46:08.425 [JavaFX Application Thread] DEBUG PhysicsWorld         - Clearing physics world
17:46:08.427 [FXGL Background Thread 4 ] DEBUG FXGLApplication      - Initializing game
17:46:08.427 [JavaFX Application Thread] DEBUG FXGLApplication      - Registering font factories with UI factory
17:46:08.464 [FXGL Background Thread 4 ] INFO  FXGLApplication      - Game initialization took: 0.037 sec
17:46:08.465 [JavaFX Application Thread] DEBUG Input                - Clearing active input actions
17:46:08.470 [JavaFX Application Thread] DEBUG GameApplicationServi - Removing overlay from FXGLLoadingScene and adding to GameScene
17:46:08.471 [JavaFX Application Thread] DEBUG PrimaryStageWindow   - FXGLLoadingScene -> GameScene
17:46:10.828 [JavaFX Application Thread] DEBUG FXGLAssetLoaderServi - Loading from file system: file:/C:/Users/ECE/IdeaProjects/LBYCPOBBulletCredits/target/classes/assets/music/battle-theme.mp3
17:46:10.921 [JavaFX Application Thread] DEBUG AudioPlayer          - Playing music com.almasb.fxgl.audio.Music@59a678ca
17:46:10.923 [JavaFX Application Thread] DEBUG FXGLAssetLoaderServi - Loading from file system: file:/C:/Users/ECE/IdeaProjects/LBYCPOBBulletCredits/target/classes/assets/music/shoot_loop.mp3
17:46:11.106 [JavaFX Application Thread] DEBUG AudioPlayer          - Playing music com.almasb.fxgl.audio.Music@46fe20e6
17:46:11.366 [FXGL Background Thread 3 ] DEBUG Engine               - Logging environment variables
17:46:11.366 [FXGL Background Thread 3 ] DEBUG Engine               - achievements: []
17:46:11.366 [FXGL Background Thread 3 ] DEBUG Engine               - actualHeight: 960.0
17:46:11.366 [FXGL Background Thread 3 ] DEBUG Engine               - actualHeightProperty: ReadOnlyDoubleProperty [value: 960.0]
17:46:11.366 [FXGL Background Thread 3 ] DEBUG Engine               - actualWidth: 1706.6666259765625
17:46:11.366 [FXGL Background Thread 3 ] DEBUG Engine               - actualWidthProperty: ReadOnlyDoubleProperty [value: 1706.6666259765625]
17:46:11.366 [FXGL Background Thread 3 ] DEBUG Engine               - appIcon: fxgl_icon.png
17:46:11.366 [FXGL Background Thread 3 ] DEBUG Engine               - applicationMode: DEVELOPER
17:46:11.366 [FXGL Background Thread 3 ] DEBUG Engine               - cSSList: [fxgl_dark.css]
17:46:11.366 [FXGL Background Thread 3 ] DEBUG Engine               - collisionDetectionStrategy: BRUTE_FORCE
17:46:11.366 [FXGL Background Thread 3 ] DEBUG Engine               - configClass: Optional.empty
17:46:11.366 [FXGL Background Thread 3 ] DEBUG Engine               - credits: []
17:46:11.366 [FXGL Background Thread 3 ] DEBUG Engine               - defaultCursor: CursorInfo(imageName=fxgl_default_cursor.png, hotspotX=7.0, hotspotY=6.0)
17:46:11.366 [FXGL Background Thread 3 ] DEBUG Engine               - devBBoxColorProperty: ObjectProperty [value: 0xff0000ff]
17:46:11.366 [FXGL Background Thread 3 ] DEBUG Engine               - devEnableDebugCameraProperty: BooleanProperty [value: false]
17:46:11.366 [FXGL Background Thread 3 ] DEBUG Engine               - devSensorColorProperty: ObjectProperty [value: 0xffff00ff]
17:46:11.366 [FXGL Background Thread 3 ] DEBUG Engine               - devShowBBoxProperty: BooleanProperty [value: false]
17:46:11.366 [FXGL Background Thread 3 ] DEBUG Engine               - devShowPositionProperty: BooleanProperty [value: false]
17:46:11.366 [FXGL Background Thread 3 ] DEBUG Engine               - enabledMenuItems: []
17:46:11.366 [FXGL Background Thread 3 ] DEBUG Engine               - engineServices: [class com.almasb.fxgl.app.services.FXGLAssetLoaderService, class com.almasb.fxgl.app.FXGLApplication$GameApplicationService, class com.almasb.fxgl.app.services.FXGLDialogService, class com.almasb.fxgl.app.services.IOTaskExecutorService, class com.almasb.fxgl.io.FileSystemService, class com.almasb.fxgl.localization.LocalizationService, class com.almasb.fxgl.app.services.SystemBundleService, class com.almasb.fxgl.profile.SaveLoadService, class com.almasb.fxgl.ui.FXGLUIFactoryServiceProvider, class com.almasb.fxgl.ui.FXGLDialogFactoryServiceProvider, class com.almasb.fxgl.audio.AudioPlayer, class com.almasb.fxgl.notification.impl.NotificationServiceProvider, class com.almasb.fxgl.achievement.AchievementService, class com.almasb.fxgl.cutscene.CutsceneService, class com.almasb.fxgl.minigames.MiniGameService, class com.almasb.fxgl.net.NetService, class com.almasb.fxgl.app.services.UpdaterService, class com.almasb.fxgl.dev.DevService]
17:46:11.366 [FXGL Background Thread 3 ] DEBUG Engine               - fontGame: Abel-Regular.ttf
17:46:11.366 [FXGL Background Thread 3 ] DEBUG Engine               - fontMono: TerminalLandMono-Regular.otf
17:46:11.366 [FXGL Background Thread 3 ] DEBUG Engine               - fontSizeScaleUI: 1.0
17:46:11.366 [FXGL Background Thread 3 ] DEBUG Engine               - fontText: Courier-Prime.ttf
17:46:11.366 [FXGL Background Thread 3 ] DEBUG Engine               - fontUI: VarelaRound-Regular.ttf
17:46:11.368 [FXGL Background Thread 3 ] DEBUG Engine               - fpsRefreshRate: 500.0 ms
17:46:11.368 [FXGL Background Thread 3 ] DEBUG Engine               - fullScreen: BooleanProperty [value: true]
17:46:11.368 [FXGL Background Thread 3 ] DEBUG Engine               - gameDifficulty: MEDIUM
17:46:11.368 [FXGL Background Thread 3 ] DEBUG Engine               - gameDifficultyProperty: ObjectProperty [value: MEDIUM]
17:46:11.368 [FXGL Background Thread 3 ] DEBUG Engine               - globalMusicVolume: 0.5
17:46:11.368 [FXGL Background Thread 3 ] DEBUG Engine               - globalMusicVolumeProperty: DoubleProperty [value: 0.5]
17:46:11.368 [FXGL Background Thread 3 ] DEBUG Engine               - globalSoundVolume: 0.5
17:46:11.368 [FXGL Background Thread 3 ] DEBUG Engine               - globalSoundVolumeProperty: DoubleProperty [value: 0.5]
17:46:11.368 [FXGL Background Thread 3 ] DEBUG Engine               - height: 720
17:46:11.368 [FXGL Background Thread 3 ] DEBUG Engine               - is3D: false
17:46:11.368 [FXGL Background Thread 3 ] DEBUG Engine               - isAndroid: false
17:46:11.368 [FXGL Background Thread 3 ] DEBUG Engine               - isBrowser: false
17:46:11.368 [FXGL Background Thread 3 ] DEBUG Engine               - isClickFeedbackEnabled: false
17:46:11.368 [FXGL Background Thread 3 ] DEBUG Engine               - isCloseConfirmation: false
17:46:11.368 [FXGL Background Thread 3 ] DEBUG Engine               - isDesktop: true
17:46:11.368 [FXGL Background Thread 3 ] DEBUG Engine               - isDeveloperMenuEnabled: false
17:46:11.368 [FXGL Background Thread 3 ] DEBUG Engine               - isEmbedded: false
17:46:11.368 [FXGL Background Thread 3 ] DEBUG Engine               - isEntityPreloadEnabled: true
17:46:11.368 [FXGL Background Thread 3 ] DEBUG Engine               - isExperimentalTiledLargeMap: false
17:46:11.368 [FXGL Background Thread 3 ] DEBUG Engine               - isFileSystemWriteAllowed: true
17:46:11.368 [FXGL Background Thread 3 ] DEBUG Engine               - isFullScreenAllowed: true
17:46:11.368 [FXGL Background Thread 3 ] DEBUG Engine               - isFullScreenFromStart: true
17:46:11.368 [FXGL Background Thread 3 ] DEBUG Engine               - isGameMenuEnabled: true
17:46:11.368 [FXGL Background Thread 3 ] DEBUG Engine               - isIOS: false
17:46:11.368 [FXGL Background Thread 3 ] DEBUG Engine               - isIntroEnabled: false
17:46:11.368 [FXGL Background Thread 3 ] DEBUG Engine               - isLinux: false
17:46:11.369 [FXGL Background Thread 3 ] DEBUG Engine               - isMac: false
17:46:11.369 [FXGL Background Thread 3 ] DEBUG Engine               - isMainMenuEnabled: false
17:46:11.369 [FXGL Background Thread 3 ] DEBUG Engine               - isManualResizeEnabled: false
17:46:11.369 [FXGL Background Thread 3 ] DEBUG Engine               - isMobile: false
17:46:11.369 [FXGL Background Thread 3 ] DEBUG Engine               - isNative: false
17:46:11.369 [FXGL Background Thread 3 ] DEBUG Engine               - isPauseMusicWhenMinimized: true
17:46:11.369 [FXGL Background Thread 3 ] DEBUG Engine               - isPreserveResizeRatio: false
17:46:11.369 [FXGL Background Thread 3 ] DEBUG Engine               - isProfilingEnabled: false
17:46:11.369 [FXGL Background Thread 3 ] DEBUG Engine               - isScaleAffectedOnResize: true
17:46:11.369 [FXGL Background Thread 3 ] DEBUG Engine               - isSingleStep: false
17:46:11.369 [FXGL Background Thread 3 ] DEBUG Engine               - isUserProfileEnabled: false
17:46:11.369 [FXGL Background Thread 3 ] DEBUG Engine               - isWindows: true
17:46:11.369 [FXGL Background Thread 3 ] DEBUG Engine               - language: ObjectProperty [value: ENGLISH]
17:46:11.369 [FXGL Background Thread 3 ] DEBUG Engine               - menuKey: ESCAPE
17:46:11.369 [FXGL Background Thread 3 ] DEBUG Engine               - mouseSensitivity: 0.2
17:46:11.369 [FXGL Background Thread 3 ] DEBUG Engine               - notificationViewClass: class com.almasb.fxgl.notification.view.XboxNotificationView
17:46:11.369 [FXGL Background Thread 3 ] DEBUG Engine               - pixelsPerMeter: 50.0
17:46:11.369 [FXGL Background Thread 3 ] DEBUG Engine               - platform: WINDOWS
17:46:11.369 [FXGL Background Thread 3 ] DEBUG Engine               - prefHeightProperty: ReadOnlyDoubleProperty [value: 720.0]
17:46:11.369 [FXGL Background Thread 3 ] DEBUG Engine               - prefWidthProperty: ReadOnlyDoubleProperty [value: 1280.0]
17:46:11.369 [FXGL Background Thread 3 ] DEBUG Engine               - profileDir: profiles/
17:46:11.369 [FXGL Background Thread 3 ] DEBUG Engine               - profileName: StringProperty [value: DEFAULT]
17:46:11.369 [FXGL Background Thread 3 ] DEBUG Engine               - randomSeed: -1
17:46:11.369 [FXGL Background Thread 3 ] DEBUG Engine               - runtimeInfo: RuntimeInfo(platform=WINDOWS, version=25, build=05.02.2026 22.57)
17:46:11.369 [FXGL Background Thread 3 ] DEBUG Engine               - saveFileExt: sav
17:46:11.369 [FXGL Background Thread 3 ] DEBUG Engine               - scaledHeightProp$fxgl: DoubleProperty [bound, value: 960.0]
17:46:11.369 [FXGL Background Thread 3 ] DEBUG Engine               - scaledWidthProp$fxgl: DoubleProperty [bound, value: 1706.6666259765625]
17:46:11.369 [FXGL Background Thread 3 ] DEBUG Engine               - sceneFactory: com.almasb.fxgl.app.scene.SceneFactory@65aecfb6
17:46:11.369 [FXGL Background Thread 3 ] DEBUG Engine               - secondsIn24h: 60
17:46:11.369 [FXGL Background Thread 3 ] DEBUG Engine               - soundMenuBack: menu/back.wav
17:46:11.369 [FXGL Background Thread 3 ] DEBUG Engine               - soundMenuPress: menu/press.wav
17:46:11.370 [FXGL Background Thread 3 ] DEBUG Engine               - soundMenuSelect: menu/select.wav
17:46:11.370 [FXGL Background Thread 3 ] DEBUG Engine               - soundNotification: core/notification.wav
17:46:11.370 [FXGL Background Thread 3 ] DEBUG Engine               - stageStyle: DECORATED
17:46:11.370 [FXGL Background Thread 3 ] DEBUG Engine               - supportedLanguages: [ENGLISH, FRENCH, GERMAN, HUNGARIAN, RUSSIAN]
17:46:11.370 [FXGL Background Thread 3 ] DEBUG Engine               - ticksPerSecond: -1
17:46:11.370 [FXGL Background Thread 3 ] DEBUG Engine               - title: OOP Bullet Credits
17:46:11.370 [FXGL Background Thread 3 ] DEBUG Engine               - urlGithub: https://github.com/AlmasB/FXGL
17:46:11.370 [FXGL Background Thread 3 ] DEBUG Engine               - urlLeaderboard: http://fxgl-top.herokuapp.com/
17:46:11.370 [FXGL Background Thread 3 ] DEBUG Engine               - urlPOM: https://raw.githubusercontent.com/AlmasB/FXGL/release/README.md
17:46:11.370 [FXGL Background Thread 3 ] DEBUG Engine               - userAppClass: class ph.edu.dlsu.lbycpob.lbycpobbulletcredits.Main
17:46:11.370 [FXGL Background Thread 3 ] DEBUG Engine               - version: 1.0
17:46:11.370 [FXGL Background Thread 3 ] DEBUG Engine               - versionCheckDays: 7
17:46:11.370 [FXGL Background Thread 3 ] DEBUG Engine               - width: 1280
17:46:11.370 [FXGL Background Thread 3 ] DEBUG Engine               - Logging services
17:46:11.370 [FXGL Background Thread 3 ] DEBUG Engine               - class com.almasb.fxgl.app.services.FXGLAssetLoaderService
17:46:11.370 [FXGL Background Thread 3 ] DEBUG Engine               - class com.almasb.fxgl.app.FXGLApplication$GameApplicationService
17:46:11.370 [FXGL Background Thread 3 ] DEBUG Engine               - class com.almasb.fxgl.app.services.FXGLDialogService
17:46:11.370 [FXGL Background Thread 3 ] DEBUG Engine               - class com.almasb.fxgl.app.services.IOTaskExecutorService
17:46:11.370 [FXGL Background Thread 3 ] DEBUG Engine               - class com.almasb.fxgl.io.FileSystemService
17:46:11.370 [FXGL Background Thread 3 ] DEBUG Engine               - class com.almasb.fxgl.localization.LocalizationService
17:46:11.370 [FXGL Background Thread 3 ] DEBUG Engine               - class com.almasb.fxgl.app.services.SystemBundleService
17:46:11.370 [FXGL Background Thread 3 ] DEBUG Engine               - class com.almasb.fxgl.profile.SaveLoadService
17:46:11.370 [FXGL Background Thread 3 ] DEBUG Engine               - class com.almasb.fxgl.ui.FXGLUIFactoryServiceProvider
17:46:11.370 [FXGL Background Thread 3 ] DEBUG Engine               - class com.almasb.fxgl.ui.FXGLDialogFactoryServiceProvider
17:46:11.370 [FXGL Background Thread 3 ] DEBUG Engine               - class com.almasb.fxgl.audio.AudioPlayer
17:46:11.370 [FXGL Background Thread 3 ] DEBUG Engine               - class com.almasb.fxgl.notification.impl.NotificationServiceProvider
17:46:11.370 [FXGL Background Thread 3 ] DEBUG Engine               - class com.almasb.fxgl.achievement.AchievementService
17:46:11.370 [FXGL Background Thread 3 ] DEBUG Engine               - class com.almasb.fxgl.cutscene.CutsceneService
17:46:11.370 [FXGL Background Thread 3 ] DEBUG Engine               - class com.almasb.fxgl.minigames.MiniGameService
17:46:11.370 [FXGL Background Thread 3 ] DEBUG Engine               - class com.almasb.fxgl.net.NetService
17:46:11.370 [FXGL Background Thread 3 ] DEBUG Engine               - class com.almasb.fxgl.app.services.UpdaterService
17:46:11.370 [FXGL Background Thread 3 ] DEBUG Engine               - class com.almasb.fxgl.dev.DevService
17:46:13.597 [JavaFX Application Thread] DEBUG FXGLAssetLoaderServi - Loading from file system: file:/C:/Users/ECE/IdeaProjects/LBYCPOBBulletCredits/target/classes/assets/music/word_hit.mp3
17:46:13.600 [JavaFX Application Thread] DEBUG AudioPlayer          - Playing music com.almasb.fxgl.audio.Music@5319e8e4
17:46:13.710 [JavaFX Application Thread] DEBUG AudioPlayer          - Playing music com.almasb.fxgl.audio.Music@5319e8e4
17:46:16.985 [JavaFX Application Thread] DEBUG AudioPlayer          - Playing music com.almasb.fxgl.audio.Music@5319e8e4
17:46:17.246 [JavaFX Application Thread] DEBUG AudioPlayer          - Playing music com.almasb.fxgl.audio.Music@5319e8e4
17:46:17.374 [JavaFX Application Thread] DEBUG FXGLAssetLoaderServi - Loading from file system: file:/C:/Users/ECE/IdeaProjects/LBYCPOBBulletCredits/target/classes/assets/music/explosion.mp3
17:46:17.378 [JavaFX Application Thread] DEBUG AudioPlayer          - Playing music com.almasb.fxgl.audio.Music@6befa1e0
17:46:19.918 [JavaFX Application Thread] DEBUG AudioPlayer          - Playing music com.almasb.fxgl.audio.Music@6befa1e0
17:46:20.410 [JavaFX Application Thread] DEBUG FXGLAssetLoaderServi - Loading from file system: file:/C:/Users/ECE/IdeaProjects/LBYCPOBBulletCredits/target/classes/assets/music/damage.mp3
17:46:20.413 [JavaFX Application Thread] DEBUG AudioPlayer          - Playing music com.almasb.fxgl.audio.Music@174e0d3a
17:46:21.806 [JavaFX Application Thread] DEBUG AudioPlayer          - Playing music com.almasb.fxgl.audio.Music@5319e8e4
17:46:21.933 [JavaFX Application Thread] DEBUG AudioPlayer          - Playing music com.almasb.fxgl.audio.Music@5319e8e4
17:46:22.058 [JavaFX Application Thread] DEBUG AudioPlayer          - Playing music com.almasb.fxgl.audio.Music@5319e8e4
17:46:22.191 [JavaFX Application Thread] DEBUG AudioPlayer          - Playing music com.almasb.fxgl.audio.Music@6befa1e0
17:46:31.533 [JavaFX Application Thread] DEBUG AudioPlayer          - Playing music com.almasb.fxgl.audio.Music@5319e8e4
17:46:31.662 [JavaFX Application Thread] DEBUG AudioPlayer          - Playing music com.almasb.fxgl.audio.Music@5319e8e4
17:46:31.774 [JavaFX Application Thread] DEBUG AudioPlayer          - Playing music com.almasb.fxgl.audio.Music@5319e8e4
17:46:31.918 [JavaFX Application Thread] DEBUG AudioPlayer          - Playing music com.almasb.fxgl.audio.Music@6befa1e0
17:46:34.190 [JavaFX Application Thread] DEBUG FXGLAssetLoaderServi - Loading from file system: file:/C:/Users/ECE/IdeaProjects/LBYCPOBBulletCredits/target/classes/assets/music/boss_hit.mp3
17:46:34.193 [JavaFX Application Thread] DEBUG AudioPlayer          - Playing music com.almasb.fxgl.audio.Music@44890ca0
17:46:34.302 [JavaFX Application Thread] DEBUG AudioPlayer          - Playing music com.almasb.fxgl.audio.Music@44890ca0
17:46:34.415 [JavaFX Application Thread] DEBUG AudioPlayer          - Playing music com.almasb.fxgl.audio.Music@44890ca0
17:46:34.526 [JavaFX Application Thread] DEBUG AudioPlayer          - Playing music com.almasb.fxgl.audio.Music@44890ca0
17:46:34.638 [JavaFX Application Thread] DEBUG AudioPlayer          - Playing music com.almasb.fxgl.audio.Music@44890ca0
17:46:34.990 [JavaFX Application Thread] DEBUG AudioPlayer          - Playing music com.almasb.fxgl.audio.Music@44890ca0
17:46:35.134 [JavaFX Application Thread] DEBUG AudioPlayer          - Playing music com.almasb.fxgl.audio.Music@44890ca0
17:46:35.305 [JavaFX Application Thread] DEBUG AudioPlayer          - Playing music com.almasb.fxgl.audio.Music@44890ca0
17:46:35.512 [JavaFX Application Thread] DEBUG AudioPlayer          - Playing music com.almasb.fxgl.audio.Music@44890ca0
17:46:35.710 [JavaFX Application Thread] DEBUG AudioPlayer          - Playing music com.almasb.fxgl.audio.Music@44890ca0
17:46:35.924 [JavaFX Application Thread] DEBUG AudioPlayer          - Playing music com.almasb.fxgl.audio.Music@44890ca0
17:46:36.087 [JavaFX Application Thread] DEBUG AudioPlayer          - Playing music com.almasb.fxgl.audio.Music@44890ca0
17:46:37.942 [JavaFX Application Thread] DEBUG AudioPlayer          - Playing music com.almasb.fxgl.audio.Music@44890ca0
17:46:38.061 [JavaFX Application Thread] DEBUG AudioPlayer          - Playing music com.almasb.fxgl.audio.Music@44890ca0
17:46:38.190 [JavaFX Application Thread] DEBUG AudioPlayer          - Playing music com.almasb.fxgl.audio.Music@44890ca0
17:46:38.300 [JavaFX Application Thread] DEBUG AudioPlayer          - Playing music com.almasb.fxgl.audio.Music@44890ca0
17:46:38.421 [JavaFX Application Thread] DEBUG AudioPlayer          - Playing music com.almasb.fxgl.audio.Music@44890ca0
17:46:38.554 [JavaFX Application Thread] DEBUG AudioPlayer          - Playing music com.almasb.fxgl.audio.Music@44890ca0
17:46:38.686 [JavaFX Application Thread] DEBUG AudioPlayer          - Playing music com.almasb.fxgl.audio.Music@44890ca0
17:46:39.438 [JavaFX Application Thread] DEBUG AudioPlayer          - Playing music com.almasb.fxgl.audio.Music@44890ca0
17:46:39.565 [JavaFX Application Thread] DEBUG AudioPlayer          - Playing music com.almasb.fxgl.audio.Music@44890ca0
17:46:40.558 [JavaFX Application Thread] DEBUG AudioPlayer          - Playing music com.almasb.fxgl.audio.Music@44890ca0
17:46:42.923 [JavaFX Application Thread] DEBUG AudioPlayer          - Playing music com.almasb.fxgl.audio.Music@44890ca0
17:46:43.535 [JavaFX Application Thread] DEBUG AudioPlayer          - Playing music com.almasb.fxgl.audio.Music@174e0d3a
17:46:43.678 [JavaFX Application Thread] DEBUG AudioPlayer          - Playing music com.almasb.fxgl.audio.Music@44890ca0
17:46:45.661 [JavaFX Application Thread] DEBUG AudioPlayer          - Playing music com.almasb.fxgl.audio.Music@44890ca0
17:46:46.366 [JavaFX Application Thread] DEBUG AudioPlayer          - Playing music com.almasb.fxgl.audio.Music@44890ca0
17:46:46.493 [JavaFX Application Thread] DEBUG AudioPlayer          - Playing music com.almasb.fxgl.audio.Music@44890ca0
17:46:47.038 [JavaFX Application Thread] DEBUG AudioPlayer          - Playing music com.almasb.fxgl.audio.Music@174e0d3a
17:46:47.374 [JavaFX Application Thread] DEBUG AudioPlayer          - Playing music com.almasb.fxgl.audio.Music@44890ca0
17:46:50.826 [JavaFX Application Thread] DEBUG AudioPlayer          - Playing music com.almasb.fxgl.audio.Music@174e0d3a
17:46:53.002 [JavaFX Application Thread] DEBUG AudioPlayer          - Playing music com.almasb.fxgl.audio.Music@44890ca0
17:46:53.118 [JavaFX Application Thread] DEBUG AudioPlayer          - Playing music com.almasb.fxgl.audio.Music@6befa1e0
17:46:56.318 [JavaFX Application Thread] DEBUG AudioPlayer          - Playing music com.almasb.fxgl.audio.Music@5319e8e4
17:46:56.444 [JavaFX Application Thread] DEBUG AudioPlayer          - Playing music com.almasb.fxgl.audio.Music@5319e8e4
17:46:57.572 [JavaFX Application Thread] DEBUG AudioPlayer          - Playing music com.almasb.fxgl.audio.Music@5319e8e4
17:46:57.693 [JavaFX Application Thread] DEBUG AudioPlayer          - Playing music com.almasb.fxgl.audio.Music@5319e8e4
17:46:57.822 [JavaFX Application Thread] DEBUG AudioPlayer          - Playing music com.almasb.fxgl.audio.Music@5319e8e4
17:46:57.951 [JavaFX Application Thread] DEBUG AudioPlayer          - Playing music com.almasb.fxgl.audio.Music@6befa1e0
17:46:59.590 [JavaFX Application Thread] DEBUG AudioPlayer          - Playing music com.almasb.fxgl.audio.Music@5319e8e4
17:46:59.723 [JavaFX Application Thread] DEBUG AudioPlayer          - Playing music com.almasb.fxgl.audio.Music@6befa1e0
17:47:00.879 [JavaFX Application Thread] DEBUG AudioPlayer          - Playing music com.almasb.fxgl.audio.Music@6befa1e0
17:47:02.542 [JavaFX Application Thread] DEBUG AudioPlayer          - Playing music com.almasb.fxgl.audio.Music@5319e8e4
17:47:02.572 [JavaFX Application Thread] DEBUG AudioPlayer          - Playing music com.almasb.fxgl.audio.Music@174e0d3a
17:47:02.669 [JavaFX Application Thread] DEBUG AudioPlayer          - Playing music com.almasb.fxgl.audio.Music@5319e8e4
17:47:02.798 [JavaFX Application Thread] DEBUG AudioPlayer          - Playing music com.almasb.fxgl.audio.Music@5319e8e4
17:47:02.924 [JavaFX Application Thread] DEBUG AudioPlayer          - Playing music com.almasb.fxgl.audio.Music@6befa1e0
17:47:05.806 [JavaFX Application Thread] DEBUG AudioPlayer          - Playing music com.almasb.fxgl.audio.Music@5319e8e4
17:47:05.934 [JavaFX Application Thread] DEBUG AudioPlayer          - Playing music com.almasb.fxgl.audio.Music@5319e8e4
17:47:06.061 [JavaFX Application Thread] DEBUG AudioPlayer          - Playing music com.almasb.fxgl.audio.Music@5319e8e4
17:47:06.190 [JavaFX Application Thread] DEBUG AudioPlayer          - Playing music com.almasb.fxgl.audio.Music@5319e8e4
17:47:06.317 [JavaFX Application Thread] DEBUG AudioPlayer          - Playing music com.almasb.fxgl.audio.Music@6befa1e0
17:47:08.778 [JavaFX Application Thread] DEBUG AudioPlayer          - Playing music com.almasb.fxgl.audio.Music@44890ca0
17:47:08.894 [JavaFX Application Thread] DEBUG AudioPlayer          - Playing music com.almasb.fxgl.audio.Music@44890ca0
17:47:09.002 [JavaFX Application Thread] DEBUG AudioPlayer          - Playing music com.almasb.fxgl.audio.Music@44890ca0
17:47:09.118 [JavaFX Application Thread] DEBUG AudioPlayer          - Playing music com.almasb.fxgl.audio.Music@44890ca0
17:47:09.230 [JavaFX Application Thread] DEBUG AudioPlayer          - Playing music com.almasb.fxgl.audio.Music@44890ca0
17:47:09.341 [JavaFX Application Thread] DEBUG AudioPlayer          - Playing music com.almasb.fxgl.audio.Music@44890ca0
17:47:09.453 [JavaFX Application Thread] DEBUG AudioPlayer          - Playing music com.almasb.fxgl.audio.Music@44890ca0
17:47:09.571 [JavaFX Application Thread] DEBUG AudioPlayer          - Playing music com.almasb.fxgl.audio.Music@44890ca0
17:47:09.687 [JavaFX Application Thread] DEBUG AudioPlayer          - Playing music com.almasb.fxgl.audio.Music@44890ca0
17:47:09.796 [JavaFX Application Thread] DEBUG AudioPlayer          - Playing music com.almasb.fxgl.audio.Music@44890ca0
17:47:09.917 [JavaFX Application Thread] DEBUG AudioPlayer          - Playing music com.almasb.fxgl.audio.Music@44890ca0
17:47:10.026 [JavaFX Application Thread] DEBUG AudioPlayer          - Playing music com.almasb.fxgl.audio.Music@44890ca0
17:47:10.135 [JavaFX Application Thread] DEBUG AudioPlayer          - Playing music com.almasb.fxgl.audio.Music@44890ca0
17:47:10.254 [JavaFX Application Thread] DEBUG AudioPlayer          - Playing music com.almasb.fxgl.audio.Music@44890ca0
17:47:10.366 [JavaFX Application Thread] DEBUG AudioPlayer          - Playing music com.almasb.fxgl.audio.Music@44890ca0
17:47:13.868 [JavaFX Application Thread] DEBUG AudioPlayer          - Playing music com.almasb.fxgl.audio.Music@174e0d3a
17:47:14.734 [JavaFX Application Thread] DEBUG AudioPlayer          - Playing music com.almasb.fxgl.audio.Music@44890ca0
17:47:14.910 [JavaFX Application Thread] DEBUG AudioPlayer          - Playing music com.almasb.fxgl.audio.Music@44890ca0
17:47:15.040 [JavaFX Application Thread] DEBUG AudioPlayer          - Playing music com.almasb.fxgl.audio.Music@44890ca0
17:47:15.166 [JavaFX Application Thread] DEBUG AudioPlayer          - Playing music com.almasb.fxgl.audio.Music@44890ca0
17:47:15.292 [JavaFX Application Thread] DEBUG AudioPlayer          - Playing music com.almasb.fxgl.audio.Music@44890ca0
17:47:15.420 [JavaFX Application Thread] DEBUG AudioPlayer          - Playing music com.almasb.fxgl.audio.Music@44890ca0
17:47:15.547 [JavaFX Application Thread] DEBUG AudioPlayer          - Playing music com.almasb.fxgl.audio.Music@44890ca0
17:47:15.674 [JavaFX Application Thread] DEBUG AudioPlayer          - Playing music com.almasb.fxgl.audio.Music@44890ca0
17:47:15.807 [JavaFX Application Thread] DEBUG AudioPlayer          - Playing music com.almasb.fxgl.audio.Music@44890ca0
17:47:15.934 [JavaFX Application Thread] DEBUG AudioPlayer          - Playing music com.almasb.fxgl.audio.Music@44890ca0
17:47:16.061 [JavaFX Application Thread] DEBUG AudioPlayer          - Playing music com.almasb.fxgl.audio.Music@44890ca0
17:47:16.191 [JavaFX Application Thread] DEBUG AudioPlayer          - Playing music com.almasb.fxgl.audio.Music@44890ca0
17:47:16.318 [JavaFX Application Thread] DEBUG AudioPlayer          - Playing music com.almasb.fxgl.audio.Music@44890ca0
17:47:16.444 [JavaFX Application Thread] DEBUG AudioPlayer          - Playing music com.almasb.fxgl.audio.Music@44890ca0
17:47:16.572 [JavaFX Application Thread] DEBUG AudioPlayer          - Playing music com.almasb.fxgl.audio.Music@44890ca0
17:47:16.702 [JavaFX Application Thread] DEBUG AudioPlayer          - Playing music com.almasb.fxgl.audio.Music@44890ca0
17:47:16.826 [JavaFX Application Thread] DEBUG AudioPlayer          - Playing music com.almasb.fxgl.audio.Music@44890ca0
17:47:16.959 [JavaFX Application Thread] DEBUG AudioPlayer          - Playing music com.almasb.fxgl.audio.Music@44890ca0
17:47:17.087 [JavaFX Application Thread] DEBUG AudioPlayer          - Playing music com.almasb.fxgl.audio.Music@6befa1e0
17:47:17.547 [JavaFX Application Thread] DEBUG AudioPlayer          - Playing music com.almasb.fxgl.audio.Music@174e0d3a
17:47:20.414 [JavaFX Application Thread] DEBUG AudioPlayer          - Playing music com.almasb.fxgl.audio.Music@5319e8e4
17:47:20.517 [JavaFX Application Thread] DEBUG AudioPlayer          - Playing music com.almasb.fxgl.audio.Music@5319e8e4
17:47:20.910 [JavaFX Application Thread] DEBUG AudioPlayer          - Playing music com.almasb.fxgl.audio.Music@5319e8e4
17:47:20.958 [JavaFX Application Thread] DEBUG AudioPlayer          - Playing music com.almasb.fxgl.audio.Music@5319e8e4
17:47:21.070 [JavaFX Application Thread] DEBUG AudioPlayer          - Playing music com.almasb.fxgl.audio.Music@5319e8e4
17:47:21.196 [JavaFX Application Thread] DEBUG AudioPlayer          - Playing music com.almasb.fxgl.audio.Music@5319e8e4
17:47:21.323 [JavaFX Application Thread] DEBUG AudioPlayer          - Playing music com.almasb.fxgl.audio.Music@6befa1e0
17:47:23.118 [JavaFX Application Thread] DEBUG AudioPlayer          - Playing music com.almasb.fxgl.audio.Music@5319e8e4
17:47:23.244 [JavaFX Application Thread] DEBUG AudioPlayer          - Playing music com.almasb.fxgl.audio.Music@5319e8e4
17:47:23.373 [JavaFX Application Thread] DEBUG AudioPlayer          - Playing music com.almasb.fxgl.audio.Music@6befa1e0
17:47:26.299 [JavaFX Application Thread] DEBUG AudioPlayer          - Playing music com.almasb.fxgl.audio.Music@5319e8e4
17:47:26.426 [JavaFX Application Thread] DEBUG AudioPlayer          - Playing music com.almasb.fxgl.audio.Music@5319e8e4
17:47:26.558 [JavaFX Application Thread] DEBUG AudioPlayer          - Playing music com.almasb.fxgl.audio.Music@5319e8e4
17:47:26.688 [JavaFX Application Thread] DEBUG AudioPlayer          - Playing music com.almasb.fxgl.audio.Music@6befa1e0
17:47:27.675 [JavaFX Application Thread] DEBUG AudioPlayer          - Playing music com.almasb.fxgl.audio.Music@174e0d3a
17:47:31.711 [JavaFX Application Thread] DEBUG AudioPlayer          - Playing music com.almasb.fxgl.audio.Music@5319e8e4
17:47:31.838 [JavaFX Application Thread] DEBUG AudioPlayer          - Playing music com.almasb.fxgl.audio.Music@5319e8e4
17:47:32.092 [JavaFX Application Thread] DEBUG AudioPlayer          - Playing music com.almasb.fxgl.audio.Music@5319e8e4
17:47:32.347 [JavaFX Application Thread] DEBUG AudioPlayer          - Playing music com.almasb.fxgl.audio.Music@5319e8e4
17:47:32.862 [JavaFX Application Thread] DEBUG AudioPlayer          - Playing music com.almasb.fxgl.audio.Music@5319e8e4
17:47:33.111 [JavaFX Application Thread] DEBUG AudioPlayer          - Playing music com.almasb.fxgl.audio.Music@6befa1e0
17:47:36.389 [JavaFX Application Thread] DEBUG AudioPlayer          - Playing music com.almasb.fxgl.audio.Music@44890ca0
17:47:36.494 [JavaFX Application Thread] DEBUG AudioPlayer          - Playing music com.almasb.fxgl.audio.Music@44890ca0
17:47:36.620 [JavaFX Application Thread] DEBUG AudioPlayer          - Playing music com.almasb.fxgl.audio.Music@44890ca0
17:47:36.734 [JavaFX Application Thread] DEBUG AudioPlayer          - Playing music com.almasb.fxgl.audio.Music@44890ca0
17:47:36.844 [JavaFX Application Thread] DEBUG AudioPlayer          - Playing music com.almasb.fxgl.audio.Music@44890ca0
17:47:36.953 [JavaFX Application Thread] DEBUG AudioPlayer          - Playing music com.almasb.fxgl.audio.Music@44890ca0
17:47:37.068 [JavaFX Application Thread] DEBUG AudioPlayer          - Playing music com.almasb.fxgl.audio.Music@44890ca0
17:47:37.181 [JavaFX Application Thread] DEBUG AudioPlayer          - Playing music com.almasb.fxgl.audio.Music@44890ca0
17:47:44.371 [JavaFX Application Thread] DEBUG AudioPlayer          - Playing music com.almasb.fxgl.audio.Music@174e0d3a
17:47:46.523 [JavaFX Application Thread] DEBUG AudioPlayer          - Playing music com.almasb.fxgl.audio.Music@44890ca0
17:47:46.643 [JavaFX Application Thread] DEBUG AudioPlayer          - Playing music com.almasb.fxgl.audio.Music@44890ca0
17:47:46.778 [JavaFX Application Thread] DEBUG AudioPlayer          - Playing music com.almasb.fxgl.audio.Music@44890ca0
17:47:47.903 [JavaFX Application Thread] DEBUG AudioPlayer          - Playing music com.almasb.fxgl.audio.Music@174e0d3a
17:47:56.142 [JavaFX Application Thread] DEBUG AudioPlayer          - Playing music com.almasb.fxgl.audio.Music@174e0d3a
17:47:58.223 [JavaFX Application Thread] DEBUG AudioPlayer          - Playing music com.almasb.fxgl.audio.Music@44890ca0
17:47:58.351 [JavaFX Application Thread] DEBUG AudioPlayer          - Playing music com.almasb.fxgl.audio.Music@44890ca0
17:47:58.462 [JavaFX Application Thread] DEBUG AudioPlayer          - Playing music com.almasb.fxgl.audio.Music@44890ca0
17:47:58.590 [JavaFX Application Thread] DEBUG AudioPlayer          - Playing music com.almasb.fxgl.audio.Music@44890ca0
17:47:58.719 [JavaFX Application Thread] DEBUG AudioPlayer          - Playing music com.almasb.fxgl.audio.Music@44890ca0
17:47:58.846 [JavaFX Application Thread] DEBUG AudioPlayer          - Playing music com.almasb.fxgl.audio.Music@44890ca0
17:47:58.974 [JavaFX Application Thread] DEBUG AudioPlayer          - Playing music com.almasb.fxgl.audio.Music@44890ca0
17:47:59.102 [JavaFX Application Thread] DEBUG AudioPlayer          - Playing music com.almasb.fxgl.audio.Music@44890ca0
17:47:59.230 [JavaFX Application Thread] DEBUG AudioPlayer          - Playing music com.almasb.fxgl.audio.Music@44890ca0
17:47:59.375 [JavaFX Application Thread] DEBUG AudioPlayer          - Playing music com.almasb.fxgl.audio.Music@44890ca0
17:47:59.501 [JavaFX Application Thread] DEBUG AudioPlayer          - Playing music com.almasb.fxgl.audio.Music@44890ca0
17:47:59.614 [JavaFX Application Thread] DEBUG AudioPlayer          - Playing music com.almasb.fxgl.audio.Music@44890ca0
17:47:59.742 [JavaFX Application Thread] DEBUG AudioPlayer          - Playing music com.almasb.fxgl.audio.Music@44890ca0
17:47:59.871 [JavaFX Application Thread] DEBUG AudioPlayer          - Playing music com.almasb.fxgl.audio.Music@44890ca0
17:47:59.999 [JavaFX Application Thread] DEBUG AudioPlayer          - Playing music com.almasb.fxgl.audio.Music@44890ca0
17:48:00.126 [JavaFX Application Thread] DEBUG AudioPlayer          - Playing music com.almasb.fxgl.audio.Music@44890ca0
17:48:00.254 [JavaFX Application Thread] DEBUG AudioPlayer          - Playing music com.almasb.fxgl.audio.Music@44890ca0
17:48:00.399 [JavaFX Application Thread] DEBUG AudioPlayer          - Playing music com.almasb.fxgl.audio.Music@44890ca0
17:48:00.510 [JavaFX Application Thread] DEBUG AudioPlayer          - Playing music com.almasb.fxgl.audio.Music@44890ca0
17:48:00.638 [JavaFX Application Thread] DEBUG AudioPlayer          - Playing music com.almasb.fxgl.audio.Music@44890ca0
17:48:00.766 [JavaFX Application Thread] DEBUG AudioPlayer          - Playing music com.almasb.fxgl.audio.Music@44890ca0
17:48:00.894 [JavaFX Application Thread] DEBUG AudioPlayer          - Playing music com.almasb.fxgl.audio.Music@44890ca0
17:48:01.023 [JavaFX Application Thread] DEBUG AudioPlayer          - Playing music com.almasb.fxgl.audio.Music@44890ca0
17:48:01.150 [JavaFX Application Thread] DEBUG AudioPlayer          - Playing music com.almasb.fxgl.audio.Music@44890ca0
17:48:01.295 [JavaFX Application Thread] DEBUG AudioPlayer          - Playing music com.almasb.fxgl.audio.Music@44890ca0
17:48:01.423 [JavaFX Application Thread] DEBUG AudioPlayer          - Playing music com.almasb.fxgl.audio.Music@44890ca0
17:48:01.566 [JavaFX Application Thread] DEBUG AudioPlayer          - Playing music com.almasb.fxgl.audio.Music@6befa1e0
17:48:04.862 [JavaFX Application Thread] DEBUG AudioPlayer          - Playing music com.almasb.fxgl.audio.Music@5319e8e4
17:48:04.989 [JavaFX Application Thread] DEBUG AudioPlayer          - Playing music com.almasb.fxgl.audio.Music@5319e8e4
17:48:05.102 [JavaFX Application Thread] DEBUG AudioPlayer          - Playing music com.almasb.fxgl.audio.Music@5319e8e4
17:48:05.214 [JavaFX Application Thread] DEBUG AudioPlayer          - Playing music com.almasb.fxgl.audio.Music@5319e8e4
17:48:05.341 [JavaFX Application Thread] DEBUG AudioPlayer          - Playing music com.almasb.fxgl.audio.Music@5319e8e4
17:48:07.023 [JavaFX Application Thread] DEBUG AudioPlayer          - Playing music com.almasb.fxgl.audio.Music@6befa1e0
17:48:09.007 [JavaFX Application Thread] DEBUG AudioPlayer          - Playing music com.almasb.fxgl.audio.Music@5319e8e4
17:48:09.134 [JavaFX Application Thread] DEBUG AudioPlayer          - Playing music com.almasb.fxgl.audio.Music@5319e8e4
17:48:09.263 [JavaFX Application Thread] DEBUG AudioPlayer          - Playing music com.almasb.fxgl.audio.Music@5319e8e4
17:48:09.390 [JavaFX Application Thread] DEBUG AudioPlayer          - Playing music com.almasb.fxgl.audio.Music@5319e8e4
17:48:10.672 [JavaFX Application Thread] DEBUG AudioPlayer          - Playing music com.almasb.fxgl.audio.Music@5319e8e4
17:48:10.798 [JavaFX Application Thread] DEBUG AudioPlayer          - Playing music com.almasb.fxgl.audio.Music@5319e8e4
17:48:10.943 [JavaFX Application Thread] DEBUG AudioPlayer          - Playing music com.almasb.fxgl.audio.Music@6befa1e0
17:48:11.246 [JavaFX Application Thread] DEBUG AudioPlayer          - Playing music com.almasb.fxgl.audio.Music@174e0d3a
17:48:13.774 [JavaFX Application Thread] DEBUG AudioPlayer          - Playing music com.almasb.fxgl.audio.Music@5319e8e4
17:48:13.901 [JavaFX Application Thread] DEBUG AudioPlayer          - Playing music com.almasb.fxgl.audio.Music@5319e8e4
17:48:14.030 [JavaFX Application Thread] DEBUG AudioPlayer          - Playing music com.almasb.fxgl.audio.Music@5319e8e4
17:48:14.159 [JavaFX Application Thread] DEBUG AudioPlayer          - Playing music com.almasb.fxgl.audio.Music@5319e8e4
17:48:14.287 [JavaFX Application Thread] DEBUG AudioPlayer          - Playing music com.almasb.fxgl.audio.Music@5319e8e4
17:48:14.414 [JavaFX Application Thread] DEBUG AudioPlayer          - Playing music com.almasb.fxgl.audio.Music@5319e8e4
17:48:14.543 [JavaFX Application Thread] DEBUG AudioPlayer          - Playing music com.almasb.fxgl.audio.Music@6befa1e0
17:48:20.367 [JavaFX Application Thread] DEBUG AudioPlayer          - Playing music com.almasb.fxgl.audio.Music@5319e8e4
17:48:20.590 [JavaFX Application Thread] DEBUG AudioPlayer          - Playing music com.almasb.fxgl.audio.Music@174e0d3a
17:48:28.607 [JavaFX Application Thread] DEBUG AudioPlayer          - Playing music com.almasb.fxgl.audio.Music@5319e8e4
17:48:29.391 [JavaFX Application Thread] DEBUG AudioPlayer          - Playing music com.almasb.fxgl.audio.Music@5319e8e4
17:48:29.902 [JavaFX Application Thread] DEBUG AudioPlayer          - Playing music com.almasb.fxgl.audio.Music@5319e8e4
17:48:30.043 [JavaFX Application Thread] DEBUG AudioPlayer          - Playing music com.almasb.fxgl.audio.Music@5319e8e4
17:48:30.158 [JavaFX Application Thread] DEBUG AudioPlayer          - Playing music com.almasb.fxgl.audio.Music@6befa1e0
17:48:30.334 [JavaFX Application Thread] DEBUG AudioPlayer          - Playing music com.almasb.fxgl.audio.Music@174e0d3a
17:48:33.806 [JavaFX Application Thread] DEBUG AudioPlayer          - Playing music com.almasb.fxgl.audio.Music@44890ca0
17:48:33.870 [JavaFX Application Thread] DEBUG AudioPlayer          - Playing music com.almasb.fxgl.audio.Music@44890ca0
17:48:35.006 [JavaFX Application Thread] DEBUG AudioPlayer          - Playing music com.almasb.fxgl.audio.Music@44890ca0
17:48:35.070 [JavaFX Application Thread] DEBUG AudioPlayer          - Playing music com.almasb.fxgl.audio.Music@44890ca0
17:48:35.200 [JavaFX Application Thread] DEBUG AudioPlayer          - Playing music com.almasb.fxgl.audio.Music@44890ca0
17:48:35.294 [JavaFX Application Thread] DEBUG AudioPlayer          - Playing music com.almasb.fxgl.audio.Music@44890ca0
17:48:36.143 [JavaFX Application Thread] DEBUG AudioPlayer          - Playing music com.almasb.fxgl.audio.Music@44890ca0
17:48:36.270 [JavaFX Application Thread] DEBUG AudioPlayer          - Playing music com.almasb.fxgl.audio.Music@44890ca0
17:48:36.381 [JavaFX Application Thread] DEBUG AudioPlayer          - Playing music com.almasb.fxgl.audio.Music@44890ca0
17:48:36.497 [JavaFX Application Thread] DEBUG AudioPlayer          - Playing music com.almasb.fxgl.audio.Music@44890ca0
17:48:36.606 [JavaFX Application Thread] DEBUG AudioPlayer          - Playing music com.almasb.fxgl.audio.Music@44890ca0
17:48:36.718 [JavaFX Application Thread] DEBUG AudioPlayer          - Playing music com.almasb.fxgl.audio.Music@44890ca0
17:48:36.830 [JavaFX Application Thread] DEBUG AudioPlayer          - Playing music com.almasb.fxgl.audio.Music@44890ca0
17:48:36.944 [JavaFX Application Thread] DEBUG AudioPlayer          - Playing music com.almasb.fxgl.audio.Music@44890ca0
17:48:37.071 [JavaFX Application Thread] DEBUG AudioPlayer          - Playing music com.almasb.fxgl.audio.Music@44890ca0
17:48:37.182 [JavaFX Application Thread] DEBUG AudioPlayer          - Playing music com.almasb.fxgl.audio.Music@44890ca0
17:48:37.326 [JavaFX Application Thread] DEBUG AudioPlayer          - Playing music com.almasb.fxgl.audio.Music@44890ca0
17:48:37.471 [JavaFX Application Thread] DEBUG AudioPlayer          - Playing music com.almasb.fxgl.audio.Music@44890ca0
17:48:37.583 [JavaFX Application Thread] DEBUG AudioPlayer          - Playing music com.almasb.fxgl.audio.Music@44890ca0
17:48:37.710 [JavaFX Application Thread] DEBUG AudioPlayer          - Playing music com.almasb.fxgl.audio.Music@44890ca0
17:48:37.839 [JavaFX Application Thread] DEBUG AudioPlayer          - Playing music com.almasb.fxgl.audio.Music@44890ca0
17:48:37.982 [JavaFX Application Thread] DEBUG AudioPlayer          - Playing music com.almasb.fxgl.audio.Music@44890ca0
17:48:38.000 [JavaFX Application Thread] DEBUG AudioPlayer          - Playing music com.almasb.fxgl.audio.Music@174e0d3a
17:48:38.095 [JavaFX Application Thread] DEBUG AudioPlayer          - Playing music com.almasb.fxgl.audio.Music@44890ca0
17:48:38.239 [JavaFX Application Thread] DEBUG AudioPlayer          - Playing music com.almasb.fxgl.audio.Music@44890ca0
17:48:38.368 [JavaFX Application Thread] DEBUG AudioPlayer          - Playing music com.almasb.fxgl.audio.Music@44890ca0
17:48:38.511 [JavaFX Application Thread] DEBUG AudioPlayer          - Playing music com.almasb.fxgl.audio.Music@44890ca0
17:48:38.639 [JavaFX Application Thread] DEBUG AudioPlayer          - Playing music com.almasb.fxgl.audio.Music@44890ca0
17:48:38.767 [JavaFX Application Thread] DEBUG AudioPlayer          - Playing music com.almasb.fxgl.audio.Music@44890ca0
17:48:38.896 [JavaFX Application Thread] DEBUG AudioPlayer          - Playing music com.almasb.fxgl.audio.Music@44890ca0
17:48:39.039 [JavaFX Application Thread] DEBUG AudioPlayer          - Playing music com.almasb.fxgl.audio.Music@44890ca0
17:48:39.167 [JavaFX Application Thread] DEBUG AudioPlayer          - Playing music com.almasb.fxgl.audio.Music@44890ca0
17:48:39.312 [JavaFX Application Thread] DEBUG AudioPlayer          - Playing music com.almasb.fxgl.audio.Music@44890ca0
17:48:39.423 [JavaFX Application Thread] DEBUG AudioPlayer          - Playing music com.almasb.fxgl.audio.Music@44890ca0
17:48:39.567 [JavaFX Application Thread] DEBUG AudioPlayer          - Playing music com.almasb.fxgl.audio.Music@44890ca0
17:48:39.695 [JavaFX Application Thread] DEBUG AudioPlayer          - Playing music com.almasb.fxgl.audio.Music@44890ca0
17:48:39.839 [JavaFX Application Thread] DEBUG AudioPlayer          - Playing music com.almasb.fxgl.audio.Music@44890ca0
17:48:39.967 [JavaFX Application Thread] DEBUG AudioPlayer          - Playing music com.almasb.fxgl.audio.Music@44890ca0
17:48:40.095 [JavaFX Application Thread] DEBUG AudioPlayer          - Playing music com.almasb.fxgl.audio.Music@44890ca0
17:48:40.223 [JavaFX Application Thread] DEBUG AudioPlayer          - Playing music com.almasb.fxgl.audio.Music@44890ca0
17:48:40.367 [JavaFX Application Thread] DEBUG AudioPlayer          - Playing music com.almasb.fxgl.audio.Music@44890ca0
17:48:40.494 [JavaFX Application Thread] DEBUG AudioPlayer          - Playing music com.almasb.fxgl.audio.Music@44890ca0
17:48:40.638 [JavaFX Application Thread] DEBUG AudioPlayer          - Playing music com.almasb.fxgl.audio.Music@44890ca0
17:48:40.766 [JavaFX Application Thread] DEBUG AudioPlayer          - Playing music com.almasb.fxgl.audio.Music@44890ca0
17:48:40.911 [JavaFX Application Thread] DEBUG AudioPlayer          - Playing music com.almasb.fxgl.audio.Music@44890ca0
17:48:41.007 [JavaFX Application Thread] DEBUG AudioPlayer          - Playing music com.almasb.fxgl.audio.Music@174e0d3a
17:48:41.039 [JavaFX Application Thread] DEBUG AudioPlayer          - Playing music com.almasb.fxgl.audio.Music@44890ca0
17:48:41.167 [JavaFX Application Thread] DEBUG AudioPlayer          - Playing music com.almasb.fxgl.audio.Music@44890ca0
17:48:41.325 [JavaFX Application Thread] DEBUG AudioPlayer          - Playing music com.almasb.fxgl.audio.Music@44890ca0
17:48:41.439 [JavaFX Application Thread] DEBUG AudioPlayer          - Playing music com.almasb.fxgl.audio.Music@44890ca0
17:48:41.599 [JavaFX Application Thread] DEBUG AudioPlayer          - Playing music com.almasb.fxgl.audio.Music@44890ca0
17:48:41.711 [JavaFX Application Thread] DEBUG AudioPlayer          - Playing music com.almasb.fxgl.audio.Music@44890ca0
17:48:41.873 [JavaFX Application Thread] DEBUG AudioPlayer          - Playing music com.almasb.fxgl.audio.Music@44890ca0
17:48:42.895 [JavaFX Application Thread] DEBUG AudioPlayer          - Playing music com.almasb.fxgl.audio.Music@44890ca0
17:48:43.022 [JavaFX Application Thread] DEBUG AudioPlayer          - Playing music com.almasb.fxgl.audio.Music@44890ca0
17:48:43.135 [JavaFX Application Thread] DEBUG AudioPlayer          - Playing music com.almasb.fxgl.audio.Music@44890ca0
17:48:43.199 [JavaFX Application Thread] DEBUG AudioPlayer          - Playing music com.almasb.fxgl.audio.Music@44890ca0
17:48:43.311 [JavaFX Application Thread] DEBUG AudioPlayer          - Playing music com.almasb.fxgl.audio.Music@44890ca0
17:48:43.439 [JavaFX Application Thread] DEBUG AudioPlayer          - Playing music com.almasb.fxgl.audio.Music@44890ca0
17:48:43.582 [JavaFX Application Thread] DEBUG AudioPlayer          - Playing music com.almasb.fxgl.audio.Music@44890ca0
17:48:43.711 [JavaFX Application Thread] DEBUG AudioPlayer          - Playing music com.almasb.fxgl.audio.Music@44890ca0
17:48:43.839 [JavaFX Application Thread] DEBUG AudioPlayer          - Playing music com.almasb.fxgl.audio.Music@44890ca0
17:48:43.967 [JavaFX Application Thread] DEBUG AudioPlayer          - Playing music com.almasb.fxgl.audio.Music@44890ca0
17:48:44.047 [JavaFX Application Thread] DEBUG AudioPlayer          - Playing music com.almasb.fxgl.audio.Music@174e0d3a
17:48:44.095 [JavaFX Application Thread] DEBUG AudioPlayer          - Playing music com.almasb.fxgl.audio.Music@44890ca0
17:48:44.142 [JavaFX Application Thread] DEBUG AudioPlayer          - Playing music com.almasb.fxgl.audio.Music@44890ca0
17:48:44.270 [JavaFX Application Thread] DEBUG AudioPlayer          - Playing music com.almasb.fxgl.audio.Music@44890ca0
17:48:44.415 [JavaFX Application Thread] DEBUG AudioPlayer          - Playing music com.almasb.fxgl.audio.Music@44890ca0
17:48:44.544 [JavaFX Application Thread] DEBUG AudioPlayer          - Playing music com.almasb.fxgl.audio.Music@44890ca0
17:48:44.687 [JavaFX Application Thread] DEBUG AudioPlayer          - Playing music com.almasb.fxgl.audio.Music@44890ca0
17:48:46.238 [JavaFX Application Thread] DEBUG AudioPlayer          - Playing music com.almasb.fxgl.audio.Music@44890ca0
17:48:46.367 [JavaFX Application Thread] DEBUG AudioPlayer          - Playing music com.almasb.fxgl.audio.Music@44890ca0
17:48:46.511 [JavaFX Application Thread] DEBUG AudioPlayer          - Playing music com.almasb.fxgl.audio.Music@44890ca0
17:48:46.639 [JavaFX Application Thread] DEBUG AudioPlayer          - Playing music com.almasb.fxgl.audio.Music@44890ca0
17:48:46.894 [JavaFX Application Thread] DEBUG AudioPlayer          - Playing music com.almasb.fxgl.audio.Music@44890ca0
17:48:47.039 [JavaFX Application Thread] DEBUG AudioPlayer          - Playing music com.almasb.fxgl.audio.Music@44890ca0
17:48:47.167 [JavaFX Application Thread] DEBUG AudioPlayer          - Playing music com.almasb.fxgl.audio.Music@44890ca0
17:48:47.247 [JavaFX Application Thread] DEBUG AudioPlayer          - Playing music com.almasb.fxgl.audio.Music@44890ca0
17:48:47.311 [JavaFX Application Thread] DEBUG AudioPlayer          - Playing music com.almasb.fxgl.audio.Music@44890ca0
17:48:47.359 [JavaFX Application Thread] DEBUG AudioPlayer          - Playing music com.almasb.fxgl.audio.Music@44890ca0
17:48:47.839 [JavaFX Application Thread] DEBUG AudioPlayer          - Playing music com.almasb.fxgl.audio.Music@174e0d3a
17:48:47.871 [JavaFX Application Thread] DEBUG AudioPlayer          - Playing music com.almasb.fxgl.audio.Music@44890ca0
17:48:47.983 [JavaFX Application Thread] DEBUG AudioPlayer          - Playing music com.almasb.fxgl.audio.Music@44890ca0
17:48:48.111 [JavaFX Application Thread] DEBUG AudioPlayer          - Playing music com.almasb.fxgl.audio.Music@44890ca0
17:48:48.272 [JavaFX Application Thread] DEBUG AudioPlayer          - Playing music com.almasb.fxgl.audio.Music@44890ca0
17:48:49.743 [JavaFX Application Thread] DEBUG AudioPlayer          - Playing music com.almasb.fxgl.audio.Music@44890ca0
17:48:49.791 [JavaFX Application Thread] DEBUG AudioPlayer          - Playing music com.almasb.fxgl.audio.Music@44890ca0
17:48:49.934 [JavaFX Application Thread] DEBUG AudioPlayer          - Playing music com.almasb.fxgl.audio.Music@44890ca0
17:48:50.334 [JavaFX Application Thread] DEBUG AudioPlayer          - Playing music com.almasb.fxgl.audio.Music@44890ca0
17:48:50.559 [JavaFX Application Thread] DEBUG AudioPlayer          - Playing music com.almasb.fxgl.audio.Music@44890ca0
17:48:50.799 [JavaFX Application Thread] DEBUG AudioPlayer          - Playing music com.almasb.fxgl.audio.Music@44890ca0
17:48:50.895 [JavaFX Application Thread] DEBUG AudioPlayer          - Playing music com.almasb.fxgl.audio.Music@174e0d3a
17:48:51.022 [JavaFX Application Thread] DEBUG AudioPlayer          - Playing music com.almasb.fxgl.audio.Music@44890ca0
17:48:51.167 [JavaFX Application Thread] DEBUG AudioPlayer          - Playing music com.almasb.fxgl.audio.Music@44890ca0
17:48:53.390 [JavaFX Application Thread] DEBUG AudioPlayer          - Playing music com.almasb.fxgl.audio.Music@44890ca0
17:48:53.535 [JavaFX Application Thread] DEBUG AudioPlayer          - Playing music com.almasb.fxgl.audio.Music@44890ca0
17:48:53.662 [JavaFX Application Thread] DEBUG AudioPlayer          - Playing music com.almasb.fxgl.audio.Music@44890ca0
17:48:53.790 [JavaFX Application Thread] DEBUG AudioPlayer          - Playing music com.almasb.fxgl.audio.Music@44890ca0
17:48:53.887 [JavaFX Application Thread] DEBUG AudioPlayer          - Playing music com.almasb.fxgl.audio.Music@44890ca0
17:48:53.887 [JavaFX Application Thread] DEBUG AudioPlayer          - Playing music com.almasb.fxgl.audio.Music@44890ca0
17:48:53.903 [JavaFX Application Thread] DEBUG AudioPlayer          - Playing music com.almasb.fxgl.audio.Music@44890ca0
17:48:53.935 [JavaFX Application Thread] DEBUG AudioPlayer          - Playing music com.almasb.fxgl.audio.Music@44890ca0
17:48:53.935 [JavaFX Application Thread] DEBUG AudioPlayer          - Playing music com.almasb.fxgl.audio.Music@44890ca0
17:48:54.047 [JavaFX Application Thread] DEBUG AudioPlayer          - Playing music com.almasb.fxgl.audio.Music@174e0d3a
17:48:54.079 [JavaFX Application Thread] DEBUG AudioPlayer          - Playing music com.almasb.fxgl.audio.Music@44890ca0
17:48:54.222 [JavaFX Application Thread] DEBUG AudioPlayer          - Playing music com.almasb.fxgl.audio.Music@44890ca0
17:48:54.367 [JavaFX Application Thread] DEBUG AudioPlayer          - Playing music com.almasb.fxgl.audio.Music@44890ca0
17:48:56.687 [JavaFX Application Thread] DEBUG AudioPlayer          - Playing music com.almasb.fxgl.audio.Music@44890ca0
17:48:56.831 [JavaFX Application Thread] DEBUG AudioPlayer          - Playing music com.almasb.fxgl.audio.Music@44890ca0
17:48:56.959 [JavaFX Application Thread] DEBUG AudioPlayer          - Playing music com.almasb.fxgl.audio.Music@44890ca0
17:48:57.088 [JavaFX Application Thread] DEBUG AudioPlayer          - Playing music com.almasb.fxgl.audio.Music@44890ca0
17:48:57.134 [JavaFX Application Thread] DEBUG AudioPlayer          - Playing music com.almasb.fxgl.audio.Music@174e0d3a
17:48:57.231 [JavaFX Application Thread] DEBUG AudioPlayer          - Playing music com.almasb.fxgl.audio.Music@44890ca0
17:48:57.679 [JavaFX Application Thread] DEBUG AudioPlayer          - Playing music com.almasb.fxgl.audio.Music@44890ca0
17:48:58.878 [JavaFX Application Thread] DEBUG AudioPlayer          - Playing music com.almasb.fxgl.audio.Music@44890ca0
17:48:58.991 [JavaFX Application Thread] DEBUG AudioPlayer          - Playing music com.almasb.fxgl.audio.Music@44890ca0
17:48:59.118 [JavaFX Application Thread] DEBUG AudioPlayer          - Playing music com.almasb.fxgl.audio.Music@44890ca0
17:48:59.263 [JavaFX Application Thread] DEBUG AudioPlayer          - Playing music com.almasb.fxgl.audio.Music@44890ca0
17:48:59.391 [JavaFX Application Thread] DEBUG AudioPlayer          - Playing music com.almasb.fxgl.audio.Music@44890ca0
17:48:59.504 [JavaFX Application Thread] DEBUG AudioPlayer          - Playing music com.almasb.fxgl.audio.Music@44890ca0
17:48:59.567 [JavaFX Application Thread] DEBUG AudioPlayer          - Playing music com.almasb.fxgl.audio.Music@44890ca0
17:48:59.615 [JavaFX Application Thread] DEBUG AudioPlayer          - Playing music com.almasb.fxgl.audio.Music@44890ca0
17:48:59.663 [JavaFX Application Thread] DEBUG AudioPlayer          - Playing music com.almasb.fxgl.audio.Music@44890ca0
17:48:59.727 [JavaFX Application Thread] DEBUG AudioPlayer          - Playing music com.almasb.fxgl.audio.Music@44890ca0
17:48:59.759 [JavaFX Application Thread] DEBUG AudioPlayer          - Playing music com.almasb.fxgl.audio.Music@44890ca0
17:48:59.903 [JavaFX Application Thread] DEBUG AudioPlayer          - Playing music com.almasb.fxgl.audio.Music@44890ca0
17:49:00.031 [JavaFX Application Thread] DEBUG AudioPlayer          - Playing music com.almasb.fxgl.audio.Music@44890ca0
17:49:00.175 [JavaFX Application Thread] DEBUG AudioPlayer          - Playing music com.almasb.fxgl.audio.Music@44890ca0
17:49:00.287 [JavaFX Application Thread] DEBUG AudioPlayer          - Playing music com.almasb.fxgl.audio.Music@174e0d3a
17:49:00.287 [JavaFX Application Thread] DEBUG AudioPlayer          - Playing music com.almasb.fxgl.audio.Music@44890ca0
17:49:00.448 [JavaFX Application Thread] DEBUG AudioPlayer          - Playing music com.almasb.fxgl.audio.Music@44890ca0
17:49:02.527 [JavaFX Application Thread] DEBUG AudioPlayer          - Playing music com.almasb.fxgl.audio.Music@44890ca0
17:49:02.558 [JavaFX Application Thread] DEBUG AudioPlayer          - Playing music com.almasb.fxgl.audio.Music@44890ca0
17:49:02.799 [JavaFX Application Thread] DEBUG AudioPlayer          - Playing music com.almasb.fxgl.audio.Music@44890ca0
17:49:02.927 [JavaFX Application Thread] DEBUG AudioPlayer          - Playing music com.almasb.fxgl.audio.Music@44890ca0
17:49:03.070 [JavaFX Application Thread] DEBUG AudioPlayer          - Playing music com.almasb.fxgl.audio.Music@44890ca0
17:49:03.199 [JavaFX Application Thread] DEBUG AudioPlayer          - Playing music com.almasb.fxgl.audio.Music@44890ca0
17:49:03.327 [JavaFX Application Thread] DEBUG AudioPlayer          - Playing music com.almasb.fxgl.audio.Music@44890ca0
17:49:03.454 [JavaFX Application Thread] DEBUG AudioPlayer          - Playing music com.almasb.fxgl.audio.Music@44890ca0
17:49:03.599 [JavaFX Application Thread] DEBUG AudioPlayer          - Playing music com.almasb.fxgl.audio.Music@44890ca0
17:49:03.727 [JavaFX Application Thread] DEBUG AudioPlayer          - Playing music com.almasb.fxgl.audio.Music@44890ca0
17:49:03.855 [JavaFX Application Thread] DEBUG AudioPlayer          - Playing music com.almasb.fxgl.audio.Music@44890ca0
17:49:04.015 [JavaFX Application Thread] DEBUG AudioPlayer          - Playing music com.almasb.fxgl.audio.Music@44890ca0
17:49:04.127 [JavaFX Application Thread] DEBUG AudioPlayer          - Playing music com.almasb.fxgl.audio.Music@44890ca0
17:49:04.255 [JavaFX Application Thread] DEBUG AudioPlayer          - Playing music com.almasb.fxgl.audio.Music@44890ca0
17:49:04.381 [JavaFX Application Thread] DEBUG AudioPlayer          - Playing music com.almasb.fxgl.audio.Music@44890ca0
17:49:04.545 [JavaFX Application Thread] DEBUG AudioPlayer          - Playing music com.almasb.fxgl.audio.Music@44890ca0
17:49:04.655 [JavaFX Application Thread] DEBUG AudioPlayer          - Playing music com.almasb.fxgl.audio.Music@44890ca0
17:49:04.783 [JavaFX Application Thread] DEBUG AudioPlayer          - Playing music com.almasb.fxgl.audio.Music@44890ca0
17:49:04.911 [JavaFX Application Thread] DEBUG AudioPlayer          - Playing music com.almasb.fxgl.audio.Music@44890ca0
17:49:05.071 [JavaFX Application Thread] DEBUG AudioPlayer          - Playing music com.almasb.fxgl.audio.Music@6befa1e0
17:49:06.495 [JavaFX Application Thread] DEBUG AudioPlayer          - Playing music com.almasb.fxgl.audio.Music@174e0d3a
17:49:08.366 [JavaFX Application Thread] DEBUG AudioPlayer          - Playing music com.almasb.fxgl.audio.Music@44890ca0
17:49:08.495 [JavaFX Application Thread] DEBUG AudioPlayer          - Playing music com.almasb.fxgl.audio.Music@44890ca0
17:49:08.623 [JavaFX Application Thread] DEBUG AudioPlayer          - Playing music com.almasb.fxgl.audio.Music@44890ca0
17:49:08.751 [JavaFX Application Thread] DEBUG AudioPlayer          - Playing music com.almasb.fxgl.audio.Music@44890ca0
17:49:08.846 [JavaFX Application Thread] DEBUG AudioPlayer          - Playing music com.almasb.fxgl.audio.Music@44890ca0
17:49:08.879 [JavaFX Application Thread] DEBUG AudioPlayer          - Playing music com.almasb.fxgl.audio.Music@44890ca0
17:49:08.880 [JavaFX Application Thread] DEBUG AudioPlayer          - Playing music com.almasb.fxgl.audio.Music@44890ca0
17:49:08.943 [JavaFX Application Thread] DEBUG AudioPlayer          - Playing music com.almasb.fxgl.audio.Music@44890ca0
17:49:09.071 [JavaFX Application Thread] DEBUG AudioPlayer          - Playing music com.almasb.fxgl.audio.Music@44890ca0
17:49:09.200 [JavaFX Application Thread] DEBUG AudioPlayer          - Playing music com.almasb.fxgl.audio.Music@6befa1e0
17:49:09.502 [JavaFX Application Thread] DEBUG AudioPlayer          - Playing music com.almasb.fxgl.audio.Music@174e0d3a
17:49:11.070 [JavaFX Application Thread] DEBUG AudioPlayer          - Playing music com.almasb.fxgl.audio.Music@44890ca0
17:49:11.198 [JavaFX Application Thread] DEBUG AudioPlayer          - Playing music com.almasb.fxgl.audio.Music@44890ca0
17:49:11.295 [JavaFX Application Thread] DEBUG AudioPlayer          - Playing music com.almasb.fxgl.audio.Music@44890ca0
17:49:11.343 [JavaFX Application Thread] DEBUG AudioPlayer          - Playing music com.almasb.fxgl.audio.Music@44890ca0
17:49:11.390 [JavaFX Application Thread] DEBUG AudioPlayer          - Playing music com.almasb.fxgl.audio.Music@6befa1e0
17:49:11.534 [JavaFX Application Thread] DEBUG AudioPlayer          - Playing music com.almasb.fxgl.audio.Music@44890ca0
17:49:11.663 [JavaFX Application Thread] DEBUG AudioPlayer          - Playing music com.almasb.fxgl.audio.Music@44890ca0
17:49:11.791 [JavaFX Application Thread] DEBUG AudioPlayer          - Playing music com.almasb.fxgl.audio.Music@44890ca0
17:49:11.919 [JavaFX Application Thread] DEBUG AudioPlayer          - Playing music com.almasb.fxgl.audio.Music@44890ca0
17:49:12.046 [JavaFX Application Thread] DEBUG AudioPlayer          - Playing music com.almasb.fxgl.audio.Music@44890ca0
17:49:12.191 [JavaFX Application Thread] DEBUG AudioPlayer          - Playing music com.almasb.fxgl.audio.Music@44890ca0
17:49:12.319 [JavaFX Application Thread] DEBUG AudioPlayer          - Playing music com.almasb.fxgl.audio.Music@6befa1e0
17:49:16.911 [JavaFX Application Thread] DEBUG AudioPlayer          - Playing music com.almasb.fxgl.audio.Music@44890ca0
17:49:17.039 [JavaFX Application Thread] DEBUG AudioPlayer          - Playing music com.almasb.fxgl.audio.Music@44890ca0
17:49:17.167 [JavaFX Application Thread] DEBUG AudioPlayer          - Playing music com.almasb.fxgl.audio.Music@44890ca0
17:49:17.294 [JavaFX Application Thread] DEBUG AudioPlayer          - Playing music com.almasb.fxgl.audio.Music@44890ca0
17:49:17.443 [JavaFX Application Thread] DEBUG AudioPlayer          - Playing music com.almasb.fxgl.audio.Music@44890ca0
17:49:17.567 [JavaFX Application Thread] DEBUG AudioPlayer          - Playing music com.almasb.fxgl.audio.Music@44890ca0
17:49:17.727 [JavaFX Application Thread] DEBUG AudioPlayer          - Playing music com.almasb.fxgl.audio.Music@44890ca0
17:49:17.910 [JavaFX Application Thread] DEBUG AudioPlayer          - Playing music com.almasb.fxgl.audio.Music@44890ca0
17:49:18.126 [JavaFX Application Thread] DEBUG AudioPlayer          - Playing music com.almasb.fxgl.audio.Music@44890ca0
17:49:18.254 [JavaFX Application Thread] DEBUG AudioPlayer          - Playing music com.almasb.fxgl.audio.Music@44890ca0
17:49:18.382 [JavaFX Application Thread] DEBUG AudioPlayer          - Playing music com.almasb.fxgl.audio.Music@44890ca0
17:49:18.510 [JavaFX Application Thread] DEBUG AudioPlayer          - Playing music com.almasb.fxgl.audio.Music@44890ca0
17:49:18.638 [JavaFX Application Thread] DEBUG AudioPlayer          - Playing music com.almasb.fxgl.audio.Music@44890ca0
17:49:18.765 [JavaFX Application Thread] DEBUG AudioPlayer          - Playing music com.almasb.fxgl.audio.Music@44890ca0
17:49:18.895 [JavaFX Application Thread] DEBUG AudioPlayer          - Playing music com.almasb.fxgl.audio.Music@44890ca0
17:49:19.039 [JavaFX Application Thread] DEBUG AudioPlayer          - Playing music com.almasb.fxgl.audio.Music@44890ca0
17:49:19.166 [JavaFX Application Thread] DEBUG AudioPlayer          - Playing music com.almasb.fxgl.audio.Music@44890ca0
17:49:19.279 [JavaFX Application Thread] DEBUG AudioPlayer          - Playing music com.almasb.fxgl.audio.Music@44890ca0
17:49:19.423 [JavaFX Application Thread] DEBUG AudioPlayer          - Playing music com.almasb.fxgl.audio.Music@44890ca0
17:49:19.470 [JavaFX Application Thread] DEBUG AudioPlayer          - Playing music com.almasb.fxgl.audio.Music@174e0d3a
17:49:19.550 [JavaFX Application Thread] DEBUG AudioPlayer          - Playing music com.almasb.fxgl.audio.Music@44890ca0
17:49:19.759 [JavaFX Application Thread] DEBUG AudioPlayer          - Playing music com.almasb.fxgl.audio.Music@44890ca0
17:49:19.999 [JavaFX Application Thread] DEBUG AudioPlayer          - Playing music com.almasb.fxgl.audio.Music@44890ca0
17:49:20.208 [JavaFX Application Thread] DEBUG AudioPlayer          - Playing music com.almasb.fxgl.audio.Music@44890ca0
17:49:20.367 [JavaFX Application Thread] DEBUG AudioPlayer          - Playing music com.almasb.fxgl.audio.Music@44890ca0
17:49:20.542 [JavaFX Application Thread] DEBUG AudioPlayer          - Playing music com.almasb.fxgl.audio.Music@44890ca0
17:49:20.670 [JavaFX Application Thread] DEBUG AudioPlayer          - Playing music com.almasb.fxgl.audio.Music@44890ca0
17:49:20.815 [JavaFX Application Thread] DEBUG AudioPlayer          - Playing music com.almasb.fxgl.audio.Music@44890ca0
17:49:20.927 [JavaFX Application Thread] DEBUG AudioPlayer          - Playing music com.almasb.fxgl.audio.Music@44890ca0
17:49:21.055 [JavaFX Application Thread] DEBUG AudioPlayer          - Playing music com.almasb.fxgl.audio.Music@44890ca0
17:49:21.183 [JavaFX Application Thread] DEBUG AudioPlayer          - Playing music com.almasb.fxgl.audio.Music@44890ca0
17:49:21.310 [JavaFX Application Thread] DEBUG AudioPlayer          - Playing music com.almasb.fxgl.audio.Music@44890ca0
17:49:21.439 [JavaFX Application Thread] DEBUG AudioPlayer          - Playing music com.almasb.fxgl.audio.Music@44890ca0
17:49:21.567 [JavaFX Application Thread] DEBUG AudioPlayer          - Playing music com.almasb.fxgl.audio.Music@44890ca0
17:49:21.695 [JavaFX Application Thread] DEBUG AudioPlayer          - Playing music com.almasb.fxgl.audio.Music@44890ca0
17:49:21.838 [JavaFX Application Thread] DEBUG AudioPlayer          - Playing music com.almasb.fxgl.audio.Music@44890ca0
17:49:21.966 [JavaFX Application Thread] DEBUG AudioPlayer          - Playing music com.almasb.fxgl.audio.Music@44890ca0
17:49:22.095 [JavaFX Application Thread] DEBUG AudioPlayer          - Playing music com.almasb.fxgl.audio.Music@44890ca0
17:49:22.239 [JavaFX Application Thread] DEBUG AudioPlayer          - Playing music com.almasb.fxgl.audio.Music@44890ca0
17:49:22.351 [JavaFX Application Thread] DEBUG AudioPlayer          - Playing music com.almasb.fxgl.audio.Music@44890ca0
17:49:22.495 [JavaFX Application Thread] DEBUG AudioPlayer          - Playing music com.almasb.fxgl.audio.Music@44890ca0
17:49:22.607 [JavaFX Application Thread] DEBUG AudioPlayer          - Playing music com.almasb.fxgl.audio.Music@44890ca0
17:49:22.733 [JavaFX Application Thread] DEBUG AudioPlayer          - Playing music com.almasb.fxgl.audio.Music@44890ca0
17:49:22.863 [JavaFX Application Thread] DEBUG AudioPlayer          - Playing music com.almasb.fxgl.audio.Music@44890ca0
17:49:22.991 [JavaFX Application Thread] DEBUG AudioPlayer          - Playing music com.almasb.fxgl.audio.Music@44890ca0
17:49:23.119 [JavaFX Application Thread] DEBUG AudioPlayer          - Playing music com.almasb.fxgl.audio.Music@44890ca0
17:49:23.263 [JavaFX Application Thread] DEBUG AudioPlayer          - Playing music com.almasb.fxgl.audio.Music@44890ca0
17:49:23.375 [JavaFX Application Thread] DEBUG AudioPlayer          - Playing music com.almasb.fxgl.audio.Music@174e0d3a
17:49:23.391 [JavaFX Application Thread] DEBUG AudioPlayer          - Playing music com.almasb.fxgl.audio.Music@44890ca0
17:49:23.535 [JavaFX Application Thread] DEBUG AudioPlayer          - Playing music com.almasb.fxgl.audio.Music@44890ca0
17:49:23.663 [JavaFX Application Thread] DEBUG AudioPlayer          - Playing music com.almasb.fxgl.audio.Music@44890ca0
17:49:23.806 [JavaFX Application Thread] DEBUG AudioPlayer          - Playing music com.almasb.fxgl.audio.Music@44890ca0
17:49:23.934 [JavaFX Application Thread] DEBUG AudioPlayer          - Playing music com.almasb.fxgl.audio.Music@44890ca0
17:49:24.062 [JavaFX Application Thread] DEBUG AudioPlayer          - Playing music com.almasb.fxgl.audio.Music@44890ca0
17:49:24.206 [JavaFX Application Thread] DEBUG AudioPlayer          - Playing music com.almasb.fxgl.audio.Music@44890ca0
17:49:24.334 [JavaFX Application Thread] DEBUG AudioPlayer          - Playing music com.almasb.fxgl.audio.Music@44890ca0
17:49:24.462 [JavaFX Application Thread] DEBUG AudioPlayer          - Playing music com.almasb.fxgl.audio.Music@44890ca0
17:49:24.590 [JavaFX Application Thread] DEBUG AudioPlayer          - Playing music com.almasb.fxgl.audio.Music@44890ca0
17:49:24.734 [JavaFX Application Thread] DEBUG AudioPlayer          - Playing music com.almasb.fxgl.audio.Music@44890ca0
17:49:24.862 [JavaFX Application Thread] DEBUG AudioPlayer          - Playing music com.almasb.fxgl.audio.Music@44890ca0
17:49:25.023 [JavaFX Application Thread] DEBUG AudioPlayer          - Playing music com.almasb.fxgl.audio.Music@44890ca0
17:49:25.134 [JavaFX Application Thread] DEBUG AudioPlayer          - Playing music com.almasb.fxgl.audio.Music@6befa1e0
17:49:26.351 [JavaFX Application Thread] DEBUG AudioPlayer          - Playing music com.almasb.fxgl.audio.Music@44890ca0
17:49:26.447 [JavaFX Application Thread] DEBUG AudioPlayer          - Playing music com.almasb.fxgl.audio.Music@44890ca0
17:49:26.575 [JavaFX Application Thread] DEBUG AudioPlayer          - Playing music com.almasb.fxgl.audio.Music@44890ca0
17:49:26.670 [JavaFX Application Thread] DEBUG AudioPlayer          - Playing music com.almasb.fxgl.audio.Music@44890ca0
17:49:26.813 [JavaFX Application Thread] DEBUG AudioPlayer          - Playing music com.almasb.fxgl.audio.Music@44890ca0
17:49:26.910 [JavaFX Application Thread] DEBUG AudioPlayer          - Playing music com.almasb.fxgl.audio.Music@44890ca0
17:49:27.038 [JavaFX Application Thread] DEBUG AudioPlayer          - Playing music com.almasb.fxgl.audio.Music@44890ca0
17:49:27.150 [JavaFX Application Thread] DEBUG AudioPlayer          - Playing music com.almasb.fxgl.audio.Music@44890ca0
17:49:27.294 [JavaFX Application Thread] DEBUG AudioPlayer          - Playing music com.almasb.fxgl.audio.Music@44890ca0
17:49:27.390 [JavaFX Application Thread] DEBUG AudioPlayer          - Playing music com.almasb.fxgl.audio.Music@44890ca0
17:49:27.502 [JavaFX Application Thread] DEBUG AudioPlayer          - Playing music com.almasb.fxgl.audio.Music@44890ca0
17:49:27.630 [JavaFX Application Thread] DEBUG AudioPlayer          - Playing music com.almasb.fxgl.audio.Music@44890ca0
17:49:27.757 [JavaFX Application Thread] DEBUG AudioPlayer          - Playing music com.almasb.fxgl.audio.Music@44890ca0
17:49:27.871 [JavaFX Application Thread] DEBUG AudioPlayer          - Playing music com.almasb.fxgl.audio.Music@44890ca0
17:49:27.982 [JavaFX Application Thread] DEBUG AudioPlayer          - Playing music com.almasb.fxgl.audio.Music@44890ca0
17:49:28.091 [JavaFX Application Thread] DEBUG AudioPlayer          - Playing music com.almasb.fxgl.audio.Music@44890ca0
17:49:28.218 [JavaFX Application Thread] DEBUG AudioPlayer          - Playing music com.almasb.fxgl.audio.Music@44890ca0
17:49:28.333 [JavaFX Application Thread] DEBUG AudioPlayer          - Playing music com.almasb.fxgl.audio.Music@44890ca0
17:49:28.446 [JavaFX Application Thread] DEBUG AudioPlayer          - Playing music com.almasb.fxgl.audio.Music@44890ca0
17:49:28.570 [JavaFX Application Thread] DEBUG AudioPlayer          - Playing music com.almasb.fxgl.audio.Music@44890ca0
17:49:30.239 [JavaFX Application Thread] DEBUG AudioPlayer          - Playing music com.almasb.fxgl.audio.Music@44890ca0
17:49:30.382 [JavaFX Application Thread] DEBUG AudioPlayer          - Playing music com.almasb.fxgl.audio.Music@44890ca0
17:49:30.510 [JavaFX Application Thread] DEBUG AudioPlayer          - Playing music com.almasb.fxgl.audio.Music@44890ca0
17:49:30.639 [JavaFX Application Thread] DEBUG AudioPlayer          - Playing music com.almasb.fxgl.audio.Music@44890ca0
17:49:30.764 [JavaFX Application Thread] DEBUG AudioPlayer          - Playing music com.almasb.fxgl.audio.Music@44890ca0
17:49:30.895 [JavaFX Application Thread] DEBUG AudioPlayer          - Playing music com.almasb.fxgl.audio.Music@44890ca0
17:49:31.022 [JavaFX Application Thread] DEBUG AudioPlayer          - Playing music com.almasb.fxgl.audio.Music@44890ca0
17:49:31.150 [JavaFX Application Thread] DEBUG AudioPlayer          - Playing music com.almasb.fxgl.audio.Music@44890ca0
17:49:31.279 [JavaFX Application Thread] DEBUG AudioPlayer          - Playing music com.almasb.fxgl.audio.Music@44890ca0
17:49:31.407 [JavaFX Application Thread] DEBUG AudioPlayer          - Playing music com.almasb.fxgl.audio.Music@44890ca0
17:49:31.534 [JavaFX Application Thread] DEBUG AudioPlayer          - Playing music com.almasb.fxgl.audio.Music@44890ca0
17:49:31.678 [JavaFX Application Thread] DEBUG AudioPlayer          - Playing music com.almasb.fxgl.audio.Music@44890ca0
17:49:31.807 [JavaFX Application Thread] DEBUG AudioPlayer          - Playing music com.almasb.fxgl.audio.Music@44890ca0
17:49:31.934 [JavaFX Application Thread] DEBUG AudioPlayer          - Playing music com.almasb.fxgl.audio.Music@44890ca0
17:49:32.062 [JavaFX Application Thread] DEBUG AudioPlayer          - Playing music com.almasb.fxgl.audio.Music@44890ca0
17:49:32.190 [JavaFX Application Thread] DEBUG AudioPlayer          - Playing music com.almasb.fxgl.audio.Music@44890ca0
17:49:32.318 [JavaFX Application Thread] DEBUG AudioPlayer          - Playing music com.almasb.fxgl.audio.Music@174e0d3a
17:49:32.319 [JavaFX Application Thread] DEBUG AudioPlayer          - Playing music com.almasb.fxgl.audio.Music@44890ca0
17:49:32.447 [JavaFX Application Thread] DEBUG AudioPlayer          - Playing music com.almasb.fxgl.audio.Music@44890ca0
17:49:32.590 [JavaFX Application Thread] DEBUG AudioPlayer          - Playing music com.almasb.fxgl.audio.Music@44890ca0
17:49:32.703 [JavaFX Application Thread] DEBUG AudioPlayer          - Playing music com.almasb.fxgl.audio.Music@44890ca0
17:49:32.829 [JavaFX Application Thread] DEBUG AudioPlayer          - Playing music com.almasb.fxgl.audio.Music@44890ca0
17:49:32.958 [JavaFX Application Thread] DEBUG AudioPlayer          - Playing music com.almasb.fxgl.audio.Music@44890ca0
17:49:33.087 [JavaFX Application Thread] DEBUG AudioPlayer          - Playing music com.almasb.fxgl.audio.Music@44890ca0
17:49:33.215 [JavaFX Application Thread] DEBUG AudioPlayer          - Playing music com.almasb.fxgl.audio.Music@44890ca0
17:49:33.343 [JavaFX Application Thread] DEBUG AudioPlayer          - Playing music com.almasb.fxgl.audio.Music@44890ca0
17:49:33.471 [JavaFX Application Thread] DEBUG AudioPlayer          - Playing music com.almasb.fxgl.audio.Music@44890ca0
17:49:33.631 [JavaFX Application Thread] DEBUG AudioPlayer          - Playing music com.almasb.fxgl.audio.Music@44890ca0
17:49:33.743 [JavaFX Application Thread] DEBUG AudioPlayer          - Playing music com.almasb.fxgl.audio.Music@44890ca0
17:49:33.903 [JavaFX Application Thread] DEBUG AudioPlayer          - Playing music com.almasb.fxgl.audio.Music@44890ca0
17:49:34.014 [JavaFX Application Thread] DEBUG AudioPlayer          - Playing music com.almasb.fxgl.audio.Music@44890ca0
17:49:34.142 [JavaFX Application Thread] DEBUG AudioPlayer          - Playing music com.almasb.fxgl.audio.Music@44890ca0
17:49:34.302 [JavaFX Application Thread] DEBUG AudioPlayer          - Playing music com.almasb.fxgl.audio.Music@44890ca0
17:49:34.383 [JavaFX Application Thread] DEBUG AudioPlayer          - Playing music com.almasb.fxgl.audio.Music@44890ca0
17:49:34.383 [JavaFX Application Thread] DEBUG AudioPlayer          - Playing music com.almasb.fxgl.audio.Music@44890ca0
17:49:34.399 [JavaFX Application Thread] DEBUG AudioPlayer          - Playing music com.almasb.fxgl.audio.Music@44890ca0
17:49:34.430 [JavaFX Application Thread] DEBUG AudioPlayer          - Playing music com.almasb.fxgl.audio.Music@44890ca0
17:49:34.575 [JavaFX Application Thread] DEBUG AudioPlayer          - Playing music com.almasb.fxgl.audio.Music@44890ca0
17:49:34.703 [JavaFX Application Thread] DEBUG AudioPlayer          - Playing music com.almasb.fxgl.audio.Music@44890ca0
17:49:34.847 [JavaFX Application Thread] DEBUG AudioPlayer          - Playing music com.almasb.fxgl.audio.Music@44890ca0
17:49:34.958 [JavaFX Application Thread] DEBUG AudioPlayer          - Playing music com.almasb.fxgl.audio.Music@6befa1e0
17:49:36.189 [JavaFX Application Thread] DEBUG AudioPlayer          - Playing music com.almasb.fxgl.audio.Music@44890ca0
17:49:36.255 [JavaFX Application Thread] DEBUG AudioPlayer          - Playing music com.almasb.fxgl.audio.Music@44890ca0
17:49:36.366 [JavaFX Application Thread] DEBUG AudioPlayer          - Playing music com.almasb.fxgl.audio.Music@44890ca0
17:49:36.477 [JavaFX Application Thread] DEBUG AudioPlayer          - Playing music com.almasb.fxgl.audio.Music@44890ca0
17:49:36.590 [JavaFX Application Thread] DEBUG AudioPlayer          - Playing music com.almasb.fxgl.audio.Music@44890ca0
17:49:36.718 [JavaFX Application Thread] DEBUG AudioPlayer          - Playing music com.almasb.fxgl.audio.Music@44890ca0
17:49:36.847 [JavaFX Application Thread] DEBUG AudioPlayer          - Playing music com.almasb.fxgl.audio.Music@44890ca0
17:49:36.975 [JavaFX Application Thread] DEBUG AudioPlayer          - Playing music com.almasb.fxgl.audio.Music@44890ca0
17:49:37.087 [JavaFX Application Thread] DEBUG AudioPlayer          - Playing music com.almasb.fxgl.audio.Music@44890ca0
17:49:37.213 [JavaFX Application Thread] DEBUG AudioPlayer          - Playing music com.almasb.fxgl.audio.Music@44890ca0
17:49:37.310 [JavaFX Application Thread] DEBUG AudioPlayer          - Playing music com.almasb.fxgl.audio.Music@44890ca0
17:49:37.422 [JavaFX Application Thread] DEBUG AudioPlayer          - Playing music com.almasb.fxgl.audio.Music@44890ca0
17:49:37.662 [JavaFX Application Thread] DEBUG AudioPlayer          - Playing music com.almasb.fxgl.audio.Music@44890ca0
17:49:37.870 [JavaFX Application Thread] DEBUG AudioPlayer          - Playing music com.almasb.fxgl.audio.Music@44890ca0
17:49:38.079 [JavaFX Application Thread] DEBUG AudioPlayer          - Playing music com.almasb.fxgl.audio.Music@44890ca0
17:49:38.302 [JavaFX Application Thread] DEBUG AudioPlayer          - Playing music com.almasb.fxgl.audio.Music@44890ca0
17:49:38.414 [JavaFX Application Thread] DEBUG AudioPlayer          - Playing music com.almasb.fxgl.audio.Music@44890ca0
17:49:38.527 [JavaFX Application Thread] DEBUG AudioPlayer          - Playing music com.almasb.fxgl.audio.Music@44890ca0
17:49:38.654 [JavaFX Application Thread] DEBUG AudioPlayer          - Playing music com.almasb.fxgl.audio.Music@44890ca0
17:49:42.014 [JavaFX Application Thread] DEBUG AudioPlayer          - Playing music com.almasb.fxgl.audio.Music@174e0d3a
17:49:45.599 [JavaFX Application Thread] DEBUG AudioPlayer          - Playing music com.almasb.fxgl.audio.Music@174e0d3a
17:49:47.983 [JavaFX Application Thread] DEBUG AudioPlayer          - Playing music com.almasb.fxgl.audio.Music@44890ca0
17:49:48.127 [JavaFX Application Thread] DEBUG AudioPlayer          - Playing music com.almasb.fxgl.audio.Music@44890ca0
17:49:48.254 [JavaFX Application Thread] DEBUG AudioPlayer          - Playing music com.almasb.fxgl.audio.Music@44890ca0
17:49:48.398 [JavaFX Application Thread] DEBUG AudioPlayer          - Playing music com.almasb.fxgl.audio.Music@44890ca0
17:49:48.527 [JavaFX Application Thread] DEBUG AudioPlayer          - Playing music com.almasb.fxgl.audio.Music@44890ca0
17:49:48.623 [JavaFX Application Thread] DEBUG AudioPlayer          - Playing music com.almasb.fxgl.audio.Music@174e0d3a
17:49:51.007 [JavaFX Application Thread] DEBUG AudioPlayer          - Playing music com.almasb.fxgl.audio.Music@44890ca0
17:49:51.151 [JavaFX Application Thread] DEBUG AudioPlayer          - Playing music com.almasb.fxgl.audio.Music@44890ca0
17:49:51.296 [JavaFX Application Thread] DEBUG AudioPlayer          - Playing music com.almasb.fxgl.audio.Music@44890ca0
17:49:51.407 [JavaFX Application Thread] DEBUG AudioPlayer          - Playing music com.almasb.fxgl.audio.Music@44890ca0
17:49:51.535 [JavaFX Application Thread] DEBUG AudioPlayer          - Playing music com.almasb.fxgl.audio.Music@44890ca0
17:49:51.647 [JavaFX Application Thread] DEBUG AudioPlayer          - Playing music com.almasb.fxgl.audio.Music@174e0d3a
17:49:54.734 [JavaFX Application Thread] DEBUG AudioPlayer          - Playing music com.almasb.fxgl.audio.Music@174e0d3a
17:49:57.790 [JavaFX Application Thread] DEBUG AudioPlayer          - Playing music com.almasb.fxgl.audio.Music@174e0d3a
17:50:00.831 [JavaFX Application Thread] DEBUG AudioPlayer          - Playing music com.almasb.fxgl.audio.Music@44890ca0
17:50:00.878 [JavaFX Application Thread] DEBUG AudioPlayer          - Playing music com.almasb.fxgl.audio.Music@174e0d3a
17:50:03.200 [JavaFX Application Thread] DEBUG AudioPlayer          - Playing music com.almasb.fxgl.audio.Music@44890ca0
17:50:03.327 [JavaFX Application Thread] DEBUG AudioPlayer          - Playing music com.almasb.fxgl.audio.Music@44890ca0
17:50:03.455 [JavaFX Application Thread] DEBUG AudioPlayer          - Playing music com.almasb.fxgl.audio.Music@44890ca0
17:50:03.583 [JavaFX Application Thread] DEBUG AudioPlayer          - Playing music com.almasb.fxgl.audio.Music@44890ca0
17:50:03.726 [JavaFX Application Thread] DEBUG AudioPlayer          - Playing music com.almasb.fxgl.audio.Music@44890ca0
17:50:03.854 [JavaFX Application Thread] DEBUG AudioPlayer          - Playing music com.almasb.fxgl.audio.Music@44890ca0
17:50:03.983 [JavaFX Application Thread] DEBUG AudioPlayer          - Playing music com.almasb.fxgl.audio.Music@44890ca0
17:50:03.997 [JavaFX Application Thread] DEBUG AudioPlayer          - Playing music com.almasb.fxgl.audio.Music@174e0d3a
17:50:06.191 [JavaFX Application Thread] DEBUG AudioPlayer          - Playing music com.almasb.fxgl.audio.Music@44890ca0
17:50:06.335 [JavaFX Application Thread] DEBUG AudioPlayer          - Playing music com.almasb.fxgl.audio.Music@44890ca0
17:50:06.592 [JavaFX Application Thread] DEBUG AudioPlayer          - Playing music com.almasb.fxgl.audio.Music@44890ca0
17:50:07.103 [JavaFX Application Thread] DEBUG AudioPlayer          - Playing music com.almasb.fxgl.audio.Music@174e0d3a
17:50:07.103 [JavaFX Application Thread] DEBUG AudioPlayer          - Playing music com.almasb.fxgl.audio.Music@44890ca0
17:50:09.230 [JavaFX Application Thread] DEBUG AudioPlayer          - Playing music com.almasb.fxgl.audio.Music@44890ca0
17:50:09.359 [JavaFX Application Thread] DEBUG AudioPlayer          - Playing music com.almasb.fxgl.audio.Music@44890ca0
17:50:09.486 [JavaFX Application Thread] DEBUG AudioPlayer          - Playing music com.almasb.fxgl.audio.Music@44890ca0
17:50:09.631 [JavaFX Application Thread] DEBUG AudioPlayer          - Playing music com.almasb.fxgl.audio.Music@44890ca0
17:50:09.759 [JavaFX Application Thread] DEBUG AudioPlayer          - Playing music com.almasb.fxgl.audio.Music@44890ca0
17:50:09.887 [JavaFX Application Thread] DEBUG AudioPlayer          - Playing music com.almasb.fxgl.audio.Music@44890ca0
17:50:10.031 [JavaFX Application Thread] DEBUG AudioPlayer          - Playing music com.almasb.fxgl.audio.Music@44890ca0
17:50:10.142 [JavaFX Application Thread] DEBUG AudioPlayer          - Playing music com.almasb.fxgl.audio.Music@44890ca0
17:50:10.207 [JavaFX Application Thread] DEBUG AudioPlayer          - Playing music com.almasb.fxgl.audio.Music@174e0d3a
17:50:12.447 [JavaFX Application Thread] DEBUG AudioPlayer          - Playing music com.almasb.fxgl.audio.Music@44890ca0
17:50:13.297 [JavaFX Application Thread] DEBUG AudioPlayer          - Playing music com.almasb.fxgl.audio.Music@44890ca0
17:50:13.359 [JavaFX Application Thread] DEBUG AudioPlayer          - Playing music com.almasb.fxgl.audio.Music@44890ca0
17:50:13.375 [JavaFX Application Thread] DEBUG AudioPlayer          - Playing music com.almasb.fxgl.audio.Music@174e0d3a
17:50:16.143 [JavaFX Application Thread] DEBUG AudioPlayer          - Playing music com.almasb.fxgl.audio.Music@44890ca0
17:50:16.527 [JavaFX Application Thread] DEBUG AudioPlayer          - Playing music com.almasb.fxgl.audio.Music@174e0d3a
17:50:18.799 [JavaFX Application Thread] DEBUG AudioPlayer          - Playing music com.almasb.fxgl.audio.Music@44890ca0
17:50:18.863 [JavaFX Application Thread] DEBUG AudioPlayer          - Playing music com.almasb.fxgl.audio.Music@44890ca0
17:50:18.975 [JavaFX Application Thread] DEBUG AudioPlayer          - Playing music com.almasb.fxgl.audio.Music@44890ca0
17:50:19.102 [JavaFX Application Thread] DEBUG AudioPlayer          - Playing music com.almasb.fxgl.audio.Music@44890ca0
17:50:19.231 [JavaFX Application Thread] DEBUG AudioPlayer          - Playing music com.almasb.fxgl.audio.Music@44890ca0
17:50:19.359 [JavaFX Application Thread] DEBUG AudioPlayer          - Playing music com.almasb.fxgl.audio.Music@44890ca0
17:50:19.487 [JavaFX Application Thread] DEBUG AudioPlayer          - Playing music com.almasb.fxgl.audio.Music@6befa1e0
17:50:19.535 [JavaFX Application Thread] DEBUG AudioPlayer          - Playing music com.almasb.fxgl.audio.Music@174e0d3a
17:50:20.895 [JavaFX Application Thread] DEBUG AudioPlayer          - Playing music com.almasb.fxgl.audio.Music@44890ca0
17:50:21.009 [JavaFX Application Thread] DEBUG AudioPlayer          - Playing music com.almasb.fxgl.audio.Music@44890ca0
17:50:21.134 [JavaFX Application Thread] DEBUG AudioPlayer          - Playing music com.almasb.fxgl.audio.Music@44890ca0
17:50:21.246 [JavaFX Application Thread] DEBUG AudioPlayer          - Playing music com.almasb.fxgl.audio.Music@44890ca0
17:50:21.358 [JavaFX Application Thread] DEBUG AudioPlayer          - Playing music com.almasb.fxgl.audio.Music@44890ca0
17:50:21.471 [JavaFX Application Thread] DEBUG AudioPlayer          - Playing music com.almasb.fxgl.audio.Music@44890ca0
17:50:21.582 [JavaFX Application Thread] DEBUG AudioPlayer          - Playing music com.almasb.fxgl.audio.Music@44890ca0
17:50:21.710 [JavaFX Application Thread] DEBUG AudioPlayer          - Playing music com.almasb.fxgl.audio.Music@44890ca0
17:50:21.807 [JavaFX Application Thread] DEBUG AudioPlayer          - Playing music com.almasb.fxgl.audio.Music@44890ca0
17:50:21.935 [JavaFX Application Thread] DEBUG AudioPlayer          - Playing music com.almasb.fxgl.audio.Music@44890ca0
17:50:22.063 [JavaFX Application Thread] DEBUG AudioPlayer          - Playing music com.almasb.fxgl.audio.Music@44890ca0
17:50:22.158 [JavaFX Application Thread] DEBUG AudioPlayer          - Playing music com.almasb.fxgl.audio.Music@44890ca0
17:50:22.286 [JavaFX Application Thread] DEBUG AudioPlayer          - Playing music com.almasb.fxgl.audio.Music@44890ca0
17:50:22.392 [JavaFX Application Thread] DEBUG AudioPlayer          - Playing music com.almasb.fxgl.audio.Music@44890ca0
17:50:22.508 [JavaFX Application Thread] DEBUG AudioPlayer          - Playing music com.almasb.fxgl.audio.Music@44890ca0
17:50:22.622 [JavaFX Application Thread] DEBUG AudioPlayer          - Playing music com.almasb.fxgl.audio.Music@44890ca0
17:50:22.749 [JavaFX Application Thread] DEBUG AudioPlayer          - Playing music com.almasb.fxgl.audio.Music@44890ca0
17:50:22.862 [JavaFX Application Thread] DEBUG AudioPlayer          - Playing music com.almasb.fxgl.audio.Music@44890ca0
17:50:22.991 [JavaFX Application Thread] DEBUG AudioPlayer          - Playing music com.almasb.fxgl.audio.Music@44890ca0
17:50:23.101 [JavaFX Application Thread] DEBUG AudioPlayer          - Playing music com.almasb.fxgl.audio.Music@44890ca0
17:50:23.214 [JavaFX Application Thread] DEBUG AudioPlayer          - Playing music com.almasb.fxgl.audio.Music@44890ca0
17:50:23.326 [JavaFX Application Thread] DEBUG AudioPlayer          - Playing music com.almasb.fxgl.audio.Music@44890ca0
17:50:23.437 [JavaFX Application Thread] DEBUG AudioPlayer          - Playing music com.almasb.fxgl.audio.Music@44890ca0
17:50:23.567 [JavaFX Application Thread] DEBUG AudioPlayer          - Playing music com.almasb.fxgl.audio.Music@44890ca0
17:50:23.678 [JavaFX Application Thread] DEBUG AudioPlayer          - Playing music com.almasb.fxgl.audio.Music@44890ca0
17:50:23.789 [JavaFX Application Thread] DEBUG AudioPlayer          - Playing music com.almasb.fxgl.audio.Music@44890ca0
17:50:23.902 [JavaFX Application Thread] DEBUG AudioPlayer          - Playing music com.almasb.fxgl.audio.Music@44890ca0
17:50:24.025 [JavaFX Application Thread] DEBUG AudioPlayer          - Playing music com.almasb.fxgl.audio.Music@44890ca0
17:50:24.157 [JavaFX Application Thread] DEBUG AudioPlayer          - Playing music com.almasb.fxgl.audio.Music@44890ca0
17:50:24.304 [JavaFX Application Thread] DEBUG AudioPlayer          - Playing music com.almasb.fxgl.audio.Music@44890ca0
17:50:24.415 [JavaFX Application Thread] DEBUG AudioPlayer          - Playing music com.almasb.fxgl.audio.Music@44890ca0
17:50:24.543 [JavaFX Application Thread] DEBUG AudioPlayer          - Playing music com.almasb.fxgl.audio.Music@44890ca0
17:50:24.672 [JavaFX Application Thread] DEBUG AudioPlayer          - Playing music com.almasb.fxgl.audio.Music@44890ca0
17:50:24.815 [JavaFX Application Thread] DEBUG AudioPlayer          - Playing music com.almasb.fxgl.audio.Music@44890ca0
17:50:24.927 [JavaFX Application Thread] DEBUG AudioPlayer          - Playing music com.almasb.fxgl.audio.Music@44890ca0
17:50:25.039 [JavaFX Application Thread] DEBUG AudioPlayer          - Playing music com.almasb.fxgl.audio.Music@44890ca0
17:50:25.167 [JavaFX Application Thread] DEBUG AudioPlayer          - Playing music com.almasb.fxgl.audio.Music@44890ca0
17:50:25.310 [JavaFX Application Thread] DEBUG AudioPlayer          - Playing music com.almasb.fxgl.audio.Music@44890ca0
17:50:25.439 [JavaFX Application Thread] DEBUG AudioPlayer          - Playing music com.almasb.fxgl.audio.Music@44890ca0
17:50:25.551 [JavaFX Application Thread] DEBUG AudioPlayer          - Playing music com.almasb.fxgl.audio.Music@44890ca0
17:50:27.534 [JavaFX Application Thread] DEBUG AudioPlayer          - Playing music com.almasb.fxgl.audio.Music@174e0d3a
17:50:30.559 [JavaFX Application Thread] DEBUG AudioPlayer          - Playing music com.almasb.fxgl.audio.Music@174e0d3a
17:50:35.007 [JavaFX Application Thread] DEBUG AudioPlayer          - Playing music com.almasb.fxgl.audio.Music@44890ca0
17:50:35.135 [JavaFX Application Thread] DEBUG AudioPlayer          - Playing music com.almasb.fxgl.audio.Music@44890ca0
17:50:35.263 [JavaFX Application Thread] DEBUG AudioPlayer          - Playing music com.almasb.fxgl.audio.Music@44890ca0
17:50:35.407 [JavaFX Application Thread] DEBUG AudioPlayer          - Playing music com.almasb.fxgl.audio.Music@44890ca0
17:50:35.551 [JavaFX Application Thread] DEBUG AudioPlayer          - Playing music com.almasb.fxgl.audio.Music@44890ca0
17:50:35.679 [JavaFX Application Thread] DEBUG AudioPlayer          - Playing music com.almasb.fxgl.audio.Music@44890ca0
17:50:35.806 [JavaFX Application Thread] DEBUG AudioPlayer          - Playing music com.almasb.fxgl.audio.Music@44890ca0
17:50:35.936 [JavaFX Application Thread] DEBUG AudioPlayer          - Playing music com.almasb.fxgl.audio.Music@44890ca0
17:50:36.079 [JavaFX Application Thread] DEBUG AudioPlayer          - Playing music com.almasb.fxgl.audio.Music@44890ca0
17:50:36.191 [JavaFX Application Thread] DEBUG AudioPlayer          - Playing music com.almasb.fxgl.audio.Music@44890ca0
17:50:36.335 [JavaFX Application Thread] DEBUG AudioPlayer          - Playing music com.almasb.fxgl.audio.Music@44890ca0
17:50:36.479 [JavaFX Application Thread] DEBUG AudioPlayer          - Playing music com.almasb.fxgl.audio.Music@44890ca0
17:50:36.607 [JavaFX Application Thread] DEBUG AudioPlayer          - Playing music com.almasb.fxgl.audio.Music@44890ca0
17:50:36.752 [JavaFX Application Thread] DEBUG AudioPlayer          - Playing music com.almasb.fxgl.audio.Music@44890ca0
17:50:36.910 [JavaFX Application Thread] DEBUG AudioPlayer          - Playing music com.almasb.fxgl.audio.Music@44890ca0
17:50:37.023 [JavaFX Application Thread] DEBUG AudioPlayer          - Playing music com.almasb.fxgl.audio.Music@44890ca0
17:50:37.151 [JavaFX Application Thread] DEBUG AudioPlayer          - Playing music com.almasb.fxgl.audio.Music@44890ca0
17:50:37.310 [JavaFX Application Thread] DEBUG AudioPlayer          - Playing music com.almasb.fxgl.audio.Music@44890ca0
17:50:37.423 [JavaFX Application Thread] DEBUG AudioPlayer          - Playing music com.almasb.fxgl.audio.Music@44890ca0
17:50:37.535 [JavaFX Application Thread] DEBUG AudioPlayer          - Playing music com.almasb.fxgl.audio.Music@6befa1e0
17:50:37.537 [JavaFX Application Thread] DEBUG AudioPlayer          - Stopping music com.almasb.fxgl.audio.Music@59a678ca
17:50:37.537 [JavaFX Application Thread] DEBUG AudioPlayer          - Stopping music com.almasb.fxgl.audio.Music@46fe20e6
17:50:37.538 [JavaFX Application Thread] DEBUG AudioPlayer          - Stopping music com.almasb.fxgl.audio.Music@5319e8e4
17:50:37.538 [JavaFX Application Thread] DEBUG AudioPlayer          - Stopping music com.almasb.fxgl.audio.Music@6befa1e0
17:50:37.538 [JavaFX Application Thread] DEBUG AudioPlayer          - Stopping music com.almasb.fxgl.audio.Music@174e0d3a
17:50:37.539 [JavaFX Application Thread] DEBUG AudioPlayer          - Stopping music com.almasb.fxgl.audio.Music@44890ca0
17:50:37.539 [JavaFX Application Thread] DEBUG AudioPlayer          - Stopping music com.almasb.fxgl.audio.Music@46fe20e6
17:50:37.541 [JavaFX Application Thread] DEBUG FXGLAssetLoaderServi - Loading from file system: file:/C:/Users/ECE/IdeaProjects/LBYCPOBBulletCredits/target/classes/assets/music/victory.mp3
17:50:37.544 [JavaFX Application Thread] DEBUG AudioPlayer          - Playing music com.almasb.fxgl.audio.Music@4ffbb3db
17:50:37.546 [JavaFX Application Thread] DEBUG AudioPlayer          - Playing music com.almasb.fxgl.audio.Music@4ffbb3db
17:50:44.305 [JavaFX Application Thread] DEBUG FXGLApplication      - Exiting FXGL
17:50:44.305 [JavaFX Application Thread] DEBUG LoopRunner           - Stopping loop
17:50:44.306 [JavaFX Application Thread] DEBUG SystemBundleService  - Saving FXGL system data
17:50:44.307 [JavaFX Application Thread] DEBUG FileSystemAccess     - Writing to: C:\Users\ECE\IdeaProjects\LBYCPOBBulletCredits\system\fxgl.bundle
17:50:44.308 [JavaFX Application Thread] DEBUG Async                - Shutting down background threads
17:50:44.308 [JavaFX Application Thread] DEBUG PrimaryStageWindow   - Closing main window
17:50:44.325 [JavaFX Application Thread] DEBUG Logger               - Closing Logger
