17:52:15.341 [main                     ] DEBUG Logger               - Configured Logger
17:52:15.345 [main                     ] DEBUG GameApplication      - Logging settings
Title: OOP Bullet Credits
Version: 1.0
Width: 1280
Height: 720
Fullscreen: true
Intro: false
Profiling: false
Single step:false
App Mode: DEVELOPER
Menu Key: ESCAPE
Stage Style: DECORATED
Scene Factory: class com.almasb.fxgl.app.scene.SceneFactory

17:52:15.792 [JavaFX Application Thread] DEBUG FXGLApplication      - Initializing FXGL
17:52:15.796 [JavaFX Application Thread] INFO  Engine               - FXGL-25 (05.02.2026 22.57) on WINDOWS (J:25.0.3 FX:25.0.1)
17:52:15.796 [JavaFX Application Thread] DEBUG Engine               - JRE Vendor Name: Oracle Corporation
17:52:15.796 [JavaFX Application Thread] DEBUG Engine               - Running on OS: Windows 10 version 10.0
17:52:15.796 [JavaFX Application Thread] DEBUG Engine               - Architecture: amd64
17:52:15.796 [JavaFX Application Thread] INFO  Engine               - Source code and latest versions at: https://github.com/AlmasB/FXGL
17:52:15.797 [JavaFX Application Thread] INFO  Engine               -       Ask questions and discuss at: https://github.com/AlmasB/FXGL/discussions
17:52:15.909 [JavaFX Application Thread] DEBUG PrimaryStageWindow   - Creating a JavaFX scene
17:52:15.966 [JavaFX Application Thread] DEBUG PrimaryStageWindow   - Target settings size: 1280.0 x 720.0
17:52:15.966 [JavaFX Application Thread] DEBUG PrimaryStageWindow   - Scaled scene size:    1280.0 x 720.0
17:52:15.966 [JavaFX Application Thread] DEBUG PrimaryStageWindow   - Scaled ratio: (1.0, 1.0)
17:52:15.967 [JavaFX Application Thread] DEBUG PrimaryStageWindow   - Set initial scene to FXGLStartupScene
17:52:15.972 [JavaFX Application Thread] DEBUG PrimaryStageWindow   - Opening main window
17:52:16.331 [JavaFX Application Thread] DEBUG PrimaryStageWindow   - Window border size: (14.6666259765625, 38.0)
17:52:16.331 [JavaFX Application Thread] DEBUG PrimaryStageWindow   - Scaled size: 1280.0 x 720.0
17:52:16.331 [JavaFX Application Thread] DEBUG PrimaryStageWindow   - Scaled ratio: (1.0, 1.0)
17:52:16.331 [JavaFX Application Thread] DEBUG PrimaryStageWindow   - Scene size: 1280.0 x 720.0
17:52:16.331 [JavaFX Application Thread] DEBUG PrimaryStageWindow   - Stage size: 1294.6666259765625 x 758.0
17:52:16.435 [JavaFX Application Thread] DEBUG PrimaryStageWindow   - Going fullscreen
17:52:16.446 [FXGL Background Thread 1 ] DEBUG Engine               - Initializing environment variables
17:52:16.504 [FXGL Background Thread 1 ] DEBUG FXGLAssetLoaderServi - User app class for loading assets: class ph.edu.dlsu.lbycpob.lbycpobbulletcredits.Main
17:52:16.504 [FXGL Background Thread 1 ] DEBUG GameApplicationServi - Applying CSS: fxgl_dark.css
17:52:16.504 [FXGL Background Thread 1 ] DEBUG FXGLAssetLoaderServi - Loading from file system: jar:file:/C:/Users/ECE/.m2/repository/com/github/almasb/fxgl/25/fxgl-25.jar!/fxglassets/ui/css/fxgl_dark.css
17:52:16.543 [FXGL Background Thread 1 ] DEBUG GameApplicationServi - Initializing application scenes
17:52:16.587 [FXGL Background Thread 1 ] DEBUG GameWorld            - Game world initialized
17:52:16.634 [FXGL Background Thread 1 ] DEBUG PhysicsWorld         - Physics world initialized: appHeight=720, physics.ppm=50.0
17:52:16.634 [FXGL Background Thread 1 ] DEBUG PhysicsWorld         - Using strategy: BRUTE_FORCE
17:52:16.638 [FXGL Background Thread 1 ] DEBUG GameScene            - Game scene initialized: 1280x720
17:52:16.651 [FXGL Background Thread 1 ] DEBUG FXGL.DefaultMenu     - createMenuBodyGameMenu()
17:52:16.665 [FXGL Background Thread 1 ] DEBUG FXGL.DefaultMenu     - createOptionsMenu()
17:52:16.673 [FXGL Background Thread 1 ] DEBUG FXGLAssetLoaderServi - Loading from file system: jar:file:/C:/Users/ECE/.m2/repository/com/github/almasb/fxgl/25/fxgl-25.jar!/fxglassets/textures/particles/smoke.png
17:52:16.746 [FXGL Background Thread 1 ] DEBUG FXGLAssetLoaderServi - Loading from file system: jar:file:/C:/Users/ECE/.m2/repository/com/github/almasb/fxgl/25/fxgl-25.jar!/fxglassets/textures/particles/trace_horizontal.png
17:52:16.767 [FXGL Background Thread 1 ] DEBUG GameApplicationServi - Application scenes initialized
17:52:16.777 [FXGL Background Thread 1 ] DEBUG SystemBundleService  - Loading FXGL system data
17:52:16.778 [FXGL Background Thread 1 ] DEBUG FileSystemAccess     - Reading from: C:\Users\ECE\IdeaProjects\LBYCPOBBulletCredits\system\fxgl.bundle
17:52:16.780 [FXGL Background Thread 1 ] DEBUG SystemBundleService  - Bundle FXGL: {}
17:52:16.780 [FXGL Background Thread 1 ] DEBUG UpdaterService       - Checking for updates
17:52:16.783 [FXGL Background Thread 4 ] DEBUG FXGLApplication      - Loading fonts
17:52:16.783 [FXGL Background Thread 4 ] DEBUG FXGLAssetLoaderServi - Loading from file system: jar:file:/C:/Users/ECE/.m2/repository/com/github/almasb/fxgl/25/fxgl-25.jar!/fxglassets/ui/fonts/VarelaRound-Regular.ttf
17:52:16.783 [FXGL Background Thread 1 ] DEBUG FXGLApplication      - Loading default localization
17:52:16.783 [FXGL Background Thread 1 ] DEBUG FXGLAssetLoaderServi - Loading from file system: jar:file:/C:/Users/ECE/.m2/repository/com/github/almasb/fxgl/25/fxgl-25.jar!/fxglassets/languages/english.lang
17:52:16.789 [FXGL Background Thread 4 ] DEBUG FXGLAssetLoaderServi - Loading from file system: jar:file:/C:/Users/ECE/.m2/repository/com/github/almasb/fxgl/25/fxgl-25.jar!/fxglassets/ui/fonts/Abel-Regular.ttf
17:52:16.799 [FXGL Background Thread 1 ] INFO  FXGLApplication      - FXGL initialization took: 0.353 sec
17:52:16.802 [FXGL Background Thread 4 ] DEBUG FXGLAssetLoaderServi - Loading from file system: jar:file:/C:/Users/ECE/.m2/repository/com/github/almasb/fxgl/25/fxgl-25.jar!/fxglassets/ui/fonts/TerminalLandMono-Regular.otf
17:52:16.812 [FXGL Background Thread 4 ] DEBUG FXGLAssetLoaderServi - Loading from file system: jar:file:/C:/Users/ECE/.m2/repository/com/github/almasb/fxgl/25/fxgl-25.jar!/fxglassets/ui/fonts/Courier-Prime.ttf
17:52:16.812 [JavaFX Application Thread] DEBUG Input                - Registered new binding: Direction W - W
17:52:16.812 [JavaFX Application Thread] DEBUG Input                - Registered new binding: Direction UP - Up
17:52:16.812 [JavaFX Application Thread] DEBUG Input                - Registered new binding: Direction S - S
17:52:16.812 [JavaFX Application Thread] DEBUG Input                - Registered new binding: Direction DOWN - Down
17:52:16.813 [JavaFX Application Thread] DEBUG Input                - Registered new binding: Direction A - A
17:52:16.813 [JavaFX Application Thread] DEBUG Input                - Registered new binding: Direction LEFT - Left
17:52:16.813 [JavaFX Application Thread] DEBUG Input                - Registered new binding: Direction D - D
17:52:16.813 [JavaFX Application Thread] DEBUG Input                - Registered new binding: Direction RIGHT - Right
17:52:16.813 [JavaFX Application Thread] DEBUG Input                - Registered new binding: Start Game - Enter
17:52:16.813 [JavaFX Application Thread] DEBUG Input                - Registered new binding: Pause - P
17:52:16.815 [JavaFX Application Thread] DEBUG Input                - Registered new binding: Retry - R
17:52:16.815 [JavaFX Application Thread] DEBUG Input                - Registered new binding: Exit Game - Esc
17:52:16.815 [JavaFX Application Thread] DEBUG FXGLAssetLoaderServi - Loading from file system: jar:file:/C:/Users/ECE/.m2/repository/com/github/almasb/fxgl/25/fxgl-25.jar!/fxglassets/textures/fxgl_icon.png
17:52:16.829 [JavaFX Application Thread] DEBUG FXGLAssetLoaderServi - Loading from file system: jar:file:/C:/Users/ECE/.m2/repository/com/github/almasb/fxgl/25/fxgl-25.jar!/fxglassets/textures/fxgl_default_cursor.png
17:52:16.831 [JavaFX Application Thread] DEBUG Input                - Registered new binding: Screenshot - CTRL+8
17:52:16.831 [JavaFX Application Thread] DEBUG Input                - Registered new binding: System info dump - CTRL+9
17:52:16.831 [JavaFX Application Thread] DEBUG Input                - Registered new binding: Restart - CTRL+R
17:52:16.832 [JavaFX Application Thread] DEBUG Input                - Registered new binding: Toggle Debug Camera - CTRL+7
17:52:16.834 [JavaFX Application Thread] DEBUG LoopRunner           - Starting loop
17:52:16.834 [JavaFX Application Thread] DEBUG LoopRunner           - Initializing JavaFX AnimationTimerLoop
17:52:16.835 [JavaFX Application Thread] DEBUG GameApplicationServi - Starting new game
17:52:16.835 [JavaFX Application Thread] DEBUG Input                - Clearing active input actions
17:52:16.843 [JavaFX Application Thread] DEBUG GameApplicationServi - Removing overlay from FXGLStartupScene and adding to FXGLLoadingScene
17:52:16.843 [JavaFX Application Thread] DEBUG PrimaryStageWindow   - FXGLStartupScene -> FXGLLoadingScene
17:52:16.843 [JavaFX Application Thread] DEBUG GameApplicationServi - Clearing previous game
17:52:16.843 [JavaFX Application Thread] DEBUG GameScene            - Clearing game scene
17:52:16.843 [JavaFX Application Thread] DEBUG GameWorld            - Clearing game world
17:52:16.843 [JavaFX Application Thread] DEBUG PhysicsWorld         - Clearing physics world
17:52:16.845 [JavaFX Application Thread] DEBUG FXGLApplication      - Registering font factories with UI factory
17:52:16.845 [FXGL Background Thread 4 ] DEBUG FXGLApplication      - Initializing game
17:52:16.889 [FXGL Background Thread 4 ] INFO  FXGLApplication      - Game initialization took: 0.044 sec
17:52:16.890 [JavaFX Application Thread] DEBUG Input                - Clearing active input actions
17:52:16.897 [JavaFX Application Thread] DEBUG GameApplicationServi - Removing overlay from FXGLLoadingScene and adding to GameScene
17:52:16.897 [JavaFX Application Thread] DEBUG PrimaryStageWindow   - FXGLLoadingScene -> GameScene
17:52:18.805 [JavaFX Application Thread] DEBUG FXGLAssetLoaderServi - Loading from file system: file:/C:/Users/ECE/IdeaProjects/LBYCPOBBulletCredits/target/classes/assets/music/battle-theme.mp3
17:52:18.894 [JavaFX Application Thread] DEBUG AudioPlayer          - Playing music com.almasb.fxgl.audio.Music@59a678ca
17:52:18.896 [JavaFX Application Thread] DEBUG FXGLAssetLoaderServi - Loading from file system: file:/C:/Users/ECE/IdeaProjects/LBYCPOBBulletCredits/target/classes/assets/music/shoot_loop.mp3
17:52:19.088 [JavaFX Application Thread] DEBUG AudioPlayer          - Playing music com.almasb.fxgl.audio.Music@46fe20e6
17:52:19.784 [FXGL Background Thread 3 ] DEBUG Engine               - Logging environment variables
17:52:19.785 [FXGL Background Thread 3 ] DEBUG Engine               - achievements: []
17:52:19.785 [FXGL Background Thread 3 ] DEBUG Engine               - actualHeight: 960.0
17:52:19.785 [FXGL Background Thread 3 ] DEBUG Engine               - actualHeightProperty: ReadOnlyDoubleProperty [value: 960.0]
17:52:19.785 [FXGL Background Thread 3 ] DEBUG Engine               - actualWidth: 1706.6666259765625
17:52:19.785 [FXGL Background Thread 3 ] DEBUG Engine               - actualWidthProperty: ReadOnlyDoubleProperty [value: 1706.6666259765625]
17:52:19.785 [FXGL Background Thread 3 ] DEBUG Engine               - appIcon: fxgl_icon.png
17:52:19.785 [FXGL Background Thread 3 ] DEBUG Engine               - applicationMode: DEVELOPER
17:52:19.785 [FXGL Background Thread 3 ] DEBUG Engine               - cSSList: [fxgl_dark.css]
17:52:19.785 [FXGL Background Thread 3 ] DEBUG Engine               - collisionDetectionStrategy: BRUTE_FORCE
17:52:19.785 [FXGL Background Thread 3 ] DEBUG Engine               - configClass: Optional.empty
17:52:19.785 [FXGL Background Thread 3 ] DEBUG Engine               - credits: []
17:52:19.785 [FXGL Background Thread 3 ] DEBUG Engine               - defaultCursor: CursorInfo(imageName=fxgl_default_cursor.png, hotspotX=7.0, hotspotY=6.0)
17:52:19.785 [FXGL Background Thread 3 ] DEBUG Engine               - devBBoxColorProperty: ObjectProperty [value: 0xff0000ff]
17:52:19.785 [FXGL Background Thread 3 ] DEBUG Engine               - devEnableDebugCameraProperty: BooleanProperty [value: false]
17:52:19.785 [FXGL Background Thread 3 ] DEBUG Engine               - devSensorColorProperty: ObjectProperty [value: 0xffff00ff]
17:52:19.786 [FXGL Background Thread 3 ] DEBUG Engine               - devShowBBoxProperty: BooleanProperty [value: false]
17:52:19.786 [FXGL Background Thread 3 ] DEBUG Engine               - devShowPositionProperty: BooleanProperty [value: false]
17:52:19.786 [FXGL Background Thread 3 ] DEBUG Engine               - enabledMenuItems: []
17:52:19.786 [FXGL Background Thread 3 ] DEBUG Engine               - engineServices: [class com.almasb.fxgl.app.services.FXGLAssetLoaderService, class com.almasb.fxgl.app.FXGLApplication$GameApplicationService, class com.almasb.fxgl.app.services.FXGLDialogService, class com.almasb.fxgl.app.services.IOTaskExecutorService, class com.almasb.fxgl.io.FileSystemService, class com.almasb.fxgl.localization.LocalizationService, class com.almasb.fxgl.app.services.SystemBundleService, class com.almasb.fxgl.profile.SaveLoadService, class com.almasb.fxgl.ui.FXGLUIFactoryServiceProvider, class com.almasb.fxgl.ui.FXGLDialogFactoryServiceProvider, class com.almasb.fxgl.audio.AudioPlayer, class com.almasb.fxgl.notification.impl.NotificationServiceProvider, class com.almasb.fxgl.achievement.AchievementService, class com.almasb.fxgl.cutscene.CutsceneService, class com.almasb.fxgl.minigames.MiniGameService, class com.almasb.fxgl.net.NetService, class com.almasb.fxgl.app.services.UpdaterService, class com.almasb.fxgl.dev.DevService]
17:52:19.786 [FXGL Background Thread 3 ] DEBUG Engine               - fontGame: Abel-Regular.ttf
17:52:19.786 [FXGL Background Thread 3 ] DEBUG Engine               - fontMono: TerminalLandMono-Regular.otf
17:52:19.786 [FXGL Background Thread 3 ] DEBUG Engine               - fontSizeScaleUI: 1.0
17:52:19.786 [FXGL Background Thread 3 ] DEBUG Engine               - fontText: Courier-Prime.ttf
17:52:19.786 [FXGL Background Thread 3 ] DEBUG Engine               - fontUI: VarelaRound-Regular.ttf
17:52:19.786 [FXGL Background Thread 3 ] DEBUG Engine               - fpsRefreshRate: 500.0 ms
17:52:19.786 [FXGL Background Thread 3 ] DEBUG Engine               - fullScreen: BooleanProperty [value: true]
17:52:19.786 [FXGL Background Thread 3 ] DEBUG Engine               - gameDifficulty: MEDIUM
17:52:19.786 [FXGL Background Thread 3 ] DEBUG Engine               - gameDifficultyProperty: ObjectProperty [value: MEDIUM]
17:52:19.786 [FXGL Background Thread 3 ] DEBUG Engine               - globalMusicVolume: 0.5
17:52:19.786 [FXGL Background Thread 3 ] DEBUG Engine               - globalMusicVolumeProperty: DoubleProperty [value: 0.5]
17:52:19.786 [FXGL Background Thread 3 ] DEBUG Engine               - globalSoundVolume: 0.5
17:52:19.786 [FXGL Background Thread 3 ] DEBUG Engine               - globalSoundVolumeProperty: DoubleProperty [value: 0.5]
17:52:19.786 [FXGL Background Thread 3 ] DEBUG Engine               - height: 720
17:52:19.786 [FXGL Background Thread 3 ] DEBUG Engine               - is3D: false
17:52:19.786 [FXGL Background Thread 3 ] DEBUG Engine               - isAndroid: false
17:52:19.786 [FXGL Background Thread 3 ] DEBUG Engine               - isBrowser: false
17:52:19.786 [FXGL Background Thread 3 ] DEBUG Engine               - isClickFeedbackEnabled: false
17:52:19.787 [FXGL Background Thread 3 ] DEBUG Engine               - isCloseConfirmation: false
17:52:19.787 [FXGL Background Thread 3 ] DEBUG Engine               - isDesktop: true
17:52:19.787 [FXGL Background Thread 3 ] DEBUG Engine               - isDeveloperMenuEnabled: false
17:52:19.787 [FXGL Background Thread 3 ] DEBUG Engine               - isEmbedded: false
17:52:19.787 [FXGL Background Thread 3 ] DEBUG Engine               - isEntityPreloadEnabled: true
17:52:19.787 [FXGL Background Thread 3 ] DEBUG Engine               - isExperimentalTiledLargeMap: false
17:52:19.787 [FXGL Background Thread 3 ] DEBUG Engine               - isFileSystemWriteAllowed: true
17:52:19.787 [FXGL Background Thread 3 ] DEBUG Engine               - isFullScreenAllowed: true
17:52:19.787 [FXGL Background Thread 3 ] DEBUG Engine               - isFullScreenFromStart: true
17:52:19.787 [FXGL Background Thread 3 ] DEBUG Engine               - isGameMenuEnabled: true
17:52:19.787 [FXGL Background Thread 3 ] DEBUG Engine               - isIOS: false
17:52:19.787 [FXGL Background Thread 3 ] DEBUG Engine               - isIntroEnabled: false
17:52:19.787 [FXGL Background Thread 3 ] DEBUG Engine               - isLinux: false
17:52:19.787 [FXGL Background Thread 3 ] DEBUG Engine               - isMac: false
17:52:19.787 [FXGL Background Thread 3 ] DEBUG Engine               - isMainMenuEnabled: false
17:52:19.787 [FXGL Background Thread 3 ] DEBUG Engine               - isManualResizeEnabled: false
17:52:19.787 [FXGL Background Thread 3 ] DEBUG Engine               - isMobile: false
17:52:19.787 [FXGL Background Thread 3 ] DEBUG Engine               - isNative: false
17:52:19.787 [FXGL Background Thread 3 ] DEBUG Engine               - isPauseMusicWhenMinimized: true
17:52:19.787 [FXGL Background Thread 3 ] DEBUG Engine               - isPreserveResizeRatio: false
17:52:19.787 [FXGL Background Thread 3 ] DEBUG Engine               - isProfilingEnabled: false
17:52:19.787 [FXGL Background Thread 3 ] DEBUG Engine               - isScaleAffectedOnResize: true
17:52:19.787 [FXGL Background Thread 3 ] DEBUG Engine               - isSingleStep: false
17:52:19.787 [FXGL Background Thread 3 ] DEBUG Engine               - isUserProfileEnabled: false
17:52:19.787 [FXGL Background Thread 3 ] DEBUG Engine               - isWindows: true
17:52:19.787 [FXGL Background Thread 3 ] DEBUG Engine               - language: ObjectProperty [value: ENGLISH]
17:52:19.787 [FXGL Background Thread 3 ] DEBUG Engine               - menuKey: ESCAPE
17:52:19.787 [FXGL Background Thread 3 ] DEBUG Engine               - mouseSensitivity: 0.2
17:52:19.787 [FXGL Background Thread 3 ] DEBUG Engine               - notificationViewClass: class com.almasb.fxgl.notification.view.XboxNotificationView
17:52:19.787 [FXGL Background Thread 3 ] DEBUG Engine               - pixelsPerMeter: 50.0
17:52:19.787 [FXGL Background Thread 3 ] DEBUG Engine               - platform: WINDOWS
17:52:19.788 [FXGL Background Thread 3 ] DEBUG Engine               - prefHeightProperty: ReadOnlyDoubleProperty [value: 720.0]
17:52:19.788 [FXGL Background Thread 3 ] DEBUG Engine               - prefWidthProperty: ReadOnlyDoubleProperty [value: 1280.0]
17:52:19.788 [FXGL Background Thread 3 ] DEBUG Engine               - profileDir: profiles/
17:52:19.788 [FXGL Background Thread 3 ] DEBUG Engine               - profileName: StringProperty [value: DEFAULT]
17:52:19.788 [FXGL Background Thread 3 ] DEBUG Engine               - randomSeed: -1
17:52:19.788 [FXGL Background Thread 3 ] DEBUG Engine               - runtimeInfo: RuntimeInfo(platform=WINDOWS, version=25, build=05.02.2026 22.57)
17:52:19.788 [FXGL Background Thread 3 ] DEBUG Engine               - saveFileExt: sav
17:52:19.788 [FXGL Background Thread 3 ] DEBUG Engine               - scaledHeightProp$fxgl: DoubleProperty [bound, value: 960.0]
17:52:19.788 [FXGL Background Thread 3 ] DEBUG Engine               - scaledWidthProp$fxgl: DoubleProperty [bound, value: 1706.6666259765625]
17:52:19.788 [FXGL Background Thread 3 ] DEBUG Engine               - sceneFactory: com.almasb.fxgl.app.scene.SceneFactory@2544a8b
17:52:19.788 [FXGL Background Thread 3 ] DEBUG Engine               - secondsIn24h: 60
17:52:19.788 [FXGL Background Thread 3 ] DEBUG Engine               - soundMenuBack: menu/back.wav
17:52:19.788 [FXGL Background Thread 3 ] DEBUG Engine               - soundMenuPress: menu/press.wav
17:52:19.788 [FXGL Background Thread 3 ] DEBUG Engine               - soundMenuSelect: menu/select.wav
17:52:19.788 [FXGL Background Thread 3 ] DEBUG Engine               - soundNotification: core/notification.wav
17:52:19.788 [FXGL Background Thread 3 ] DEBUG Engine               - stageStyle: DECORATED
17:52:19.788 [FXGL Background Thread 3 ] DEBUG Engine               - supportedLanguages: [ENGLISH, FRENCH, GERMAN, HUNGARIAN, RUSSIAN]
17:52:19.788 [FXGL Background Thread 3 ] DEBUG Engine               - ticksPerSecond: -1
17:52:19.788 [FXGL Background Thread 3 ] DEBUG Engine               - title: OOP Bullet Credits
17:52:19.788 [FXGL Background Thread 3 ] DEBUG Engine               - urlGithub: https://github.com/AlmasB/FXGL
17:52:19.788 [FXGL Background Thread 3 ] DEBUG Engine               - urlLeaderboard: http://fxgl-top.herokuapp.com/
17:52:19.788 [FXGL Background Thread 3 ] DEBUG Engine               - urlPOM: https://raw.githubusercontent.com/AlmasB/FXGL/release/README.md
17:52:19.788 [FXGL Background Thread 3 ] DEBUG Engine               - userAppClass: class ph.edu.dlsu.lbycpob.lbycpobbulletcredits.Main
17:52:19.788 [FXGL Background Thread 3 ] DEBUG Engine               - version: 1.0
17:52:19.788 [FXGL Background Thread 3 ] DEBUG Engine               - versionCheckDays: 7
17:52:19.788 [FXGL Background Thread 3 ] DEBUG Engine               - width: 1280
17:52:19.788 [FXGL Background Thread 3 ] DEBUG Engine               - Logging services
17:52:19.788 [FXGL Background Thread 3 ] DEBUG Engine               - class com.almasb.fxgl.app.services.FXGLAssetLoaderService
17:52:19.788 [FXGL Background Thread 3 ] DEBUG Engine               - class com.almasb.fxgl.app.FXGLApplication$GameApplicationService
17:52:19.788 [FXGL Background Thread 3 ] DEBUG Engine               - class com.almasb.fxgl.app.services.FXGLDialogService
17:52:19.789 [FXGL Background Thread 3 ] DEBUG Engine               - class com.almasb.fxgl.app.services.IOTaskExecutorService
17:52:19.789 [FXGL Background Thread 3 ] DEBUG Engine               - class com.almasb.fxgl.io.FileSystemService
17:52:19.789 [FXGL Background Thread 3 ] DEBUG Engine               - class com.almasb.fxgl.localization.LocalizationService
17:52:19.789 [FXGL Background Thread 3 ] DEBUG Engine               - class com.almasb.fxgl.app.services.SystemBundleService
17:52:19.789 [FXGL Background Thread 3 ] DEBUG Engine               - class com.almasb.fxgl.profile.SaveLoadService
17:52:19.789 [FXGL Background Thread 3 ] DEBUG Engine               - class com.almasb.fxgl.ui.FXGLUIFactoryServiceProvider
17:52:19.789 [FXGL Background Thread 3 ] DEBUG Engine               - class com.almasb.fxgl.ui.FXGLDialogFactoryServiceProvider
17:52:19.789 [FXGL Background Thread 3 ] DEBUG Engine               - class com.almasb.fxgl.audio.AudioPlayer
17:52:19.789 [FXGL Background Thread 3 ] DEBUG Engine               - class com.almasb.fxgl.notification.impl.NotificationServiceProvider
17:52:19.789 [FXGL Background Thread 3 ] DEBUG Engine               - class com.almasb.fxgl.achievement.AchievementService
17:52:19.789 [FXGL Background Thread 3 ] DEBUG Engine               - class com.almasb.fxgl.cutscene.CutsceneService
17:52:19.789 [FXGL Background Thread 3 ] DEBUG Engine               - class com.almasb.fxgl.minigames.MiniGameService
17:52:19.789 [FXGL Background Thread 3 ] DEBUG Engine               - class com.almasb.fxgl.net.NetService
17:52:19.789 [FXGL Background Thread 3 ] DEBUG Engine               - class com.almasb.fxgl.app.services.UpdaterService
17:52:19.789 [FXGL Background Thread 3 ] DEBUG Engine               - class com.almasb.fxgl.dev.DevService
17:52:21.550 [JavaFX Application Thread] DEBUG FXGLAssetLoaderServi - Loading from file system: file:/C:/Users/ECE/IdeaProjects/LBYCPOBBulletCredits/target/classes/assets/music/word_hit.mp3
17:52:21.557 [JavaFX Application Thread] DEBUG AudioPlayer          - Playing music com.almasb.fxgl.audio.Music@5319e8e4
17:52:21.633 [JavaFX Application Thread] DEBUG AudioPlayer          - Playing music com.almasb.fxgl.audio.Music@5319e8e4
17:52:21.655 [JavaFX Application Thread] DEBUG FXGLAssetLoaderServi - Loading from file system: file:/C:/Users/ECE/IdeaProjects/LBYCPOBBulletCredits/target/classes/assets/music/explosion.mp3
17:52:21.679 [JavaFX Application Thread] DEBUG AudioPlayer          - Playing music com.almasb.fxgl.audio.Music@50da586
17:52:23.105 [JavaFX Application Thread] DEBUG AudioPlayer          - Playing music com.almasb.fxgl.audio.Music@5319e8e4
17:52:23.234 [JavaFX Application Thread] DEBUG AudioPlayer          - Playing music com.almasb.fxgl.audio.Music@5319e8e4
17:52:23.359 [JavaFX Application Thread] DEBUG AudioPlayer          - Playing music com.almasb.fxgl.audio.Music@50da586
17:52:25.922 [JavaFX Application Thread] DEBUG AudioPlayer          - Playing music com.almasb.fxgl.audio.Music@5319e8e4
17:52:26.050 [JavaFX Application Thread] DEBUG AudioPlayer          - Playing music com.almasb.fxgl.audio.Music@5319e8e4
17:52:26.172 [JavaFX Application Thread] DEBUG AudioPlayer          - Playing music com.almasb.fxgl.audio.Music@5319e8e4
17:52:26.306 [JavaFX Application Thread] DEBUG AudioPlayer          - Playing music com.almasb.fxgl.audio.Music@50da586
17:52:28.572 [JavaFX Application Thread] DEBUG AudioPlayer          - Playing music com.almasb.fxgl.audio.Music@5319e8e4
17:52:28.705 [JavaFX Application Thread] DEBUG AudioPlayer          - Playing music com.almasb.fxgl.audio.Music@5319e8e4
17:52:28.833 [JavaFX Application Thread] DEBUG AudioPlayer          - Playing music com.almasb.fxgl.audio.Music@5319e8e4
17:52:28.962 [JavaFX Application Thread] DEBUG AudioPlayer          - Playing music com.almasb.fxgl.audio.Music@50da586
17:52:29.250 [JavaFX Application Thread] DEBUG FXGLAssetLoaderServi - Loading from file system: file:/C:/Users/ECE/IdeaProjects/LBYCPOBBulletCredits/target/classes/assets/music/damage.mp3
17:52:29.253 [JavaFX Application Thread] DEBUG AudioPlayer          - Playing music com.almasb.fxgl.audio.Music@381e73f7
17:52:30.546 [JavaFX Application Thread] DEBUG FXGLAssetLoaderServi - Loading from file system: file:/C:/Users/ECE/IdeaProjects/LBYCPOBBulletCredits/target/classes/assets/music/boss_hit.mp3
17:52:30.550 [JavaFX Application Thread] DEBUG AudioPlayer          - Playing music com.almasb.fxgl.audio.Music@1323cb83
17:52:30.656 [JavaFX Application Thread] DEBUG AudioPlayer          - Playing music com.almasb.fxgl.audio.Music@1323cb83
17:52:30.770 [JavaFX Application Thread] DEBUG AudioPlayer          - Playing music com.almasb.fxgl.audio.Music@1323cb83
17:52:30.881 [JavaFX Application Thread] DEBUG AudioPlayer          - Playing music com.almasb.fxgl.audio.Music@1323cb83
17:52:30.994 [JavaFX Application Thread] DEBUG AudioPlayer          - Playing music com.almasb.fxgl.audio.Music@1323cb83
17:52:31.104 [JavaFX Application Thread] DEBUG AudioPlayer          - Playing music com.almasb.fxgl.audio.Music@1323cb83
17:52:31.218 [JavaFX Application Thread] DEBUG AudioPlayer          - Playing music com.almasb.fxgl.audio.Music@1323cb83
17:52:31.346 [JavaFX Application Thread] DEBUG AudioPlayer          - Playing music com.almasb.fxgl.audio.Music@1323cb83
17:52:31.457 [JavaFX Application Thread] DEBUG AudioPlayer          - Playing music com.almasb.fxgl.audio.Music@1323cb83
17:52:31.571 [JavaFX Application Thread] DEBUG AudioPlayer          - Playing music com.almasb.fxgl.audio.Music@1323cb83
17:52:31.683 [JavaFX Application Thread] DEBUG AudioPlayer          - Playing music com.almasb.fxgl.audio.Music@1323cb83
17:52:31.794 [JavaFX Application Thread] DEBUG AudioPlayer          - Playing music com.almasb.fxgl.audio.Music@1323cb83
17:52:31.905 [JavaFX Application Thread] DEBUG AudioPlayer          - Playing music com.almasb.fxgl.audio.Music@1323cb83
17:52:31.929 [JavaFX Application Thread] DEBUG AudioPlayer          - Playing music com.almasb.fxgl.audio.Music@1323cb83
17:52:32.019 [JavaFX Application Thread] DEBUG AudioPlayer          - Playing music com.almasb.fxgl.audio.Music@1323cb83
17:52:32.130 [JavaFX Application Thread] DEBUG AudioPlayer          - Playing music com.almasb.fxgl.audio.Music@1323cb83
17:52:32.249 [JavaFX Application Thread] DEBUG AudioPlayer          - Playing music com.almasb.fxgl.audio.Music@1323cb83
17:52:32.365 [JavaFX Application Thread] DEBUG AudioPlayer          - Playing music com.almasb.fxgl.audio.Music@1323cb83
17:52:32.474 [JavaFX Application Thread] DEBUG AudioPlayer          - Playing music com.almasb.fxgl.audio.Music@1323cb83
17:52:32.590 [JavaFX Application Thread] DEBUG AudioPlayer          - Playing music com.almasb.fxgl.audio.Music@1323cb83
17:52:32.699 [JavaFX Application Thread] DEBUG AudioPlayer          - Playing music com.almasb.fxgl.audio.Music@1323cb83
17:52:32.819 [JavaFX Application Thread] DEBUG AudioPlayer          - Playing music com.almasb.fxgl.audio.Music@1323cb83
17:52:32.915 [JavaFX Application Thread] DEBUG AudioPlayer          - Playing music com.almasb.fxgl.audio.Music@1323cb83
17:52:33.026 [JavaFX Application Thread] DEBUG AudioPlayer          - Playing music com.almasb.fxgl.audio.Music@1323cb83
17:52:33.135 [JavaFX Application Thread] DEBUG AudioPlayer          - Playing music com.almasb.fxgl.audio.Music@1323cb83
17:52:33.256 [JavaFX Application Thread] DEBUG AudioPlayer          - Playing music com.almasb.fxgl.audio.Music@1323cb83
17:52:33.378 [JavaFX Application Thread] DEBUG AudioPlayer          - Playing music com.almasb.fxgl.audio.Music@1323cb83
17:52:33.499 [JavaFX Application Thread] DEBUG AudioPlayer          - Playing music com.almasb.fxgl.audio.Music@1323cb83
17:52:33.619 [JavaFX Application Thread] DEBUG AudioPlayer          - Playing music com.almasb.fxgl.audio.Music@1323cb83
17:52:33.746 [JavaFX Application Thread] DEBUG AudioPlayer          - Playing music com.almasb.fxgl.audio.Music@50da586
17:52:36.594 [JavaFX Application Thread] DEBUG AudioPlayer          - Playing music com.almasb.fxgl.audio.Music@5319e8e4
17:52:36.705 [JavaFX Application Thread] DEBUG AudioPlayer          - Playing music com.almasb.fxgl.audio.Music@5319e8e4
17:52:36.818 [JavaFX Application Thread] DEBUG AudioPlayer          - Playing music com.almasb.fxgl.audio.Music@5319e8e4
17:52:37.187 [JavaFX Application Thread] DEBUG AudioPlayer          - Playing music com.almasb.fxgl.audio.Music@5319e8e4
17:52:37.232 [JavaFX Application Thread] DEBUG AudioPlayer          - Playing music com.almasb.fxgl.audio.Music@5319e8e4
17:52:37.282 [JavaFX Application Thread] DEBUG AudioPlayer          - Playing music com.almasb.fxgl.audio.Music@5319e8e4
17:52:37.378 [JavaFX Application Thread] DEBUG AudioPlayer          - Playing music com.almasb.fxgl.audio.Music@50da586
17:52:38.874 [JavaFX Application Thread] DEBUG AudioPlayer          - Playing music com.almasb.fxgl.audio.Music@50da586
17:52:40.530 [JavaFX Application Thread] DEBUG AudioPlayer          - Playing music com.almasb.fxgl.audio.Music@5319e8e4
17:52:40.675 [JavaFX Application Thread] DEBUG AudioPlayer          - Playing music com.almasb.fxgl.audio.Music@5319e8e4
17:52:40.786 [JavaFX Application Thread] DEBUG AudioPlayer          - Playing music com.almasb.fxgl.audio.Music@5319e8e4
17:52:40.914 [JavaFX Application Thread] DEBUG AudioPlayer          - Playing music com.almasb.fxgl.audio.Music@50da586
17:52:41.904 [JavaFX Application Thread] DEBUG AudioPlayer          - Playing music com.almasb.fxgl.audio.Music@5319e8e4
17:52:42.032 [JavaFX Application Thread] DEBUG AudioPlayer          - Playing music com.almasb.fxgl.audio.Music@5319e8e4
17:52:42.159 [JavaFX Application Thread] DEBUG AudioPlayer          - Playing music com.almasb.fxgl.audio.Music@5319e8e4
17:52:42.275 [JavaFX Application Thread] DEBUG AudioPlayer          - Playing music com.almasb.fxgl.audio.Music@5319e8e4
17:52:42.408 [JavaFX Application Thread] DEBUG AudioPlayer          - Playing music com.almasb.fxgl.audio.Music@50da586
17:52:44.323 [JavaFX Application Thread] DEBUG AudioPlayer          - Playing music com.almasb.fxgl.audio.Music@1323cb83
17:52:44.450 [JavaFX Application Thread] DEBUG AudioPlayer          - Playing music com.almasb.fxgl.audio.Music@1323cb83
17:52:44.559 [JavaFX Application Thread] DEBUG AudioPlayer          - Playing music com.almasb.fxgl.audio.Music@1323cb83
17:52:44.674 [JavaFX Application Thread] DEBUG AudioPlayer          - Playing music com.almasb.fxgl.audio.Music@1323cb83
17:52:44.783 [JavaFX Application Thread] DEBUG AudioPlayer          - Playing music com.almasb.fxgl.audio.Music@1323cb83
17:52:44.899 [JavaFX Application Thread] DEBUG AudioPlayer          - Playing music com.almasb.fxgl.audio.Music@1323cb83
17:52:45.922 [JavaFX Application Thread] DEBUG AudioPlayer          - Playing music com.almasb.fxgl.audio.Music@1323cb83
17:52:46.031 [JavaFX Application Thread] DEBUG AudioPlayer          - Playing music com.almasb.fxgl.audio.Music@1323cb83
17:52:46.147 [JavaFX Application Thread] DEBUG AudioPlayer          - Playing music com.almasb.fxgl.audio.Music@1323cb83
17:52:46.258 [JavaFX Application Thread] DEBUG AudioPlayer          - Playing music com.almasb.fxgl.audio.Music@1323cb83
17:52:46.370 [JavaFX Application Thread] DEBUG AudioPlayer          - Playing music com.almasb.fxgl.audio.Music@1323cb83
17:52:46.482 [JavaFX Application Thread] DEBUG AudioPlayer          - Playing music com.almasb.fxgl.audio.Music@1323cb83
17:52:46.607 [JavaFX Application Thread] DEBUG AudioPlayer          - Playing music com.almasb.fxgl.audio.Music@1323cb83
17:52:46.722 [JavaFX Application Thread] DEBUG AudioPlayer          - Playing music com.almasb.fxgl.audio.Music@1323cb83
17:52:46.849 [JavaFX Application Thread] DEBUG AudioPlayer          - Playing music com.almasb.fxgl.audio.Music@1323cb83
17:52:46.959 [JavaFX Application Thread] DEBUG AudioPlayer          - Playing music com.almasb.fxgl.audio.Music@1323cb83
17:52:47.104 [JavaFX Application Thread] DEBUG AudioPlayer          - Playing music com.almasb.fxgl.audio.Music@1323cb83
17:52:47.218 [JavaFX Application Thread] DEBUG AudioPlayer          - Playing music com.almasb.fxgl.audio.Music@1323cb83
17:52:47.347 [JavaFX Application Thread] DEBUG AudioPlayer          - Playing music com.almasb.fxgl.audio.Music@1323cb83
17:52:47.474 [JavaFX Application Thread] DEBUG AudioPlayer          - Playing music com.almasb.fxgl.audio.Music@1323cb83
17:52:47.602 [JavaFX Application Thread] DEBUG AudioPlayer          - Playing music com.almasb.fxgl.audio.Music@1323cb83
17:52:47.729 [JavaFX Application Thread] DEBUG AudioPlayer          - Playing music com.almasb.fxgl.audio.Music@1323cb83
17:52:47.850 [JavaFX Application Thread] DEBUG AudioPlayer          - Playing music com.almasb.fxgl.audio.Music@1323cb83
17:52:47.970 [JavaFX Application Thread] DEBUG AudioPlayer          - Playing music com.almasb.fxgl.audio.Music@1323cb83
17:52:48.099 [JavaFX Application Thread] DEBUG AudioPlayer          - Playing music com.almasb.fxgl.audio.Music@1323cb83
17:52:48.225 [JavaFX Application Thread] DEBUG AudioPlayer          - Playing music com.almasb.fxgl.audio.Music@1323cb83
17:52:48.347 [JavaFX Application Thread] DEBUG AudioPlayer          - Playing music com.almasb.fxgl.audio.Music@1323cb83
17:52:48.474 [JavaFX Application Thread] DEBUG AudioPlayer          - Playing music com.almasb.fxgl.audio.Music@1323cb83
17:52:48.589 [JavaFX Application Thread] DEBUG AudioPlayer          - Playing music com.almasb.fxgl.audio.Music@1323cb83
17:52:48.716 [JavaFX Application Thread] DEBUG AudioPlayer          - Playing music com.almasb.fxgl.audio.Music@1323cb83
17:52:48.850 [JavaFX Application Thread] DEBUG AudioPlayer          - Playing music com.almasb.fxgl.audio.Music@1323cb83
17:52:48.971 [JavaFX Application Thread] DEBUG AudioPlayer          - Playing music com.almasb.fxgl.audio.Music@1323cb83
17:52:49.091 [JavaFX Application Thread] DEBUG AudioPlayer          - Playing music com.almasb.fxgl.audio.Music@1323cb83
17:52:49.218 [JavaFX Application Thread] DEBUG AudioPlayer          - Playing music com.almasb.fxgl.audio.Music@50da586
17:52:52.655 [JavaFX Application Thread] DEBUG AudioPlayer          - Playing music com.almasb.fxgl.audio.Music@5319e8e4
17:52:52.771 [JavaFX Application Thread] DEBUG AudioPlayer          - Playing music com.almasb.fxgl.audio.Music@5319e8e4
17:52:52.880 [JavaFX Application Thread] DEBUG AudioPlayer          - Playing music com.almasb.fxgl.audio.Music@5319e8e4
17:52:52.994 [JavaFX Application Thread] DEBUG AudioPlayer          - Playing music com.almasb.fxgl.audio.Music@5319e8e4
17:52:53.106 [JavaFX Application Thread] DEBUG AudioPlayer          - Playing music com.almasb.fxgl.audio.Music@50da586
17:52:54.882 [JavaFX Application Thread] DEBUG AudioPlayer          - Playing music com.almasb.fxgl.audio.Music@5319e8e4
17:52:55.010 [JavaFX Application Thread] DEBUG AudioPlayer          - Playing music com.almasb.fxgl.audio.Music@5319e8e4
17:52:55.139 [JavaFX Application Thread] DEBUG AudioPlayer          - Playing music com.almasb.fxgl.audio.Music@5319e8e4
17:52:55.266 [JavaFX Application Thread] DEBUG AudioPlayer          - Playing music com.almasb.fxgl.audio.Music@5319e8e4
17:52:55.389 [JavaFX Application Thread] DEBUG AudioPlayer          - Playing music com.almasb.fxgl.audio.Music@50da586
17:52:57.042 [JavaFX Application Thread] DEBUG AudioPlayer          - Playing music com.almasb.fxgl.audio.Music@381e73f7
17:52:57.058 [JavaFX Application Thread] DEBUG AudioPlayer          - Playing music com.almasb.fxgl.audio.Music@5319e8e4
17:52:57.183 [JavaFX Application Thread] DEBUG AudioPlayer          - Playing music com.almasb.fxgl.audio.Music@5319e8e4
17:52:57.298 [JavaFX Application Thread] DEBUG AudioPlayer          - Playing music com.almasb.fxgl.audio.Music@5319e8e4
17:52:57.443 [JavaFX Application Thread] DEBUG AudioPlayer          - Playing music com.almasb.fxgl.audio.Music@50da586
17:53:01.232 [JavaFX Application Thread] DEBUG AudioPlayer          - Playing music com.almasb.fxgl.audio.Music@5319e8e4
17:53:01.486 [JavaFX Application Thread] DEBUG AudioPlayer          - Playing music com.almasb.fxgl.audio.Music@5319e8e4
17:53:01.614 [JavaFX Application Thread] DEBUG AudioPlayer          - Playing music com.almasb.fxgl.audio.Music@5319e8e4
17:53:01.873 [JavaFX Application Thread] DEBUG AudioPlayer          - Playing music com.almasb.fxgl.audio.Music@5319e8e4
17:53:02.128 [JavaFX Application Thread] DEBUG AudioPlayer          - Playing music com.almasb.fxgl.audio.Music@5319e8e4
17:53:02.242 [JavaFX Application Thread] DEBUG AudioPlayer          - Playing music com.almasb.fxgl.audio.Music@50da586
17:53:05.842 [JavaFX Application Thread] DEBUG AudioPlayer          - Playing music com.almasb.fxgl.audio.Music@1323cb83
17:53:05.952 [JavaFX Application Thread] DEBUG AudioPlayer          - Playing music com.almasb.fxgl.audio.Music@1323cb83
17:53:06.066 [JavaFX Application Thread] DEBUG AudioPlayer          - Playing music com.almasb.fxgl.audio.Music@1323cb83
17:53:06.178 [JavaFX Application Thread] DEBUG AudioPlayer          - Playing music com.almasb.fxgl.audio.Music@1323cb83
17:53:06.280 [JavaFX Application Thread] DEBUG AudioPlayer          - Playing music com.almasb.fxgl.audio.Music@1323cb83
17:53:06.395 [JavaFX Application Thread] DEBUG AudioPlayer          - Playing music com.almasb.fxgl.audio.Music@1323cb83
17:53:06.504 [JavaFX Application Thread] DEBUG AudioPlayer          - Playing music com.almasb.fxgl.audio.Music@1323cb83
17:53:06.625 [JavaFX Application Thread] DEBUG AudioPlayer          - Playing music com.almasb.fxgl.audio.Music@1323cb83
17:53:06.753 [JavaFX Application Thread] DEBUG AudioPlayer          - Playing music com.almasb.fxgl.audio.Music@1323cb83
17:53:06.880 [JavaFX Application Thread] DEBUG AudioPlayer          - Playing music com.almasb.fxgl.audio.Music@1323cb83
17:53:07.011 [JavaFX Application Thread] DEBUG AudioPlayer          - Playing music com.almasb.fxgl.audio.Music@1323cb83
17:53:07.139 [JavaFX Application Thread] DEBUG AudioPlayer          - Playing music com.almasb.fxgl.audio.Music@1323cb83
17:53:07.262 [JavaFX Application Thread] DEBUG AudioPlayer          - Playing music com.almasb.fxgl.audio.Music@1323cb83
17:53:07.395 [JavaFX Application Thread] DEBUG AudioPlayer          - Playing music com.almasb.fxgl.audio.Music@1323cb83
17:53:07.522 [JavaFX Application Thread] DEBUG AudioPlayer          - Playing music com.almasb.fxgl.audio.Music@1323cb83
17:53:07.634 [JavaFX Application Thread] DEBUG AudioPlayer          - Playing music com.almasb.fxgl.audio.Music@1323cb83
17:53:07.763 [JavaFX Application Thread] DEBUG AudioPlayer          - Playing music com.almasb.fxgl.audio.Music@1323cb83
17:53:07.794 [JavaFX Application Thread] DEBUG AudioPlayer          - Playing music com.almasb.fxgl.audio.Music@1323cb83
17:53:07.905 [JavaFX Application Thread] DEBUG AudioPlayer          - Playing music com.almasb.fxgl.audio.Music@1323cb83
17:53:08.025 [JavaFX Application Thread] DEBUG AudioPlayer          - Playing music com.almasb.fxgl.audio.Music@1323cb83
17:53:08.158 [JavaFX Application Thread] DEBUG AudioPlayer          - Playing music com.almasb.fxgl.audio.Music@1323cb83
17:53:08.274 [JavaFX Application Thread] DEBUG AudioPlayer          - Playing music com.almasb.fxgl.audio.Music@1323cb83
17:53:08.395 [JavaFX Application Thread] DEBUG AudioPlayer          - Playing music com.almasb.fxgl.audio.Music@1323cb83
17:53:10.434 [JavaFX Application Thread] DEBUG AudioPlayer          - Playing music com.almasb.fxgl.audio.Music@381e73f7
17:53:13.490 [JavaFX Application Thread] DEBUG AudioPlayer          - Playing music com.almasb.fxgl.audio.Music@1323cb83
17:53:13.601 [JavaFX Application Thread] DEBUG AudioPlayer          - Playing music com.almasb.fxgl.audio.Music@1323cb83
17:53:13.730 [JavaFX Application Thread] DEBUG AudioPlayer          - Playing music com.almasb.fxgl.audio.Music@1323cb83
17:53:13.855 [JavaFX Application Thread] DEBUG AudioPlayer          - Playing music com.almasb.fxgl.audio.Music@1323cb83
17:53:13.983 [JavaFX Application Thread] DEBUG AudioPlayer          - Playing music com.almasb.fxgl.audio.Music@1323cb83
17:53:14.111 [JavaFX Application Thread] DEBUG AudioPlayer          - Playing music com.almasb.fxgl.audio.Music@1323cb83
17:53:14.225 [JavaFX Application Thread] DEBUG AudioPlayer          - Playing music com.almasb.fxgl.audio.Music@1323cb83
17:53:14.353 [JavaFX Application Thread] DEBUG AudioPlayer          - Playing music com.almasb.fxgl.audio.Music@1323cb83
17:53:14.483 [JavaFX Application Thread] DEBUG AudioPlayer          - Playing music com.almasb.fxgl.audio.Music@1323cb83
17:53:14.610 [JavaFX Application Thread] DEBUG AudioPlayer          - Playing music com.almasb.fxgl.audio.Music@1323cb83
17:53:14.739 [JavaFX Application Thread] DEBUG AudioPlayer          - Playing music com.almasb.fxgl.audio.Music@1323cb83
17:53:14.867 [JavaFX Application Thread] DEBUG AudioPlayer          - Playing music com.almasb.fxgl.audio.Music@1323cb83
17:53:14.995 [JavaFX Application Thread] DEBUG AudioPlayer          - Playing music com.almasb.fxgl.audio.Music@1323cb83
17:53:15.123 [JavaFX Application Thread] DEBUG AudioPlayer          - Playing music com.almasb.fxgl.audio.Music@1323cb83
17:53:15.249 [JavaFX Application Thread] DEBUG AudioPlayer          - Playing music com.almasb.fxgl.audio.Music@50da586
17:53:18.563 [JavaFX Application Thread] DEBUG AudioPlayer          - Playing music com.almasb.fxgl.audio.Music@5319e8e4
17:53:18.690 [JavaFX Application Thread] DEBUG AudioPlayer          - Playing music com.almasb.fxgl.audio.Music@5319e8e4
17:53:18.931 [JavaFX Application Thread] DEBUG AudioPlayer          - Playing music com.almasb.fxgl.audio.Music@5319e8e4
17:53:19.042 [JavaFX Application Thread] DEBUG AudioPlayer          - Playing music com.almasb.fxgl.audio.Music@5319e8e4
17:53:19.155 [JavaFX Application Thread] DEBUG AudioPlayer          - Playing music com.almasb.fxgl.audio.Music@5319e8e4
17:53:19.523 [JavaFX Application Thread] DEBUG AudioPlayer          - Playing music com.almasb.fxgl.audio.Music@5319e8e4
17:53:19.634 [JavaFX Application Thread] DEBUG AudioPlayer          - Playing music com.almasb.fxgl.audio.Music@5319e8e4
17:53:19.778 [JavaFX Application Thread] DEBUG AudioPlayer          - Playing music com.almasb.fxgl.audio.Music@50da586
17:53:23.710 [JavaFX Application Thread] DEBUG AudioPlayer          - Playing music com.almasb.fxgl.audio.Music@381e73f7
17:53:25.074 [JavaFX Application Thread] DEBUG AudioPlayer          - Playing music com.almasb.fxgl.audio.Music@5319e8e4
17:53:25.201 [JavaFX Application Thread] DEBUG AudioPlayer          - Playing music com.almasb.fxgl.audio.Music@5319e8e4
17:53:25.330 [JavaFX Application Thread] DEBUG AudioPlayer          - Playing music com.almasb.fxgl.audio.Music@5319e8e4
17:53:25.456 [JavaFX Application Thread] DEBUG AudioPlayer          - Playing music com.almasb.fxgl.audio.Music@5319e8e4
17:53:25.587 [JavaFX Application Thread] DEBUG AudioPlayer          - Playing music com.almasb.fxgl.audio.Music@5319e8e4
17:53:25.711 [JavaFX Application Thread] DEBUG AudioPlayer          - Playing music com.almasb.fxgl.audio.Music@5319e8e4
17:53:25.844 [JavaFX Application Thread] DEBUG AudioPlayer          - Playing music com.almasb.fxgl.audio.Music@50da586
17:53:26.947 [JavaFX Application Thread] DEBUG AudioPlayer          - Playing music com.almasb.fxgl.audio.Music@381e73f7
17:53:28.324 [JavaFX Application Thread] DEBUG AudioPlayer          - Playing music com.almasb.fxgl.audio.Music@50da586
17:53:29.154 [JavaFX Application Thread] DEBUG AudioPlayer          - Playing music com.almasb.fxgl.audio.Music@5319e8e4
17:53:29.283 [JavaFX Application Thread] DEBUG AudioPlayer          - Playing music com.almasb.fxgl.audio.Music@5319e8e4
17:53:29.411 [JavaFX Application Thread] DEBUG AudioPlayer          - Playing music com.almasb.fxgl.audio.Music@5319e8e4
17:53:29.534 [JavaFX Application Thread] DEBUG AudioPlayer          - Playing music com.almasb.fxgl.audio.Music@5319e8e4
17:53:29.661 [JavaFX Application Thread] DEBUG AudioPlayer          - Playing music com.almasb.fxgl.audio.Music@5319e8e4
17:53:29.776 [JavaFX Application Thread] DEBUG AudioPlayer          - Playing music com.almasb.fxgl.audio.Music@5319e8e4
17:53:29.904 [JavaFX Application Thread] DEBUG AudioPlayer          - Playing music com.almasb.fxgl.audio.Music@50da586
17:53:34.466 [JavaFX Application Thread] DEBUG AudioPlayer          - Playing music com.almasb.fxgl.audio.Music@381e73f7
17:53:38.655 [JavaFX Application Thread] DEBUG AudioPlayer          - Playing music com.almasb.fxgl.audio.Music@5319e8e4
17:53:40.419 [JavaFX Application Thread] DEBUG AudioPlayer          - Playing music com.almasb.fxgl.audio.Music@5319e8e4
17:53:42.303 [JavaFX Application Thread] DEBUG AudioPlayer          - Playing music com.almasb.fxgl.audio.Music@5319e8e4
17:53:44.116 [JavaFX Application Thread] DEBUG AudioPlayer          - Playing music com.almasb.fxgl.audio.Music@381e73f7
17:53:44.831 [JavaFX Application Thread] DEBUG AudioPlayer          - Playing music com.almasb.fxgl.audio.Music@50da586
17:53:47.251 [JavaFX Application Thread] DEBUG AudioPlayer          - Playing music com.almasb.fxgl.audio.Music@1323cb83
17:53:47.347 [JavaFX Application Thread] DEBUG AudioPlayer          - Playing music com.almasb.fxgl.audio.Music@1323cb83
17:53:47.455 [JavaFX Application Thread] DEBUG AudioPlayer          - Playing music com.almasb.fxgl.audio.Music@1323cb83
17:53:47.570 [JavaFX Application Thread] DEBUG AudioPlayer          - Playing music com.almasb.fxgl.audio.Music@1323cb83
17:53:47.680 [JavaFX Application Thread] DEBUG AudioPlayer          - Playing music com.almasb.fxgl.audio.Music@1323cb83
17:53:47.795 [JavaFX Application Thread] DEBUG AudioPlayer          - Playing music com.almasb.fxgl.audio.Music@1323cb83
17:53:47.906 [JavaFX Application Thread] DEBUG AudioPlayer          - Playing music com.almasb.fxgl.audio.Music@1323cb83
17:53:48.030 [JavaFX Application Thread] DEBUG AudioPlayer          - Playing music com.almasb.fxgl.audio.Music@1323cb83
17:53:48.146 [JavaFX Application Thread] DEBUG AudioPlayer          - Playing music com.almasb.fxgl.audio.Music@1323cb83
17:53:48.242 [JavaFX Application Thread] DEBUG AudioPlayer          - Playing music com.almasb.fxgl.audio.Music@1323cb83
17:53:48.243 [JavaFX Application Thread] DEBUG AudioPlayer          - Playing music com.almasb.fxgl.audio.Music@1323cb83
17:53:48.340 [JavaFX Application Thread] DEBUG AudioPlayer          - Playing music com.almasb.fxgl.audio.Music@1323cb83
17:53:48.450 [JavaFX Application Thread] DEBUG AudioPlayer          - Playing music com.almasb.fxgl.audio.Music@1323cb83
17:53:48.570 [JavaFX Application Thread] DEBUG AudioPlayer          - Playing music com.almasb.fxgl.audio.Music@1323cb83
17:53:48.691 [JavaFX Application Thread] DEBUG AudioPlayer          - Playing music com.almasb.fxgl.audio.Music@1323cb83
17:53:48.803 [JavaFX Application Thread] DEBUG AudioPlayer          - Playing music com.almasb.fxgl.audio.Music@1323cb83
17:53:48.915 [JavaFX Application Thread] DEBUG AudioPlayer          - Playing music com.almasb.fxgl.audio.Music@1323cb83
17:53:49.019 [JavaFX Application Thread] DEBUG AudioPlayer          - Playing music com.almasb.fxgl.audio.Music@1323cb83
17:53:49.139 [JavaFX Application Thread] DEBUG AudioPlayer          - Playing music com.almasb.fxgl.audio.Music@1323cb83
17:53:49.267 [JavaFX Application Thread] DEBUG AudioPlayer          - Playing music com.almasb.fxgl.audio.Music@1323cb83
17:53:49.394 [JavaFX Application Thread] DEBUG AudioPlayer          - Playing music com.almasb.fxgl.audio.Music@1323cb83
17:53:49.522 [JavaFX Application Thread] DEBUG AudioPlayer          - Playing music com.almasb.fxgl.audio.Music@1323cb83
17:53:49.651 [JavaFX Application Thread] DEBUG AudioPlayer          - Playing music com.almasb.fxgl.audio.Music@1323cb83
17:53:49.763 [JavaFX Application Thread] DEBUG AudioPlayer          - Playing music com.almasb.fxgl.audio.Music@1323cb83
17:53:49.892 [JavaFX Application Thread] DEBUG AudioPlayer          - Playing music com.almasb.fxgl.audio.Music@1323cb83
17:53:50.019 [JavaFX Application Thread] DEBUG AudioPlayer          - Playing music com.almasb.fxgl.audio.Music@1323cb83
17:53:50.146 [JavaFX Application Thread] DEBUG AudioPlayer          - Playing music com.almasb.fxgl.audio.Music@1323cb83
17:53:50.274 [JavaFX Application Thread] DEBUG AudioPlayer          - Playing music com.almasb.fxgl.audio.Music@1323cb83
17:53:50.402 [JavaFX Application Thread] DEBUG AudioPlayer          - Playing music com.almasb.fxgl.audio.Music@1323cb83
17:53:50.528 [JavaFX Application Thread] DEBUG AudioPlayer          - Playing music com.almasb.fxgl.audio.Music@1323cb83
17:53:50.659 [JavaFX Application Thread] DEBUG AudioPlayer          - Playing music com.almasb.fxgl.audio.Music@1323cb83
17:53:50.782 [JavaFX Application Thread] DEBUG AudioPlayer          - Playing music com.almasb.fxgl.audio.Music@1323cb83
17:53:50.916 [JavaFX Application Thread] DEBUG AudioPlayer          - Playing music com.almasb.fxgl.audio.Music@1323cb83
17:53:51.042 [JavaFX Application Thread] DEBUG AudioPlayer          - Playing music com.almasb.fxgl.audio.Music@1323cb83
17:53:51.171 [JavaFX Application Thread] DEBUG AudioPlayer          - Playing music com.almasb.fxgl.audio.Music@1323cb83
17:53:51.298 [JavaFX Application Thread] DEBUG AudioPlayer          - Playing music com.almasb.fxgl.audio.Music@1323cb83
17:53:51.425 [JavaFX Application Thread] DEBUG AudioPlayer          - Playing music com.almasb.fxgl.audio.Music@1323cb83
17:53:51.554 [JavaFX Application Thread] DEBUG AudioPlayer          - Playing music com.almasb.fxgl.audio.Music@1323cb83
17:53:51.683 [JavaFX Application Thread] DEBUG AudioPlayer          - Playing music com.almasb.fxgl.audio.Music@1323cb83
17:53:51.806 [JavaFX Application Thread] DEBUG AudioPlayer          - Playing music com.almasb.fxgl.audio.Music@1323cb83
17:53:51.939 [JavaFX Application Thread] DEBUG AudioPlayer          - Playing music com.almasb.fxgl.audio.Music@1323cb83
17:53:52.062 [JavaFX Application Thread] DEBUG AudioPlayer          - Playing music com.almasb.fxgl.audio.Music@1323cb83
17:53:52.195 [JavaFX Application Thread] DEBUG AudioPlayer          - Playing music com.almasb.fxgl.audio.Music@1323cb83
17:53:52.322 [JavaFX Application Thread] DEBUG AudioPlayer          - Playing music com.almasb.fxgl.audio.Music@1323cb83
17:53:52.448 [JavaFX Application Thread] DEBUG AudioPlayer          - Playing music com.almasb.fxgl.audio.Music@1323cb83
17:53:52.579 [JavaFX Application Thread] DEBUG AudioPlayer          - Playing music com.almasb.fxgl.audio.Music@1323cb83
17:53:52.704 [JavaFX Application Thread] DEBUG AudioPlayer          - Playing music com.almasb.fxgl.audio.Music@1323cb83
17:53:52.818 [JavaFX Application Thread] DEBUG AudioPlayer          - Playing music com.almasb.fxgl.audio.Music@381e73f7
17:53:52.831 [JavaFX Application Thread] DEBUG AudioPlayer          - Playing music com.almasb.fxgl.audio.Music@1323cb83
17:53:52.963 [JavaFX Application Thread] DEBUG AudioPlayer          - Playing music com.almasb.fxgl.audio.Music@1323cb83
17:53:53.091 [JavaFX Application Thread] DEBUG AudioPlayer          - Playing music com.almasb.fxgl.audio.Music@50da586
17:53:54.739 [JavaFX Application Thread] DEBUG AudioPlayer          - Playing music com.almasb.fxgl.audio.Music@1323cb83
17:53:54.787 [JavaFX Application Thread] DEBUG AudioPlayer          - Playing music com.almasb.fxgl.audio.Music@1323cb83
17:53:54.851 [JavaFX Application Thread] DEBUG AudioPlayer          - Playing music com.almasb.fxgl.audio.Music@1323cb83
17:53:54.910 [JavaFX Application Thread] DEBUG AudioPlayer          - Playing music com.almasb.fxgl.audio.Music@1323cb83
17:53:55.043 [JavaFX Application Thread] DEBUG AudioPlayer          - Playing music com.almasb.fxgl.audio.Music@1323cb83
17:53:55.171 [JavaFX Application Thread] DEBUG AudioPlayer          - Playing music com.almasb.fxgl.audio.Music@1323cb83
17:53:55.298 [JavaFX Application Thread] DEBUG AudioPlayer          - Playing music com.almasb.fxgl.audio.Music@1323cb83
17:53:55.425 [JavaFX Application Thread] DEBUG AudioPlayer          - Playing music com.almasb.fxgl.audio.Music@1323cb83
17:53:55.555 [JavaFX Application Thread] DEBUG AudioPlayer          - Playing music com.almasb.fxgl.audio.Music@1323cb83
17:53:55.683 [JavaFX Application Thread] DEBUG AudioPlayer          - Playing music com.almasb.fxgl.audio.Music@1323cb83
17:53:55.811 [JavaFX Application Thread] DEBUG AudioPlayer          - Playing music com.almasb.fxgl.audio.Music@1323cb83
17:53:55.940 [JavaFX Application Thread] DEBUG AudioPlayer          - Playing music com.almasb.fxgl.audio.Music@1323cb83
17:53:56.068 [JavaFX Application Thread] DEBUG AudioPlayer          - Playing music com.almasb.fxgl.audio.Music@1323cb83
17:53:56.195 [JavaFX Application Thread] DEBUG AudioPlayer          - Playing music com.almasb.fxgl.audio.Music@1323cb83
17:53:56.323 [JavaFX Application Thread] DEBUG AudioPlayer          - Playing music com.almasb.fxgl.audio.Music@1323cb83
17:53:56.450 [JavaFX Application Thread] DEBUG AudioPlayer          - Playing music com.almasb.fxgl.audio.Music@1323cb83
17:53:56.579 [JavaFX Application Thread] DEBUG AudioPlayer          - Playing music com.almasb.fxgl.audio.Music@1323cb83
17:53:56.704 [JavaFX Application Thread] DEBUG AudioPlayer          - Playing music com.almasb.fxgl.audio.Music@1323cb83
17:53:56.835 [JavaFX Application Thread] DEBUG AudioPlayer          - Playing music com.almasb.fxgl.audio.Music@1323cb83
17:53:56.959 [JavaFX Application Thread] DEBUG AudioPlayer          - Playing music com.almasb.fxgl.audio.Music@1323cb83
17:53:57.091 [JavaFX Application Thread] DEBUG AudioPlayer          - Playing music com.almasb.fxgl.audio.Music@1323cb83
17:53:57.200 [JavaFX Application Thread] DEBUG AudioPlayer          - Playing music com.almasb.fxgl.audio.Music@1323cb83
17:53:57.331 [JavaFX Application Thread] DEBUG AudioPlayer          - Playing music com.almasb.fxgl.audio.Music@1323cb83
17:53:57.459 [JavaFX Application Thread] DEBUG AudioPlayer          - Playing music com.almasb.fxgl.audio.Music@1323cb83
17:53:57.583 [JavaFX Application Thread] DEBUG AudioPlayer          - Playing music com.almasb.fxgl.audio.Music@1323cb83
17:53:57.715 [JavaFX Application Thread] DEBUG AudioPlayer          - Playing music com.almasb.fxgl.audio.Music@1323cb83
17:53:57.843 [JavaFX Application Thread] DEBUG AudioPlayer          - Playing music com.almasb.fxgl.audio.Music@1323cb83
17:53:57.972 [JavaFX Application Thread] DEBUG AudioPlayer          - Playing music com.almasb.fxgl.audio.Music@1323cb83
17:53:58.099 [JavaFX Application Thread] DEBUG AudioPlayer          - Playing music com.almasb.fxgl.audio.Music@1323cb83
17:53:58.225 [JavaFX Application Thread] DEBUG AudioPlayer          - Playing music com.almasb.fxgl.audio.Music@50da586
17:54:02.530 [JavaFX Application Thread] DEBUG AudioPlayer          - Playing music com.almasb.fxgl.audio.Music@381e73f7
17:54:05.202 [JavaFX Application Thread] DEBUG AudioPlayer          - Playing music com.almasb.fxgl.audio.Music@1323cb83
17:54:05.346 [JavaFX Application Thread] DEBUG AudioPlayer          - Playing music com.almasb.fxgl.audio.Music@1323cb83
17:54:05.603 [JavaFX Application Thread] DEBUG AudioPlayer          - Playing music com.almasb.fxgl.audio.Music@1323cb83
17:54:05.746 [JavaFX Application Thread] DEBUG AudioPlayer          - Playing music com.almasb.fxgl.audio.Music@1323cb83
17:54:05.890 [JavaFX Application Thread] DEBUG AudioPlayer          - Playing music com.almasb.fxgl.audio.Music@1323cb83
17:54:06.019 [JavaFX Application Thread] DEBUG AudioPlayer          - Playing music com.almasb.fxgl.audio.Music@1323cb83
17:54:06.147 [JavaFX Application Thread] DEBUG AudioPlayer          - Playing music com.almasb.fxgl.audio.Music@1323cb83
17:54:06.275 [JavaFX Application Thread] DEBUG AudioPlayer          - Playing music com.almasb.fxgl.audio.Music@1323cb83
17:54:06.419 [JavaFX Application Thread] DEBUG AudioPlayer          - Playing music com.almasb.fxgl.audio.Music@1323cb83
17:54:06.563 [JavaFX Application Thread] DEBUG AudioPlayer          - Playing music com.almasb.fxgl.audio.Music@1323cb83
17:54:06.674 [JavaFX Application Thread] DEBUG AudioPlayer          - Playing music com.almasb.fxgl.audio.Music@1323cb83
17:54:06.819 [JavaFX Application Thread] DEBUG AudioPlayer          - Playing music com.almasb.fxgl.audio.Music@1323cb83
17:54:06.947 [JavaFX Application Thread] DEBUG AudioPlayer          - Playing music com.almasb.fxgl.audio.Music@1323cb83
17:54:07.090 [JavaFX Application Thread] DEBUG AudioPlayer          - Playing music com.almasb.fxgl.audio.Music@1323cb83
17:54:07.219 [JavaFX Application Thread] DEBUG AudioPlayer          - Playing music com.almasb.fxgl.audio.Music@1323cb83
17:54:07.347 [JavaFX Application Thread] DEBUG AudioPlayer          - Playing music com.almasb.fxgl.audio.Music@1323cb83
17:54:07.476 [JavaFX Application Thread] DEBUG AudioPlayer          - Playing music com.almasb.fxgl.audio.Music@1323cb83
17:54:07.619 [JavaFX Application Thread] DEBUG AudioPlayer          - Playing music com.almasb.fxgl.audio.Music@1323cb83
17:54:07.763 [JavaFX Application Thread] DEBUG AudioPlayer          - Playing music com.almasb.fxgl.audio.Music@1323cb83
17:54:07.875 [JavaFX Application Thread] DEBUG AudioPlayer          - Playing music com.almasb.fxgl.audio.Music@1323cb83
17:54:08.018 [JavaFX Application Thread] DEBUG AudioPlayer          - Playing music com.almasb.fxgl.audio.Music@1323cb83
17:54:08.147 [JavaFX Application Thread] DEBUG AudioPlayer          - Playing music com.almasb.fxgl.audio.Music@1323cb83
17:54:08.290 [JavaFX Application Thread] DEBUG AudioPlayer          - Playing music com.almasb.fxgl.audio.Music@1323cb83
17:54:08.420 [JavaFX Application Thread] DEBUG AudioPlayer          - Playing music com.almasb.fxgl.audio.Music@1323cb83
17:54:08.546 [JavaFX Application Thread] DEBUG AudioPlayer          - Playing music com.almasb.fxgl.audio.Music@1323cb83
17:54:08.675 [JavaFX Application Thread] DEBUG AudioPlayer          - Playing music com.almasb.fxgl.audio.Music@1323cb83
17:54:08.802 [JavaFX Application Thread] DEBUG AudioPlayer          - Playing music com.almasb.fxgl.audio.Music@1323cb83
17:54:08.947 [JavaFX Application Thread] DEBUG AudioPlayer          - Playing music com.almasb.fxgl.audio.Music@1323cb83
17:54:09.075 [JavaFX Application Thread] DEBUG AudioPlayer          - Playing music com.almasb.fxgl.audio.Music@1323cb83
17:54:09.203 [JavaFX Application Thread] DEBUG AudioPlayer          - Playing music com.almasb.fxgl.audio.Music@1323cb83
17:54:09.330 [JavaFX Application Thread] DEBUG AudioPlayer          - Playing music com.almasb.fxgl.audio.Music@1323cb83
17:54:09.475 [JavaFX Application Thread] DEBUG AudioPlayer          - Playing music com.almasb.fxgl.audio.Music@1323cb83
17:54:09.603 [JavaFX Application Thread] DEBUG AudioPlayer          - Playing music com.almasb.fxgl.audio.Music@1323cb83
17:54:09.747 [JavaFX Application Thread] DEBUG AudioPlayer          - Playing music com.almasb.fxgl.audio.Music@1323cb83
17:54:09.876 [JavaFX Application Thread] DEBUG AudioPlayer          - Playing music com.almasb.fxgl.audio.Music@1323cb83
17:54:10.002 [JavaFX Application Thread] DEBUG AudioPlayer          - Playing music com.almasb.fxgl.audio.Music@1323cb83
17:54:10.131 [JavaFX Application Thread] DEBUG AudioPlayer          - Playing music com.almasb.fxgl.audio.Music@1323cb83
17:54:10.260 [JavaFX Application Thread] DEBUG AudioPlayer          - Playing music com.almasb.fxgl.audio.Music@1323cb83
17:54:10.402 [JavaFX Application Thread] DEBUG AudioPlayer          - Playing music com.almasb.fxgl.audio.Music@1323cb83
17:54:10.514 [JavaFX Application Thread] DEBUG AudioPlayer          - Playing music com.almasb.fxgl.audio.Music@50da586
17:54:12.867 [JavaFX Application Thread] DEBUG AudioPlayer          - Playing music com.almasb.fxgl.audio.Music@1323cb83
17:54:12.979 [JavaFX Application Thread] DEBUG AudioPlayer          - Playing music com.almasb.fxgl.audio.Music@1323cb83
17:54:13.106 [JavaFX Application Thread] DEBUG AudioPlayer          - Playing music com.almasb.fxgl.audio.Music@1323cb83
17:54:13.235 [JavaFX Application Thread] DEBUG AudioPlayer          - Playing music com.almasb.fxgl.audio.Music@1323cb83
17:54:13.378 [JavaFX Application Thread] DEBUG AudioPlayer          - Playing music com.almasb.fxgl.audio.Music@1323cb83
17:54:13.506 [JavaFX Application Thread] DEBUG AudioPlayer          - Playing music com.almasb.fxgl.audio.Music@1323cb83
17:54:13.618 [JavaFX Application Thread] DEBUG AudioPlayer          - Playing music com.almasb.fxgl.audio.Music@1323cb83
17:54:13.762 [JavaFX Application Thread] DEBUG AudioPlayer          - Playing music com.almasb.fxgl.audio.Music@1323cb83
17:54:13.892 [JavaFX Application Thread] DEBUG AudioPlayer          - Playing music com.almasb.fxgl.audio.Music@1323cb83
17:54:14.034 [JavaFX Application Thread] DEBUG AudioPlayer          - Playing music com.almasb.fxgl.audio.Music@1323cb83
17:54:14.179 [JavaFX Application Thread] DEBUG AudioPlayer          - Playing music com.almasb.fxgl.audio.Music@1323cb83
17:54:14.308 [JavaFX Application Thread] DEBUG AudioPlayer          - Playing music com.almasb.fxgl.audio.Music@1323cb83
17:54:14.435 [JavaFX Application Thread] DEBUG AudioPlayer          - Playing music com.almasb.fxgl.audio.Music@1323cb83
17:54:14.547 [JavaFX Application Thread] DEBUG AudioPlayer          - Playing music com.almasb.fxgl.audio.Music@1323cb83
17:54:14.691 [JavaFX Application Thread] DEBUG AudioPlayer          - Playing music com.almasb.fxgl.audio.Music@1323cb83
17:54:14.819 [JavaFX Application Thread] DEBUG AudioPlayer          - Playing music com.almasb.fxgl.audio.Music@1323cb83
17:54:14.947 [JavaFX Application Thread] DEBUG AudioPlayer          - Playing music com.almasb.fxgl.audio.Music@1323cb83
17:54:15.090 [JavaFX Application Thread] DEBUG AudioPlayer          - Playing music com.almasb.fxgl.audio.Music@1323cb83
17:54:15.219 [JavaFX Application Thread] DEBUG AudioPlayer          - Playing music com.almasb.fxgl.audio.Music@1323cb83
17:54:15.347 [JavaFX Application Thread] DEBUG AudioPlayer          - Playing music com.almasb.fxgl.audio.Music@1323cb83
17:54:15.490 [JavaFX Application Thread] DEBUG AudioPlayer          - Playing music com.almasb.fxgl.audio.Music@1323cb83
17:54:15.619 [JavaFX Application Thread] DEBUG AudioPlayer          - Playing music com.almasb.fxgl.audio.Music@1323cb83
17:54:15.746 [JavaFX Application Thread] DEBUG AudioPlayer          - Playing music com.almasb.fxgl.audio.Music@1323cb83
17:54:15.891 [JavaFX Application Thread] DEBUG AudioPlayer          - Playing music com.almasb.fxgl.audio.Music@1323cb83
17:54:16.020 [JavaFX Application Thread] DEBUG AudioPlayer          - Playing music com.almasb.fxgl.audio.Music@1323cb83
17:54:16.147 [JavaFX Application Thread] DEBUG AudioPlayer          - Playing music com.almasb.fxgl.audio.Music@1323cb83
17:54:16.276 [JavaFX Application Thread] DEBUG AudioPlayer          - Playing music com.almasb.fxgl.audio.Music@1323cb83
17:54:16.419 [JavaFX Application Thread] DEBUG AudioPlayer          - Playing music com.almasb.fxgl.audio.Music@1323cb83
17:54:16.548 [JavaFX Application Thread] DEBUG AudioPlayer          - Playing music com.almasb.fxgl.audio.Music@1323cb83
17:54:16.674 [JavaFX Application Thread] DEBUG AudioPlayer          - Playing music com.almasb.fxgl.audio.Music@1323cb83
17:54:16.818 [JavaFX Application Thread] DEBUG AudioPlayer          - Playing music com.almasb.fxgl.audio.Music@1323cb83
17:54:16.946 [JavaFX Application Thread] DEBUG AudioPlayer          - Playing music com.almasb.fxgl.audio.Music@1323cb83
17:54:17.075 [JavaFX Application Thread] DEBUG AudioPlayer          - Playing music com.almasb.fxgl.audio.Music@1323cb83
17:54:17.218 [JavaFX Application Thread] DEBUG AudioPlayer          - Playing music com.almasb.fxgl.audio.Music@1323cb83
17:54:17.347 [JavaFX Application Thread] DEBUG AudioPlayer          - Playing music com.almasb.fxgl.audio.Music@1323cb83
17:54:17.491 [JavaFX Application Thread] DEBUG AudioPlayer          - Playing music com.almasb.fxgl.audio.Music@1323cb83
17:54:17.634 [JavaFX Application Thread] DEBUG AudioPlayer          - Playing music com.almasb.fxgl.audio.Music@1323cb83
17:54:17.763 [JavaFX Application Thread] DEBUG AudioPlayer          - Playing music com.almasb.fxgl.audio.Music@1323cb83
17:54:17.906 [JavaFX Application Thread] DEBUG AudioPlayer          - Playing music com.almasb.fxgl.audio.Music@1323cb83
17:54:18.034 [JavaFX Application Thread] DEBUG AudioPlayer          - Playing music com.almasb.fxgl.audio.Music@1323cb83
17:54:18.179 [JavaFX Application Thread] DEBUG AudioPlayer          - Playing music com.almasb.fxgl.audio.Music@1323cb83
17:54:18.307 [JavaFX Application Thread] DEBUG AudioPlayer          - Playing music com.almasb.fxgl.audio.Music@1323cb83
17:54:18.434 [JavaFX Application Thread] DEBUG AudioPlayer          - Playing music com.almasb.fxgl.audio.Music@1323cb83
17:54:18.562 [JavaFX Application Thread] DEBUG AudioPlayer          - Playing music com.almasb.fxgl.audio.Music@1323cb83
17:54:18.707 [JavaFX Application Thread] DEBUG AudioPlayer          - Playing music com.almasb.fxgl.audio.Music@50da586
17:54:20.818 [JavaFX Application Thread] DEBUG AudioPlayer          - Playing music com.almasb.fxgl.audio.Music@1323cb83
17:54:21.027 [JavaFX Application Thread] DEBUG AudioPlayer          - Playing music com.almasb.fxgl.audio.Music@1323cb83
17:54:21.250 [JavaFX Application Thread] DEBUG AudioPlayer          - Playing music com.almasb.fxgl.audio.Music@1323cb83
17:54:21.475 [JavaFX Application Thread] DEBUG AudioPlayer          - Playing music com.almasb.fxgl.audio.Music@1323cb83
17:54:21.698 [JavaFX Application Thread] DEBUG AudioPlayer          - Playing music com.almasb.fxgl.audio.Music@1323cb83
17:54:21.954 [JavaFX Application Thread] DEBUG AudioPlayer          - Playing music com.almasb.fxgl.audio.Music@1323cb83
17:54:22.147 [JavaFX Application Thread] DEBUG AudioPlayer          - Playing music com.almasb.fxgl.audio.Music@1323cb83
17:54:22.274 [JavaFX Application Thread] DEBUG AudioPlayer          - Playing music com.almasb.fxgl.audio.Music@1323cb83
17:54:22.403 [JavaFX Application Thread] DEBUG AudioPlayer          - Playing music com.almasb.fxgl.audio.Music@1323cb83
17:54:22.530 [JavaFX Application Thread] DEBUG AudioPlayer          - Playing music com.almasb.fxgl.audio.Music@1323cb83
17:54:22.642 [JavaFX Application Thread] DEBUG AudioPlayer          - Playing music com.almasb.fxgl.audio.Music@1323cb83
17:54:22.770 [JavaFX Application Thread] DEBUG AudioPlayer          - Playing music com.almasb.fxgl.audio.Music@1323cb83
17:54:22.883 [JavaFX Application Thread] DEBUG AudioPlayer          - Playing music com.almasb.fxgl.audio.Music@1323cb83
17:54:23.010 [JavaFX Application Thread] DEBUG AudioPlayer          - Playing music com.almasb.fxgl.audio.Music@1323cb83
17:54:23.106 [JavaFX Application Thread] DEBUG AudioPlayer          - Playing music com.almasb.fxgl.audio.Music@1323cb83
17:54:23.235 [JavaFX Application Thread] DEBUG AudioPlayer          - Playing music com.almasb.fxgl.audio.Music@1323cb83
17:54:24.818 [JavaFX Application Thread] DEBUG AudioPlayer          - Playing music com.almasb.fxgl.audio.Music@1323cb83
17:54:24.946 [JavaFX Application Thread] DEBUG AudioPlayer          - Playing music com.almasb.fxgl.audio.Music@1323cb83
17:54:25.074 [JavaFX Application Thread] DEBUG AudioPlayer          - Playing music com.almasb.fxgl.audio.Music@1323cb83
17:54:25.203 [JavaFX Application Thread] DEBUG AudioPlayer          - Playing music com.almasb.fxgl.audio.Music@1323cb83
17:54:25.379 [JavaFX Application Thread] DEBUG AudioPlayer          - Playing music com.almasb.fxgl.audio.Music@1323cb83
17:54:25.475 [JavaFX Application Thread] DEBUG AudioPlayer          - Playing music com.almasb.fxgl.audio.Music@1323cb83
17:54:25.619 [JavaFX Application Thread] DEBUG AudioPlayer          - Playing music com.almasb.fxgl.audio.Music@1323cb83
17:54:25.747 [JavaFX Application Thread] DEBUG AudioPlayer          - Playing music com.almasb.fxgl.audio.Music@1323cb83
17:54:25.890 [JavaFX Application Thread] DEBUG AudioPlayer          - Playing music com.almasb.fxgl.audio.Music@1323cb83
17:54:26.019 [JavaFX Application Thread] DEBUG AudioPlayer          - Playing music com.almasb.fxgl.audio.Music@1323cb83
17:54:26.067 [JavaFX Application Thread] DEBUG AudioPlayer          - Playing music com.almasb.fxgl.audio.Music@381e73f7
17:54:26.147 [JavaFX Application Thread] DEBUG AudioPlayer          - Playing music com.almasb.fxgl.audio.Music@1323cb83
17:54:26.291 [JavaFX Application Thread] DEBUG AudioPlayer          - Playing music com.almasb.fxgl.audio.Music@1323cb83
17:54:26.403 [JavaFX Application Thread] DEBUG AudioPlayer          - Playing music com.almasb.fxgl.audio.Music@1323cb83
17:54:26.547 [JavaFX Application Thread] DEBUG AudioPlayer          - Playing music com.almasb.fxgl.audio.Music@1323cb83
17:54:26.658 [JavaFX Application Thread] DEBUG AudioPlayer          - Playing music com.almasb.fxgl.audio.Music@1323cb83
17:54:26.787 [JavaFX Application Thread] DEBUG AudioPlayer          - Playing music com.almasb.fxgl.audio.Music@1323cb83
17:54:26.931 [JavaFX Application Thread] DEBUG AudioPlayer          - Playing music com.almasb.fxgl.audio.Music@1323cb83
17:54:27.075 [JavaFX Application Thread] DEBUG AudioPlayer          - Playing music com.almasb.fxgl.audio.Music@1323cb83
17:54:27.076 [JavaFX Application Thread] DEBUG AudioPlayer          - Playing music com.almasb.fxgl.audio.Music@1323cb83
17:54:27.218 [JavaFX Application Thread] DEBUG AudioPlayer          - Playing music com.almasb.fxgl.audio.Music@1323cb83
17:54:27.347 [JavaFX Application Thread] DEBUG AudioPlayer          - Playing music com.almasb.fxgl.audio.Music@1323cb83
17:54:27.475 [JavaFX Application Thread] DEBUG AudioPlayer          - Playing music com.almasb.fxgl.audio.Music@1323cb83
17:54:27.603 [JavaFX Application Thread] DEBUG AudioPlayer          - Playing music com.almasb.fxgl.audio.Music@1323cb83
17:54:27.730 [JavaFX Application Thread] DEBUG AudioPlayer          - Playing music com.almasb.fxgl.audio.Music@1323cb83
17:54:27.874 [JavaFX Application Thread] DEBUG AudioPlayer          - Playing music com.almasb.fxgl.audio.Music@1323cb83
17:54:28.002 [JavaFX Application Thread] DEBUG AudioPlayer          - Playing music com.almasb.fxgl.audio.Music@1323cb83
17:54:28.130 [JavaFX Application Thread] DEBUG AudioPlayer          - Playing music com.almasb.fxgl.audio.Music@1323cb83
17:54:28.276 [JavaFX Application Thread] DEBUG AudioPlayer          - Playing music com.almasb.fxgl.audio.Music@1323cb83
17:54:28.402 [JavaFX Application Thread] DEBUG AudioPlayer          - Playing music com.almasb.fxgl.audio.Music@1323cb83
17:54:28.564 [JavaFX Application Thread] DEBUG AudioPlayer          - Playing music com.almasb.fxgl.audio.Music@1323cb83
17:54:28.674 [JavaFX Application Thread] DEBUG AudioPlayer          - Playing music com.almasb.fxgl.audio.Music@1323cb83
17:54:28.834 [JavaFX Application Thread] DEBUG AudioPlayer          - Playing music com.almasb.fxgl.audio.Music@1323cb83
17:54:28.946 [JavaFX Application Thread] DEBUG AudioPlayer          - Playing music com.almasb.fxgl.audio.Music@1323cb83
17:54:29.075 [JavaFX Application Thread] DEBUG AudioPlayer          - Playing music com.almasb.fxgl.audio.Music@1323cb83
17:54:29.219 [JavaFX Application Thread] DEBUG AudioPlayer          - Playing music com.almasb.fxgl.audio.Music@1323cb83
17:54:29.346 [JavaFX Application Thread] DEBUG AudioPlayer          - Playing music com.almasb.fxgl.audio.Music@1323cb83
17:54:29.475 [JavaFX Application Thread] DEBUG AudioPlayer          - Playing music com.almasb.fxgl.audio.Music@1323cb83
17:54:29.603 [JavaFX Application Thread] DEBUG AudioPlayer          - Playing music com.almasb.fxgl.audio.Music@1323cb83
17:54:29.731 [JavaFX Application Thread] DEBUG AudioPlayer          - Playing music com.almasb.fxgl.audio.Music@1323cb83
17:54:29.858 [JavaFX Application Thread] DEBUG AudioPlayer          - Playing music com.almasb.fxgl.audio.Music@1323cb83
17:54:29.986 [JavaFX Application Thread] DEBUG AudioPlayer          - Playing music com.almasb.fxgl.audio.Music@1323cb83
17:54:30.115 [JavaFX Application Thread] DEBUG AudioPlayer          - Playing music com.almasb.fxgl.audio.Music@1323cb83
17:54:30.274 [JavaFX Application Thread] DEBUG AudioPlayer          - Playing music com.almasb.fxgl.audio.Music@1323cb83
17:54:30.386 [JavaFX Application Thread] DEBUG AudioPlayer          - Playing music com.almasb.fxgl.audio.Music@50da586
17:54:31.618 [JavaFX Application Thread] DEBUG AudioPlayer          - Playing music com.almasb.fxgl.audio.Music@1323cb83
17:54:31.682 [JavaFX Application Thread] DEBUG AudioPlayer          - Playing music com.almasb.fxgl.audio.Music@1323cb83
17:54:31.794 [JavaFX Application Thread] DEBUG AudioPlayer          - Playing music com.almasb.fxgl.audio.Music@1323cb83
17:54:31.906 [JavaFX Application Thread] DEBUG AudioPlayer          - Playing music com.almasb.fxgl.audio.Music@1323cb83
17:54:32.035 [JavaFX Application Thread] DEBUG AudioPlayer          - Playing music com.almasb.fxgl.audio.Music@1323cb83
17:54:32.162 [JavaFX Application Thread] DEBUG AudioPlayer          - Playing music com.almasb.fxgl.audio.Music@1323cb83
17:54:32.258 [JavaFX Application Thread] DEBUG AudioPlayer          - Playing music com.almasb.fxgl.audio.Music@1323cb83
17:54:32.402 [JavaFX Application Thread] DEBUG AudioPlayer          - Playing music com.almasb.fxgl.audio.Music@1323cb83
17:54:32.499 [JavaFX Application Thread] DEBUG AudioPlayer          - Playing music com.almasb.fxgl.audio.Music@1323cb83
17:54:32.610 [JavaFX Application Thread] DEBUG AudioPlayer          - Playing music com.almasb.fxgl.audio.Music@1323cb83
17:54:32.722 [JavaFX Application Thread] DEBUG AudioPlayer          - Playing music com.almasb.fxgl.audio.Music@1323cb83
17:54:32.834 [JavaFX Application Thread] DEBUG AudioPlayer          - Playing music com.almasb.fxgl.audio.Music@1323cb83
17:54:32.947 [JavaFX Application Thread] DEBUG AudioPlayer          - Playing music com.almasb.fxgl.audio.Music@1323cb83
17:54:33.074 [JavaFX Application Thread] DEBUG AudioPlayer          - Playing music com.almasb.fxgl.audio.Music@1323cb83
17:54:33.186 [JavaFX Application Thread] DEBUG AudioPlayer          - Playing music com.almasb.fxgl.audio.Music@1323cb83
17:54:33.298 [JavaFX Application Thread] DEBUG AudioPlayer          - Playing music com.almasb.fxgl.audio.Music@1323cb83
17:54:33.411 [JavaFX Application Thread] DEBUG AudioPlayer          - Playing music com.almasb.fxgl.audio.Music@1323cb83
17:54:33.523 [JavaFX Application Thread] DEBUG AudioPlayer          - Playing music com.almasb.fxgl.audio.Music@1323cb83
17:54:33.634 [JavaFX Application Thread] DEBUG AudioPlayer          - Playing music com.almasb.fxgl.audio.Music@1323cb83
17:54:33.745 [JavaFX Application Thread] DEBUG AudioPlayer          - Playing music com.almasb.fxgl.audio.Music@1323cb83
17:54:33.858 [JavaFX Application Thread] DEBUG AudioPlayer          - Playing music com.almasb.fxgl.audio.Music@1323cb83
17:54:33.986 [JavaFX Application Thread] DEBUG AudioPlayer          - Playing music com.almasb.fxgl.audio.Music@1323cb83
17:54:34.096 [JavaFX Application Thread] DEBUG AudioPlayer          - Playing music com.almasb.fxgl.audio.Music@1323cb83
17:54:35.859 [JavaFX Application Thread] DEBUG AudioPlayer          - Playing music com.almasb.fxgl.audio.Music@1323cb83
17:54:36.003 [JavaFX Application Thread] DEBUG AudioPlayer          - Playing music com.almasb.fxgl.audio.Music@1323cb83
17:54:36.131 [JavaFX Application Thread] DEBUG AudioPlayer          - Playing music com.almasb.fxgl.audio.Music@1323cb83
17:54:36.274 [JavaFX Application Thread] DEBUG AudioPlayer          - Playing music com.almasb.fxgl.audio.Music@1323cb83
17:54:36.394 [JavaFX Application Thread] DEBUG AudioPlayer          - Playing music com.almasb.fxgl.audio.Music@1323cb83
17:54:36.521 [JavaFX Application Thread] DEBUG AudioPlayer          - Playing music com.almasb.fxgl.audio.Music@1323cb83
17:54:36.648 [JavaFX Application Thread] DEBUG AudioPlayer          - Playing music com.almasb.fxgl.audio.Music@1323cb83
17:54:36.804 [JavaFX Application Thread] DEBUG AudioPlayer          - Playing music com.almasb.fxgl.audio.Music@1323cb83
17:54:36.963 [JavaFX Application Thread] DEBUG AudioPlayer          - Playing music com.almasb.fxgl.audio.Music@1323cb83
17:54:37.154 [JavaFX Application Thread] DEBUG AudioPlayer          - Playing music com.almasb.fxgl.audio.Music@1323cb83
17:54:37.266 [JavaFX Application Thread] DEBUG AudioPlayer          - Playing music com.almasb.fxgl.audio.Music@1323cb83
17:54:37.394 [JavaFX Application Thread] DEBUG AudioPlayer          - Playing music com.almasb.fxgl.audio.Music@1323cb83
17:54:37.523 [JavaFX Application Thread] DEBUG AudioPlayer          - Playing music com.almasb.fxgl.audio.Music@1323cb83
17:54:37.650 [JavaFX Application Thread] DEBUG AudioPlayer          - Playing music com.almasb.fxgl.audio.Music@1323cb83
17:54:37.827 [JavaFX Application Thread] DEBUG AudioPlayer          - Playing music com.almasb.fxgl.audio.Music@381e73f7
17:54:38.834 [JavaFX Application Thread] DEBUG AudioPlayer          - Playing music com.almasb.fxgl.audio.Music@1323cb83
17:54:38.978 [JavaFX Application Thread] DEBUG AudioPlayer          - Playing music com.almasb.fxgl.audio.Music@1323cb83
17:54:39.091 [JavaFX Application Thread] DEBUG AudioPlayer          - Playing music com.almasb.fxgl.audio.Music@1323cb83
17:54:39.218 [JavaFX Application Thread] DEBUG AudioPlayer          - Playing music com.almasb.fxgl.audio.Music@1323cb83
17:54:39.347 [JavaFX Application Thread] DEBUG AudioPlayer          - Playing music com.almasb.fxgl.audio.Music@1323cb83
17:54:39.426 [JavaFX Application Thread] DEBUG AudioPlayer          - Playing music com.almasb.fxgl.audio.Music@1323cb83
17:54:39.522 [JavaFX Application Thread] DEBUG AudioPlayer          - Playing music com.almasb.fxgl.audio.Music@1323cb83
17:54:39.666 [JavaFX Application Thread] DEBUG AudioPlayer          - Playing music com.almasb.fxgl.audio.Music@1323cb83
17:54:39.795 [JavaFX Application Thread] DEBUG AudioPlayer          - Playing music com.almasb.fxgl.audio.Music@1323cb83
17:54:41.123 [JavaFX Application Thread] DEBUG AudioPlayer          - Playing music com.almasb.fxgl.audio.Music@1323cb83
17:54:41.251 [JavaFX Application Thread] DEBUG AudioPlayer          - Playing music com.almasb.fxgl.audio.Music@1323cb83
17:54:41.379 [JavaFX Application Thread] DEBUG AudioPlayer          - Playing music com.almasb.fxgl.audio.Music@1323cb83
17:54:41.506 [JavaFX Application Thread] DEBUG AudioPlayer          - Playing music com.almasb.fxgl.audio.Music@1323cb83
17:54:41.653 [JavaFX Application Thread] DEBUG AudioPlayer          - Playing music com.almasb.fxgl.audio.Music@1323cb83
17:54:41.762 [JavaFX Application Thread] DEBUG AudioPlayer          - Playing music com.almasb.fxgl.audio.Music@1323cb83
17:54:41.906 [JavaFX Application Thread] DEBUG AudioPlayer          - Playing music com.almasb.fxgl.audio.Music@1323cb83
17:54:42.035 [JavaFX Application Thread] DEBUG AudioPlayer          - Playing music com.almasb.fxgl.audio.Music@1323cb83
17:54:42.179 [JavaFX Application Thread] DEBUG AudioPlayer          - Playing music com.almasb.fxgl.audio.Music@1323cb83
17:54:42.324 [JavaFX Application Thread] DEBUG AudioPlayer          - Playing music com.almasb.fxgl.audio.Music@1323cb83
17:54:42.466 [JavaFX Application Thread] DEBUG AudioPlayer          - Playing music com.almasb.fxgl.audio.Music@1323cb83
17:54:42.611 [JavaFX Application Thread] DEBUG AudioPlayer          - Playing music com.almasb.fxgl.audio.Music@1323cb83
17:54:42.754 [JavaFX Application Thread] DEBUG AudioPlayer          - Playing music com.almasb.fxgl.audio.Music@1323cb83
17:54:42.884 [JavaFX Application Thread] DEBUG AudioPlayer          - Playing music com.almasb.fxgl.audio.Music@50da586
17:54:44.114 [JavaFX Application Thread] DEBUG AudioPlayer          - Playing music com.almasb.fxgl.audio.Music@1323cb83
17:54:44.226 [JavaFX Application Thread] DEBUG AudioPlayer          - Playing music com.almasb.fxgl.audio.Music@1323cb83
17:54:44.451 [JavaFX Application Thread] DEBUG AudioPlayer          - Playing music com.almasb.fxgl.audio.Music@1323cb83
17:54:44.676 [JavaFX Application Thread] DEBUG AudioPlayer          - Playing music com.almasb.fxgl.audio.Music@1323cb83
17:54:44.867 [JavaFX Application Thread] DEBUG AudioPlayer          - Playing music com.almasb.fxgl.audio.Music@1323cb83
17:54:45.107 [JavaFX Application Thread] DEBUG AudioPlayer          - Playing music com.almasb.fxgl.audio.Music@1323cb83
17:54:45.363 [JavaFX Application Thread] DEBUG AudioPlayer          - Playing music com.almasb.fxgl.audio.Music@1323cb83
17:54:45.571 [JavaFX Application Thread] DEBUG AudioPlayer          - Playing music com.almasb.fxgl.audio.Music@1323cb83
17:54:45.779 [JavaFX Application Thread] DEBUG AudioPlayer          - Playing music com.almasb.fxgl.audio.Music@1323cb83
17:54:46.018 [JavaFX Application Thread] DEBUG AudioPlayer          - Playing music com.almasb.fxgl.audio.Music@1323cb83
17:54:46.162 [JavaFX Application Thread] DEBUG AudioPlayer          - Playing music com.almasb.fxgl.audio.Music@1323cb83
17:54:46.275 [JavaFX Application Thread] DEBUG AudioPlayer          - Playing music com.almasb.fxgl.audio.Music@1323cb83
17:54:46.387 [JavaFX Application Thread] DEBUG AudioPlayer          - Playing music com.almasb.fxgl.audio.Music@1323cb83
17:54:46.515 [JavaFX Application Thread] DEBUG AudioPlayer          - Playing music com.almasb.fxgl.audio.Music@1323cb83
17:54:46.626 [JavaFX Application Thread] DEBUG AudioPlayer          - Playing music com.almasb.fxgl.audio.Music@1323cb83
17:54:46.739 [JavaFX Application Thread] DEBUG AudioPlayer          - Playing music com.almasb.fxgl.audio.Music@1323cb83
17:54:46.851 [JavaFX Application Thread] DEBUG AudioPlayer          - Playing music com.almasb.fxgl.audio.Music@1323cb83
17:54:46.995 [JavaFX Application Thread] DEBUG AudioPlayer          - Playing music com.almasb.fxgl.audio.Music@1323cb83
17:54:47.107 [JavaFX Application Thread] DEBUG AudioPlayer          - Playing music com.almasb.fxgl.audio.Music@1323cb83
17:54:47.251 [JavaFX Application Thread] DEBUG AudioPlayer          - Playing music com.almasb.fxgl.audio.Music@1323cb83
17:54:47.346 [JavaFX Application Thread] DEBUG AudioPlayer          - Playing music com.almasb.fxgl.audio.Music@1323cb83
17:54:47.491 [JavaFX Application Thread] DEBUG AudioPlayer          - Playing music com.almasb.fxgl.audio.Music@1323cb83
17:54:47.634 [JavaFX Application Thread] DEBUG AudioPlayer          - Playing music com.almasb.fxgl.audio.Music@1323cb83
17:54:47.780 [JavaFX Application Thread] DEBUG AudioPlayer          - Playing music com.almasb.fxgl.audio.Music@1323cb83
17:54:47.891 [JavaFX Application Thread] DEBUG AudioPlayer          - Playing music com.almasb.fxgl.audio.Music@1323cb83
17:54:48.018 [JavaFX Application Thread] DEBUG AudioPlayer          - Playing music com.almasb.fxgl.audio.Music@1323cb83
17:54:48.147 [JavaFX Application Thread] DEBUG AudioPlayer          - Playing music com.almasb.fxgl.audio.Music@1323cb83
17:54:48.275 [JavaFX Application Thread] DEBUG AudioPlayer          - Playing music com.almasb.fxgl.audio.Music@1323cb83
17:54:48.403 [JavaFX Application Thread] DEBUG AudioPlayer          - Playing music com.almasb.fxgl.audio.Music@1323cb83
17:54:48.532 [JavaFX Application Thread] DEBUG AudioPlayer          - Playing music com.almasb.fxgl.audio.Music@1323cb83
17:54:48.675 [JavaFX Application Thread] DEBUG AudioPlayer          - Playing music com.almasb.fxgl.audio.Music@1323cb83
17:54:48.788 [JavaFX Application Thread] DEBUG AudioPlayer          - Playing music com.almasb.fxgl.audio.Music@1323cb83
17:54:48.915 [JavaFX Application Thread] DEBUG AudioPlayer          - Playing music com.almasb.fxgl.audio.Music@1323cb83
17:54:52.690 [JavaFX Application Thread] DEBUG AudioPlayer          - Playing music com.almasb.fxgl.audio.Music@381e73f7
17:54:55.842 [JavaFX Application Thread] DEBUG AudioPlayer          - Playing music com.almasb.fxgl.audio.Music@381e73f7
17:54:58.851 [JavaFX Application Thread] DEBUG AudioPlayer          - Playing music com.almasb.fxgl.audio.Music@381e73f7
17:55:00.708 [JavaFX Application Thread] DEBUG AudioPlayer          - Playing music com.almasb.fxgl.audio.Music@1323cb83
17:55:01.108 [JavaFX Application Thread] DEBUG AudioPlayer          - Playing music com.almasb.fxgl.audio.Music@1323cb83
17:55:01.250 [JavaFX Application Thread] DEBUG AudioPlayer          - Playing music com.almasb.fxgl.audio.Music@1323cb83
17:55:01.395 [JavaFX Application Thread] DEBUG AudioPlayer          - Playing music com.almasb.fxgl.audio.Music@1323cb83
17:55:01.507 [JavaFX Application Thread] DEBUG AudioPlayer          - Playing music com.almasb.fxgl.audio.Music@1323cb83
17:55:01.651 [JavaFX Application Thread] DEBUG AudioPlayer          - Playing music com.almasb.fxgl.audio.Music@1323cb83
17:55:01.764 [JavaFX Application Thread] DEBUG AudioPlayer          - Playing music com.almasb.fxgl.audio.Music@1323cb83
17:55:01.907 [JavaFX Application Thread] DEBUG AudioPlayer          - Playing music com.almasb.fxgl.audio.Music@1323cb83
17:55:01.987 [JavaFX Application Thread] DEBUG AudioPlayer          - Playing music com.almasb.fxgl.audio.Music@381e73f7
17:55:04.147 [JavaFX Application Thread] DEBUG AudioPlayer          - Playing music com.almasb.fxgl.audio.Music@1323cb83
17:55:04.275 [JavaFX Application Thread] DEBUG AudioPlayer          - Playing music com.almasb.fxgl.audio.Music@1323cb83
17:55:04.404 [JavaFX Application Thread] DEBUG AudioPlayer          - Playing music com.almasb.fxgl.audio.Music@1323cb83
17:55:04.547 [JavaFX Application Thread] DEBUG AudioPlayer          - Playing music com.almasb.fxgl.audio.Music@1323cb83
17:55:05.107 [JavaFX Application Thread] DEBUG AudioPlayer          - Playing music com.almasb.fxgl.audio.Music@381e73f7
17:55:08.131 [JavaFX Application Thread] DEBUG AudioPlayer          - Playing music com.almasb.fxgl.audio.Music@381e73f7
17:55:09.971 [JavaFX Application Thread] DEBUG AudioPlayer          - Playing music com.almasb.fxgl.audio.Music@1323cb83
17:55:10.372 [JavaFX Application Thread] DEBUG AudioPlayer          - Playing music com.almasb.fxgl.audio.Music@1323cb83
17:55:10.499 [JavaFX Application Thread] DEBUG AudioPlayer          - Playing music com.almasb.fxgl.audio.Music@1323cb83
17:55:11.044 [JavaFX Application Thread] DEBUG AudioPlayer          - Playing music com.almasb.fxgl.audio.Music@1323cb83
17:55:11.250 [JavaFX Application Thread] DEBUG AudioPlayer          - Playing music com.almasb.fxgl.audio.Music@381e73f7
17:55:13.316 [JavaFX Application Thread] DEBUG AudioPlayer          - Playing music com.almasb.fxgl.audio.Music@1323cb83
17:55:13.540 [JavaFX Application Thread] DEBUG AudioPlayer          - Playing music com.almasb.fxgl.audio.Music@1323cb83
17:55:13.682 [JavaFX Application Thread] DEBUG AudioPlayer          - Playing music com.almasb.fxgl.audio.Music@1323cb83
17:55:13.827 [JavaFX Application Thread] DEBUG AudioPlayer          - Playing music com.almasb.fxgl.audio.Music@1323cb83
17:55:13.939 [JavaFX Application Thread] DEBUG AudioPlayer          - Playing music com.almasb.fxgl.audio.Music@1323cb83
17:55:14.067 [JavaFX Application Thread] DEBUG AudioPlayer          - Playing music com.almasb.fxgl.audio.Music@1323cb83
17:55:14.196 [JavaFX Application Thread] DEBUG AudioPlayer          - Playing music com.almasb.fxgl.audio.Music@1323cb83
17:55:14.339 [JavaFX Application Thread] DEBUG AudioPlayer          - Playing music com.almasb.fxgl.audio.Music@1323cb83
17:55:14.371 [JavaFX Application Thread] DEBUG AudioPlayer          - Playing music com.almasb.fxgl.audio.Music@381e73f7
17:55:31.939 [JavaFX Application Thread] DEBUG AudioPlayer          - Playing music com.almasb.fxgl.audio.Music@1323cb83
17:55:32.162 [JavaFX Application Thread] DEBUG AudioPlayer          - Playing music com.almasb.fxgl.audio.Music@381e73f7
17:55:35.220 [JavaFX Application Thread] DEBUG AudioPlayer          - Playing music com.almasb.fxgl.audio.Music@381e73f7
17:55:38.116 [JavaFX Application Thread] DEBUG AudioPlayer          - Playing music com.almasb.fxgl.audio.Music@1323cb83
17:55:38.307 [JavaFX Application Thread] DEBUG AudioPlayer          - Playing music com.almasb.fxgl.audio.Music@381e73f7
17:55:41.492 [JavaFX Application Thread] DEBUG AudioPlayer          - Playing music com.almasb.fxgl.audio.Music@381e73f7
17:55:43.971 [JavaFX Application Thread] DEBUG AudioPlayer          - Playing music com.almasb.fxgl.audio.Music@50da586
17:55:45.186 [JavaFX Application Thread] DEBUG AudioPlayer          - Playing music com.almasb.fxgl.audio.Music@1323cb83
17:55:45.267 [JavaFX Application Thread] DEBUG AudioPlayer          - Playing music com.almasb.fxgl.audio.Music@1323cb83
17:55:45.378 [JavaFX Application Thread] DEBUG AudioPlayer          - Playing music com.almasb.fxgl.audio.Music@1323cb83
17:55:45.556 [JavaFX Application Thread] DEBUG AudioPlayer          - Playing music com.almasb.fxgl.audio.Music@1323cb83
17:55:45.795 [JavaFX Application Thread] DEBUG AudioPlayer          - Playing music com.almasb.fxgl.audio.Music@1323cb83
17:55:45.987 [JavaFX Application Thread] DEBUG AudioPlayer          - Playing music com.almasb.fxgl.audio.Music@1323cb83
17:55:46.083 [JavaFX Application Thread] DEBUG AudioPlayer          - Playing music com.almasb.fxgl.audio.Music@1323cb83
17:55:46.194 [JavaFX Application Thread] DEBUG AudioPlayer          - Playing music com.almasb.fxgl.audio.Music@1323cb83
17:55:46.323 [JavaFX Application Thread] DEBUG AudioPlayer          - Playing music com.almasb.fxgl.audio.Music@1323cb83
17:55:46.452 [JavaFX Application Thread] DEBUG AudioPlayer          - Playing music com.almasb.fxgl.audio.Music@1323cb83
17:55:46.580 [JavaFX Application Thread] DEBUG AudioPlayer          - Playing music com.almasb.fxgl.audio.Music@1323cb83
17:55:46.674 [JavaFX Application Thread] DEBUG AudioPlayer          - Playing music com.almasb.fxgl.audio.Music@1323cb83
17:55:46.787 [JavaFX Application Thread] DEBUG AudioPlayer          - Playing music com.almasb.fxgl.audio.Music@1323cb83
17:55:46.896 [JavaFX Application Thread] DEBUG AudioPlayer          - Playing music com.almasb.fxgl.audio.Music@1323cb83
17:55:47.107 [JavaFX Application Thread] DEBUG AudioPlayer          - Playing music com.almasb.fxgl.audio.Music@1323cb83
17:55:47.250 [JavaFX Application Thread] DEBUG AudioPlayer          - Playing music com.almasb.fxgl.audio.Music@1323cb83
17:55:47.363 [JavaFX Application Thread] DEBUG AudioPlayer          - Playing music com.almasb.fxgl.audio.Music@1323cb83
17:55:47.586 [JavaFX Application Thread] DEBUG AudioPlayer          - Playing music com.almasb.fxgl.audio.Music@1323cb83
17:55:47.696 [JavaFX Application Thread] DEBUG AudioPlayer          - Playing music com.almasb.fxgl.audio.Music@1323cb83
17:55:47.891 [JavaFX Application Thread] DEBUG AudioPlayer          - Playing music com.almasb.fxgl.audio.Music@1323cb83
17:55:48.083 [JavaFX Application Thread] DEBUG AudioPlayer          - Playing music com.almasb.fxgl.audio.Music@1323cb83
17:55:48.291 [JavaFX Application Thread] DEBUG AudioPlayer          - Playing music com.almasb.fxgl.audio.Music@1323cb83
17:55:48.498 [JavaFX Application Thread] DEBUG AudioPlayer          - Playing music com.almasb.fxgl.audio.Music@1323cb83
17:55:48.738 [JavaFX Application Thread] DEBUG AudioPlayer          - Playing music com.almasb.fxgl.audio.Music@1323cb83
17:55:48.996 [JavaFX Application Thread] DEBUG AudioPlayer          - Playing music com.almasb.fxgl.audio.Music@1323cb83
17:55:49.218 [JavaFX Application Thread] DEBUG AudioPlayer          - Playing music com.almasb.fxgl.audio.Music@1323cb83
17:55:49.379 [JavaFX Application Thread] DEBUG AudioPlayer          - Playing music com.almasb.fxgl.audio.Music@1323cb83
17:55:49.491 [JavaFX Application Thread] DEBUG AudioPlayer          - Playing music com.almasb.fxgl.audio.Music@1323cb83
17:55:49.507 [JavaFX Application Thread] DEBUG AudioPlayer          - Playing music com.almasb.fxgl.audio.Music@1323cb83
17:55:49.523 [JavaFX Application Thread] DEBUG AudioPlayer          - Playing music com.almasb.fxgl.audio.Music@1323cb83
17:55:49.538 [JavaFX Application Thread] DEBUG AudioPlayer          - Playing music com.almasb.fxgl.audio.Music@1323cb83
17:55:49.555 [JavaFX Application Thread] DEBUG AudioPlayer          - Playing music com.almasb.fxgl.audio.Music@1323cb83
17:55:49.677 [JavaFX Application Thread] DEBUG AudioPlayer          - Playing music com.almasb.fxgl.audio.Music@1323cb83
17:55:49.817 [JavaFX Application Thread] DEBUG AudioPlayer          - Playing music com.almasb.fxgl.audio.Music@1323cb83
17:55:49.938 [JavaFX Application Thread] DEBUG AudioPlayer          - Playing music com.almasb.fxgl.audio.Music@1323cb83
17:55:50.786 [JavaFX Application Thread] DEBUG AudioPlayer          - Playing music com.almasb.fxgl.audio.Music@381e73f7
17:55:53.651 [JavaFX Application Thread] DEBUG AudioPlayer          - Playing music com.almasb.fxgl.audio.Music@1323cb83
17:55:53.779 [JavaFX Application Thread] DEBUG AudioPlayer          - Playing music com.almasb.fxgl.audio.Music@1323cb83
17:55:53.907 [JavaFX Application Thread] DEBUG AudioPlayer          - Playing music com.almasb.fxgl.audio.Music@1323cb83
17:55:54.035 [JavaFX Application Thread] DEBUG AudioPlayer          - Playing music com.almasb.fxgl.audio.Music@1323cb83
17:55:54.163 [JavaFX Application Thread] DEBUG AudioPlayer          - Playing music com.almasb.fxgl.audio.Music@1323cb83
17:55:54.290 [JavaFX Application Thread] DEBUG AudioPlayer          - Playing music com.almasb.fxgl.audio.Music@1323cb83
17:55:54.419 [JavaFX Application Thread] DEBUG AudioPlayer          - Playing music com.almasb.fxgl.audio.Music@1323cb83
17:55:54.547 [JavaFX Application Thread] DEBUG AudioPlayer          - Playing music com.almasb.fxgl.audio.Music@1323cb83
17:55:54.708 [JavaFX Application Thread] DEBUG AudioPlayer          - Playing music com.almasb.fxgl.audio.Music@1323cb83
17:55:54.819 [JavaFX Application Thread] DEBUG AudioPlayer          - Playing music com.almasb.fxgl.audio.Music@1323cb83
17:55:54.963 [JavaFX Application Thread] DEBUG AudioPlayer          - Playing music com.almasb.fxgl.audio.Music@1323cb83
17:55:55.091 [JavaFX Application Thread] DEBUG AudioPlayer          - Playing music com.almasb.fxgl.audio.Music@1323cb83
17:55:55.219 [JavaFX Application Thread] DEBUG AudioPlayer          - Playing music com.almasb.fxgl.audio.Music@1323cb83
17:55:55.348 [JavaFX Application Thread] DEBUG AudioPlayer          - Playing music com.almasb.fxgl.audio.Music@1323cb83
17:55:55.491 [JavaFX Application Thread] DEBUG AudioPlayer          - Playing music com.almasb.fxgl.audio.Music@1323cb83
17:55:55.619 [JavaFX Application Thread] DEBUG AudioPlayer          - Playing music com.almasb.fxgl.audio.Music@1323cb83
17:55:55.747 [JavaFX Application Thread] DEBUG AudioPlayer          - Playing music com.almasb.fxgl.audio.Music@1323cb83
17:55:55.876 [JavaFX Application Thread] DEBUG AudioPlayer          - Playing music com.almasb.fxgl.audio.Music@1323cb83
17:55:56.035 [JavaFX Application Thread] DEBUG AudioPlayer          - Playing music com.almasb.fxgl.audio.Music@1323cb83
17:55:56.163 [JavaFX Application Thread] DEBUG AudioPlayer          - Playing music com.almasb.fxgl.audio.Music@1323cb83
17:55:56.323 [JavaFX Application Thread] DEBUG AudioPlayer          - Playing music com.almasb.fxgl.audio.Music@1323cb83
17:55:56.435 [JavaFX Application Thread] DEBUG AudioPlayer          - Playing music com.almasb.fxgl.audio.Music@1323cb83
17:55:56.562 [JavaFX Application Thread] DEBUG AudioPlayer          - Playing music com.almasb.fxgl.audio.Music@1323cb83
17:55:56.691 [JavaFX Application Thread] DEBUG AudioPlayer          - Playing music com.almasb.fxgl.audio.Music@1323cb83
17:55:56.820 [JavaFX Application Thread] DEBUG AudioPlayer          - Playing music com.almasb.fxgl.audio.Music@50da586
17:55:56.821 [JavaFX Application Thread] DEBUG AudioPlayer          - Stopping music com.almasb.fxgl.audio.Music@59a678ca
17:55:56.867 [JavaFX Application Thread] DEBUG AudioPlayer          - Stopping music com.almasb.fxgl.audio.Music@46fe20e6
17:55:56.867 [JavaFX Application Thread] DEBUG AudioPlayer          - Stopping music com.almasb.fxgl.audio.Music@5319e8e4
17:55:56.867 [JavaFX Application Thread] DEBUG AudioPlayer          - Stopping music com.almasb.fxgl.audio.Music@50da586
17:55:56.867 [JavaFX Application Thread] DEBUG AudioPlayer          - Stopping music com.almasb.fxgl.audio.Music@381e73f7
17:55:56.907 [JavaFX Application Thread] DEBUG AudioPlayer          - Stopping music com.almasb.fxgl.audio.Music@1323cb83
17:55:56.907 [JavaFX Application Thread] DEBUG AudioPlayer          - Stopping music com.almasb.fxgl.audio.Music@46fe20e6
17:55:56.908 [JavaFX Application Thread] DEBUG FXGLAssetLoaderServi - Loading from file system: file:/C:/Users/ECE/IdeaProjects/LBYCPOBBulletCredits/target/classes/assets/music/victory.mp3
17:55:56.912 [JavaFX Application Thread] DEBUG AudioPlayer          - Playing music com.almasb.fxgl.audio.Music@681509f9
17:55:56.917 [JavaFX Application Thread] DEBUG AudioPlayer          - Playing music com.almasb.fxgl.audio.Music@681509f9
17:56:10.097 [JavaFX Application Thread] DEBUG FXGLApplication      - Exiting FXGL
17:56:10.097 [JavaFX Application Thread] DEBUG LoopRunner           - Stopping loop
17:56:10.098 [JavaFX Application Thread] DEBUG SystemBundleService  - Saving FXGL system data
17:56:10.099 [JavaFX Application Thread] DEBUG FileSystemAccess     - Writing to: C:\Users\ECE\IdeaProjects\LBYCPOBBulletCredits\system\fxgl.bundle
17:56:10.100 [JavaFX Application Thread] DEBUG Async                - Shutting down background threads
17:56:10.100 [JavaFX Application Thread] DEBUG PrimaryStageWindow   - Closing main window
17:56:10.118 [JavaFX Application Thread] DEBUG Logger               - Closing Logger
